DONG_CODE,GU,DONG,AREA,CAR_SHR_NUM,SAFE_DLVR_NUM,ANI_HSPT_NUM,LEISURE_NUM,KIDS_NUM,GYM_NUM,GOLF_NUM,STARBUCKS_NUM,MC_NUM,NOISE_VIBRATION_NUM,PARK_NUM,COLIVING_NUM,MZ_POP_CNT,VEGAN_CNT,교통,교육,육아,치안,건강,편의시설,km_cluster
1111051500,종로구,청운효자동,2.57,1.0,1.0,2.0,1.0,0.0,0.0,0.0,0.3333333333333333,0.0,18816.0,1.6666666666666663,0.0,3210,5.0,13.693333333333335,14.63,7.333333333333333,59.66666666666666,15.299999999999997,11.676666666666664,10
1111053000,종로구,사직동,1.23,5.0,0.0,1.0,1.0,0.0,18.0,3.0,7.333333333333333,0.0,22848.0,2.6666666666666665,1.0,2749,8.0,16.913333333333334,15.1,20.333333333333336,44.66666666666666,87.52,34.50666666666667,1
1111054000,종로구,삼청동,1.49,1.0,0.0,0.0,0.0,0.0,3.0,0.0,1.0,0.0,14112.0,1.0,0.0,684,6.0,11.65,1.5,11.0,23.0,8.58,13.88,10
1111055000,종로구,부암동,2.27,5.0,0.0,3.0,0.0,0.0,2.0,2.0,0.0,0.0,6048.0,1.0,0.0,2585,1.0,8.670000000000002,20.5,5.0,43.0,4.76,11.02,10
1111056000,종로구,평창동,8.87,0.0,0.0,0.0,0.0,0.0,5.0,5.0,1.0,0.0,4032.0,0.0,0.0,4597,2.0,34.830000000000005,19.63,10.0,22.0,18.16,11.64,9
1111057000,종로구,무악동,0.36,1.0,0.0,0.0,0.0,0.0,0.0,1.0,0.0,0.0,2016.0,0.0,0.0,1822,1.0,4.83,15.8,13.0,13.0,9.7,3.38,8
1111058000,종로구,교남동,0.35,0.0,0.0,1.0,0.0,1.0,2.0,0.0,4.0,0.0,12096.0,0.0,0.0,2843,1.0,13.39,14.2,36.0,10.0,35.8,8.02,3
1111060000,종로구,가회동,0.54,0.0,0.0,0.0,1.0,0.0,1.0,0.0,2.0,0.0,8064.0,0.0,0.0,1038,6.0,8.610000000000001,3.33,3.0,33.0,8.52,16.77,10
1111061500,종로구,종로1.2.3.4가동,2.35,18.0,0.0,0.0,4.0,1.0,10.0,5.0,13.333333333333334,1.0,56112.0,1.6666666666666663,3.0,2370,26.5,50.663333333333334,74.64999999999999,70.33333333333333,85.66666666666667,192.66,89.85166666666666,2
1111063000,종로구,종로5.6가동,0.6,0.0,0.0,0.0,0.0,0.0,0.0,0.0,0.0,0.0,10080.0,0.0,0.0,2125,1.0,12.71,6.699999999999999,53.0,40.0,111.96,17.12,4
1111064000,종로구,이화동,0.78,7.0,0.0,0.0,0.0,0.0,3.0,1.0,4.0,1.0,6048.0,2.0,0.0,3198,9.0,11.4,7.47,5.0,37.0,23.22,18.27,1
1111065000,종로구,혜화동,1.12,2.0,1.0,1.0,3.0,0.0,5.0,0.0,2.0,1.0,11088.0,0.0,0.0,8656,6.5,9.940000000000001,30.479999999999997,28.0,74.0,43.379999999999995,25.105,2
1111067000,종로구,창신1동,0.31,0.0,0.3333333333333333,0.3333333333333333,0.0,0.0,1.0,0.3333333333333333,0.0,0.3333333333333333,672.0,0.0,0.0,1586,0.6666666666666666,5.4766666666666675,4.243333333333332,9.666666666666666,13.666666666666666,20.333333333333332,5.593333333333334,4
1111068000,종로구,창신2동,0.26,0.0,0.3333333333333333,0.3333333333333333,0.0,0.0,1.0,0.3333333333333333,0.0,0.3333333333333333,672.0,0.0,0.0,2748,0.6666666666666666,2.686666666666667,4.243333333333332,9.666666666666666,13.666666666666666,20.333333333333332,5.593333333333334,4
1111069000,종로구,창신3동,0.23,0.0,0.3333333333333333,0.3333333333333333,0.0,0.0,1.0,0.3333333333333333,0.0,0.3333333333333333,672.0,0.0,0.0,1928,0.6666666666666666,3.6166666666666667,4.243333333333332,9.666666666666666,13.666666666666666,20.333333333333332,5.593333333333334,4
1111070000,종로구,숭인1동,0.23,2.0,1.0,1.0,1.5,0.0,2.5,1.0,0.5,0.0,1008.0,0.5,1.0,1681,1.5,7.630000000000001,5.6,15.5,18.5,16.66,7.395,1
1111071000,종로구,숭인2동,0.35,2.0,1.0,1.0,1.5,0.0,2.5,1.0,0.5,0.0,1008.0,0.5,0.0,4198,1.5,6.7,5.6,15.5,18.5,16.66,7.395,1
1114052000,중구,소공동,0.95,8.5,0.0,0.0,0.0,0.0,6.5,3.0,9.0,0.0,10070.0,0.0,3.0,1093,22.0,24.8,7.894999999999999,30.5,82.0,74.69,50.24,2
1114054000,중구,회현동,0.84,7.5,0.0,0.0,0.0,0.0,5.0,0.0,9.5,0.0,6890.0,2.0,1.0,1187,12.5,23.310000000000002,1.0649999999999997,38.5,97.0,76.63,50.525000000000006,1
1114055000,중구,명동,0.99,7.0,1.0,0.0,1.0,0.0,18.0,3.0,18.5,3.0,21730.0,0.5,3.0,1223,36.0,32.32,14.815,44.0,124.5,177.0,110.49999999999999,6
1114057000,중구,필동,1.14,4.5,1.0,2.0,1.0,0.0,2.5,1.0,2.5,0.0,9010.0,0.5,4.0,1961,6.5,6.640000000000001,7.614999999999999,13.5,101.0,28.15,37.92,2
1114058000,중구,장충동,1.36,2.0,1.0,0.5,0.0,0.0,0.0,0.0,1.0,0.0,2120.0,0.0,0.0,2400,2.0,9.080000000000002,2.65,4.0,59.5,7.64,9.65,10
1114059000,중구,광희동,0.74,5.5,0.0,0.5,5.0,1.0,1.0,2.0,3.5,0.0,9540.0,0.0,4.0,2609,8.0,18.21,2.5199999999999996,19.5,91.0,48.309999999999995,55.895,2
1114060500,중구,을지로동,0.6,2.0,0.0,3.0,1.0,0.0,2.0,3.0,3.0,0.0,10600.0,1.0,0.0,664,7.0,18.320000000000004,0.7,28.0,59.0,61.239999999999995,45.46,1
1114061500,중구,신당동,0.55,5.166666666666666,0.8333333333333334,1.5,0.0,0.1666666666666666,6.333333333333334,1.3333333333333333,2.1666666666666665,0.0,2296.6666666666665,0.0,1.0,3604,0.8333333333333334,17.950000000000003,12.879999999999999,31.16666666666666,78.33333333333333,45.18333333333333,23.099999999999998,5
1114062500,중구,다산동,0.51,2.1666666666666665,0.8333333333333334,1.5,0.0,0.1666666666666666,3.333333333333333,0.3333333333333333,0.1666666666666666,0.0,176.66666666666666,0.0,0.0,4723,0.8333333333333334,3.93,12.85,24.16666666666666,54.333333333333336,27.023333333333326,14.41,4
1114063500,중구,약수동,0.48,2.1666666666666665,0.8333333333333334,1.5,0.0,0.1666666666666666,3.333333333333333,0.3333333333333333,0.1666666666666666,0.0,176.66666666666666,0.0,0.0,4376,0.8333333333333334,5.79,12.85,24.16666666666666,54.333333333333336,27.023333333333326,14.41,4
1114064500,중구,청구동,0.34,2.1666666666666665,0.8333333333333334,1.5,0.0,0.1666666666666666,3.333333333333333,0.3333333333333333,0.1666666666666666,0.0,176.66666666666666,0.0,0.0,4094,0.8333333333333334,2.0700000000000003,12.85,24.16666666666666,54.333333333333336,27.023333333333326,14.41,4
1114065000,중구,신당5동,0.39,2.1666666666666665,0.8333333333333334,1.5,0.0,0.1666666666666666,3.333333333333333,0.3333333333333333,0.1666666666666666,0.0,176.66666666666666,0.0,0.0,3531,0.8333333333333334,4.86,12.85,24.16666666666666,54.333333333333336,27.023333333333326,14.41,4
1114066500,중구,동화동,0.26,2.1666666666666665,0.8333333333333334,1.5,0.0,0.1666666666666666,3.333333333333333,0.3333333333333333,0.1666666666666666,0.0,176.66666666666666,0.0,0.0,2712,0.8333333333333334,2.0700000000000003,12.85,24.16666666666666,54.333333333333336,27.023333333333326,14.41,5
1114067000,중구,황학동,0.33,2.0,0.0,3.0,4.0,1.0,6.0,3.0,1.0,0.0,1060.0,0.0,0.0,5397,2.0,5.64,2.0999999999999996,27.0,60.0,31.619999999999997,13.91,7
1114068000,중구,중림동,0.48,4.0,0.0,1.0,0.0,0.0,2.0,0.0,0.0,0.0,4240.0,1.0,0.0,3607,2.0,6.99,10.299999999999999,14.0,96.0,26.799999999999997,13.829999999999998,1
1117051000,용산구,후암동,0.86,3.0,0.0,2.0,0.0,0.0,1.0,1.0,0.0,0.0,1625.0,0.0,1.0,5338,2.0,10.35,23.2,15.0,26.0,23.919999999999998,10.54,8
1117052000,용산구,용산2가동,1.96,2.0,0.0,2.0,2.0,0.0,1.0,0.0,1.0,0.0,3250.0,0.0,0.0,3895,3.0,12.52,5.5,1.0,34.0,10.58,12.55,10
1117053000,용산구,남영동,1.19,7.0,1.0,0.0,3.0,1.0,8.0,3.0,5.0,1.0,6500.0,0.0,1.0,2196,4.0,10.870000000000001,11.899999999999999,4.0,13.0,52.48,23.61,2
1117055500,용산구,청파동,0.9,7.0,1.0,1.0,0.0,0.0,4.0,3.0,3.0,0.0,6500.0,0.0,0.0,7824,6.0,14.190000000000001,11.6,1.0,35.0,25.979999999999997,24.47,2
1117056000,용산구,원효로1동,0.59,4.0,1.0,3.0,1.0,0.0,6.0,3.0,1.0,0.0,6500.0,0.0,1.0,6330,0.0,15.420000000000002,18.599999999999998,25.0,17.0,27.68,14.96,4
1117057000,용산구,원효로2동,0.71,2.0,0.0,2.0,0.0,0.0,1.0,3.0,0.0,0.0,8125.0,0.0,0.0,4038,0.0,9.72,20.1,11.0,24.0,8.7,11.04,8
1117058000,용산구,효창동,0.44,1.0,2.0,2.0,0.0,0.0,1.0,0.0,1.0,0.0,1625.0,1.0,0.0,3425,2.0,12.35,17.2,22.0,13.0,16.28,6.4,1
1117059000,용산구,용문동,0.28,3.0,0.0,1.0,0.0,0.0,0.0,0.0,0.0,0.0,3250.0,0.0,0.0,3762,1.0,7.5,14.7,12.0,12.0,16.16,6.77,4
1117062500,용산구,한강로동,2.9,13.0,0.0,2.0,4.0,4.0,8.0,4.0,6.0,0.0,8125.0,0.0,0.0,8937,6.0,29.7,11.33,53.0,41.0,86.97999999999999,54.32,10
1117063000,용산구,이촌1동,2.86,0.5,0.0,2.0,0.0,0.0,3.0,2.0,1.0,0.0,812.5,0.0,0.0,6072,1.5,11.06,16.349999999999998,24.5,14.5,27.65,5.475,9
1117064000,용산구,이촌2동,1.22,0.5,0.0,2.0,0.0,0.0,3.0,2.0,1.0,0.0,812.5,0.0,0.0,2228,1.5,7.340000000000001,16.349999999999998,24.5,14.5,27.65,5.475,9
1117065000,용산구,이태원1동,0.57,3.0,0.5,1.5,0.5,0.0,4.5,0.5,1.0,0.0,812.5,0.0,0.0,3061,4.5,10.91,5.315,12.5,25.5,12.809999999999999,13.27,2
1117066000,용산구,이태원2동,0.86,3.0,0.5,1.5,0.5,0.0,4.5,0.5,1.0,0.0,812.5,0.0,0.0,3753,4.5,9.98,5.315,12.5,25.5,12.809999999999999,13.27,8
1117068500,용산구,한남동,3.01,9.0,1.0,5.0,2.0,0.0,26.0,3.0,2.0,0.0,1625.0,0.0,3.0,7321,6.0,31.610000000000003,15.1,15.0,44.0,41.08,26.72,10
1117069000,용산구,서빙고동,2.8,0.0,0.0,0.0,0.0,0.0,3.0,1.0,1.0,0.0,6500.0,1.0,0.0,3446,0.0,13.51,11.67,10.0,35.0,1.94,7.98,10
1117070000,용산구,보광동,0.71,4.0,1.0,2.0,0.0,0.0,4.0,0.0,0.0,0.0,1625.0,0.0,0.0,4780,0.0,9.360000000000001,9.899999999999999,3.0,52.0,25.86,7.44,8
1120052000,성동구,왕십리2동,0.41,1.0,0.5,1.5,0.0,0.0,4.0,2.0,1.0,0.0,930.0,0.0,0.0,5448,1.0,11.9,26.315,22.5,14.5,15.78,8.61,4
1120053500,성동구,왕십리도선동,0.72,4.0,0.5,3.5,0.0,0.0,13.0,3.0,2.0,0.0,6510.0,0.0,0.0,8932,5.0,15.860000000000001,43.815,51.5,51.5,95.82,22.819999999999997,6
1120054000,성동구,마장동,1.05,5.0,0.0,1.0,0.0,0.0,2.0,4.0,0.0,0.0,1860.0,0.0,0.0,7838,0.0,21.130000000000003,20.54,20.0,92.0,28.68,8.95,8
1120055000,성동구,사근동,1.1,6.333333333333334,1.6666666666666663,2.6666666666666665,1.0,0.6666666666666666,3.6666666666666665,2.0,0.6666666666666666,0.3333333333333333,2480.0,0.0,0.0,7787,2.0,12.67,37.39999999999999,23.000000000000004,50.666666666666664,40.1,22.03333333333333,4
1120056000,성동구,행당1동,0.59,2.333333333333333,0.6666666666666666,2.6666666666666665,1.0,0.6666666666666666,3.6666666666666665,2.0,0.6666666666666666,0.3333333333333333,620.0,0.0,1.0,4676,2.0,16.21,32.3,21.0,21.666666666666668,38.16,13.623333333333333,3
1120057000,성동구,행당2동,0.42,2.333333333333333,0.6666666666666666,2.6666666666666665,1.0,0.6666666666666666,3.6666666666666665,2.0,0.6666666666666666,0.3333333333333333,620.0,0.0,0.0,6387,2.0,13.42,32.3,21.0,21.666666666666668,38.16,13.623333333333333,5
1120058000,성동구,응봉동,0.57,0.0,0.0,0.0,0.0,0.0,0.0,3.0,0.0,0.0,1860.0,0.0,0.0,3896,0.0,20.71,18.04,4.0,25.0,8.58,3.14,8
1120059000,성동구,금호1가동,0.46,0.0,0.0,0.0,0.0,0.0,3.0,2.0,0.0,0.0,1860.0,1.0,0.0,4253,2.0,16.8,32.629999999999995,30.0,17.0,20.1,6.180000000000001,1
1120061500,성동구,금호2.3가동,0.64,2.0,1.0,2.0,0.0,0.0,2.0,1.0,0.0,0.0,3720.0,1.0,0.0,6858,2.0,18.040000000000003,28.4,30.0,44.0,44.839999999999996,10.360000000000001,1
1120062000,성동구,금호4가동,0.84,3.0,0.0,3.0,0.0,0.0,3.0,2.0,1.0,0.0,1860.0,0.0,0.0,4056,0.0,15.250000000000002,24.6,24.0,33.0,35.26,7.4,4
1120064500,성동구,옥수동,1.94,3.0,0.0,4.0,0.0,0.0,11.0,3.0,1.0,0.0,1860.0,1.0,0.0,7650,4.0,28.160000000000004,45.730000000000004,48.0,15.0,45.78,10.7,8
1120065000,성동구,성수1가1동,1.97,2.5,1.0,1.5,0.0,0.5,6.5,3.5,1.0,0.0,930.0,0.5,2.0,5519,2.5,20.05,21.150000000000002,28.0,29.0,26.18,24.475,8
1120066000,성동구,성수1가2동,0.89,2.5,1.0,1.5,0.0,0.5,6.5,3.5,1.0,0.0,930.0,0.5,0.0,4420,2.5,9.82,21.150000000000002,28.0,29.0,26.18,24.475,3
1120067000,성동구,성수2가1동,1.17,3.0,1.0,1.0,1.5,0.5,9.5,4.5,2.0,0.5,930.0,0.5,0.0,4830,4.5,14.000000000000002,13.12,29.0,49.5,46.309999999999995,34.605000000000004,2
1120069000,성동구,성수2가3동,1.03,3.0,1.0,1.0,1.5,0.5,9.5,4.5,2.0,0.5,930.0,0.5,0.0,3855,4.5,8.42,13.12,29.0,49.5,46.309999999999995,34.605000000000004,2
1120072000,성동구,송정동,0.75,1.5,0.0,0.5,0.0,0.0,0.5,0.0,0.0,0.0,930.0,0.0,0.0,3460,0.0,11.34,2.9999999999999996,2.0,15.5,4.85,3.45,10
1120079000,성동구,용답동,2.31,7.5,1.0,0.5,0.0,0.0,3.5,2.0,0.0,0.0,2790.0,0.0,0.0,4503,0.0,10.15,12.5,24.0,56.5,37.29,17.82,10
1121571000,광진구,화양동,1.16,7.0,1.0,2.0,12.0,1.0,16.0,4.0,3.0,1.0,1943.0,0.0,1.0,17100,3.0,17.490000000000002,22.7,12.0,41.0,74.4,53.87,5
1121573000,광진구,군자동,0.74,3.0,0.0,2.0,2.0,1.0,13.0,3.0,2.0,0.0,1943.0,0.0,0.0,9630,2.0,21.12,23.9,48.0,48.0,49.599999999999994,21.72,5
1121574000,광진구,중곡1동,0.62,2.0,1.25,1.75,1.5,1.0,6.75,2.5,0.5,0.0,485.75,0.0,0.0,5921,1.0,8.770000000000001,26.7075,16.75,36.25,42.18,18.654999999999998,3
1121575000,광진구,중곡2동,0.55,2.0,1.25,1.75,1.5,1.0,6.75,2.5,0.5,0.0,485.75,0.0,0.0,7734,1.0,8.770000000000001,26.7075,16.75,36.25,42.18,18.654999999999998,5
1121576000,광진구,중곡3동,0.6,2.0,1.25,1.75,1.5,1.0,6.75,2.5,0.5,0.0,485.75,0.0,0.0,5347,1.0,7.840000000000001,26.7075,16.75,36.25,42.18,18.654999999999998,3
1121577000,광진구,중곡4동,2.32,2.0,1.25,1.75,1.5,1.0,6.75,2.5,0.5,0.0,485.75,0.0,0.0,8656,1.0,21.79,26.7075,16.75,36.25,42.18,18.654999999999998,8
1121578000,광진구,능동,1.1,1.0,0.0,2.0,2.0,0.0,4.0,2.0,0.0,0.0,1943.0,1.0,0.0,5045,1.0,11.73,10.229999999999999,13.0,38.0,28.619999999999997,18.880000000000003,8
1121581000,광진구,광장동,2.39,1.0,0.0,3.0,0.0,0.0,10.0,3.0,1.0,0.0,1943.0,1.0,0.0,7606,3.0,25.66,83.33999999999999,56.0,34.0,35.32,21.479999999999997,8
1121582000,광진구,자양1동,0.57,6.0,1.25,2.25,1.75,1.25,10.0,5.25,1.25,0.25,485.75,0.0,0.0,8218,1.75,10.84,39.635,26.0,40.25,49.805,22.8625,7
1121583000,광진구,자양2동,1.68,6.0,1.25,2.25,1.75,1.25,10.0,5.25,1.25,0.25,485.75,0.0,0.0,7447,1.75,5.260000000000001,39.635,26.0,40.25,49.805,22.8625,8
1121584000,광진구,자양3동,1.2,6.0,1.25,2.25,1.75,1.25,10.0,5.25,1.25,0.25,485.75,0.0,0.0,7936,1.75,12.7,39.635,26.0,40.25,49.805,22.8625,3
1121584700,광진구,자양4동,1.16,6.0,1.25,2.25,1.75,1.25,10.0,5.25,1.25,0.25,485.75,0.0,0.0,7037,1.75,9.91,39.635,26.0,40.25,49.805,22.8625,3
1121585000,광진구,구의1동,0.56,3.0,1.0,1.3333333333333333,1.0,0.0,13.666666666666666,6.0,1.0,0.0,647.6666666666666,0.0,0.0,9136,2.0,8.506666666666668,60.633333333333326,37.333333333333336,52.99999999999999,49.599999999999994,28.080000000000002,6
1121586000,광진구,구의2동,1.39,3.0,1.0,1.3333333333333333,1.0,0.0,13.666666666666666,6.0,1.0,0.0,647.6666666666666,0.0,0.0,7592,2.0,10.366666666666667,60.633333333333326,37.333333333333336,52.99999999999999,49.599999999999994,28.080000000000002,3
1121587000,광진구,구의3동,1.02,3.0,1.0,1.3333333333333333,1.0,0.0,13.666666666666666,6.0,1.0,0.0,647.6666666666666,0.0,1.0,9124,2.0,15.946666666666667,60.633333333333326,37.333333333333336,52.99999999999999,49.599999999999994,28.080000000000002,3
1123053600,동대문구,용신동,1.61,11.0,1.0,4.0,2.0,0.0,10.0,9.0,1.0,0.0,4892.0,1.0,2.0,12757,9.0,23.3,30.6,46.0,122.0,83.16,44.56999999999999,2
1123054500,동대문구,제기동,1.18,3.0,1.0,0.0,0.0,0.0,9.0,2.0,0.0,0.0,2446.0,0.0,0.0,9232,2.0,18.970000000000002,28.270000000000003,16.0,97.0,115.24,24.91,4
1123056000,동대문구,전농1동,1.19,5.0,0.5,1.5,2.0,0.5,5.0,2.0,0.5,0.5,1223.0,0.5,0.0,8838,6.0,21.040000000000003,39.434999999999995,54.5,55.5,43.459999999999994,21.464999999999996,3
1123057000,동대문구,전농2동,0.86,5.0,0.5,1.5,2.0,0.5,5.0,2.0,0.5,0.5,1223.0,0.5,0.0,4595,6.0,8.020000000000001,39.434999999999995,54.5,55.5,43.459999999999994,21.464999999999996,3
1123060000,동대문구,답십리1동,0.81,3.5,0.5,3.0,0.5,0.5,7.0,3.0,0.5,0.0,1223.0,1.0,0.0,9479,3.0,18.93,37.035,64.0,51.0,58.559999999999995,17.545,3
1123061000,동대문구,답십리2동,0.85,3.5,0.5,3.0,0.5,0.5,7.0,3.0,0.5,0.0,1223.0,1.0,0.0,7984,3.0,13.350000000000001,37.035,64.0,51.0,58.559999999999995,17.545,3
1123065000,동대문구,장안1동,1.25,6.5,1.0,4.0,4.5,1.5,13.5,8.0,0.5,0.5,1223.0,0.0,0.0,11749,11.0,11.06,77.88499999999998,71.0,65.5,88.83,37.305,5
1123066000,동대문구,장안2동,1.09,6.5,1.0,4.0,4.5,1.5,13.5,8.0,0.5,0.5,1223.0,0.0,0.0,8823,11.0,16.64,77.88499999999998,71.0,65.5,88.83,37.305,5
1123070500,동대문구,청량리동,1.2,4.0,2.0,2.0,0.0,0.0,7.0,0.0,0.0,0.0,2446.0,0.0,0.0,4472,1.0,12.69,18.099999999999998,13.0,45.0,73.75999999999999,10.7,8
1123071000,동대문구,회기동,0.76,3.0,1.0,1.0,0.0,0.0,11.0,1.0,3.0,0.0,2446.0,0.0,1.0,6904,8.0,6.69,15.299999999999999,8.0,63.0,23.22,20.259999999999998,2
1123072000,동대문구,휘경1동,0.63,2.0,1.0,1.0,2.0,0.5,6.0,3.0,0.0,0.0,1223.0,0.0,1.0,7712,4.5,8.430000000000001,19.099999999999998,34.5,52.0,25.39,14.135,3
1123073000,동대문구,휘경2동,1.05,2.0,1.0,1.0,2.0,0.5,6.0,3.0,0.0,0.0,1223.0,0.0,0.0,9022,4.5,11.22,19.099999999999998,34.5,52.0,25.39,14.135,4
1123074000,동대문구,이문1동,1.04,2.0,0.5,1.0,0.0,0.0,3.0,0.5,1.0,0.0,1223.0,0.0,0.0,9381,5.0,11.5,25.099999999999998,48.0,47.5,32.5,14.25,4
1123075000,동대문구,이문2동,0.69,2.0,0.5,1.0,0.0,0.0,3.0,0.5,1.0,0.0,1223.0,0.0,0.0,5453,5.0,6.85,25.099999999999998,48.0,47.5,32.5,14.25,4
1126052000,중랑구,면목2동,0.77,2.6666666666666665,0.6666666666666666,2.0,1.1666666666666667,0.3333333333333333,4.0,1.3333333333333333,0.1666666666666666,0.0,297.8333333333333,0.5,0.0,6598,3.5,15.63,22.089999999999996,27.333333333333332,94.83333333333334,43.096666666666664,18.286666666666665,4
1126054000,중랑구,면목4동,0.87,2.6666666666666665,0.6666666666666666,2.0,1.1666666666666667,0.3333333333333333,4.0,1.3333333333333333,0.1666666666666666,0.0,297.8333333333333,0.5,0.0,5228,3.5,7.260000000000001,22.089999999999996,27.333333333333332,94.83333333333334,43.096666666666664,18.286666666666665,4
1126055000,중랑구,면목5동,0.7,2.6666666666666665,0.6666666666666666,2.0,1.1666666666666667,0.3333333333333333,4.0,1.3333333333333333,0.1666666666666666,0.0,297.8333333333333,0.5,0.0,4469,3.5,9.120000000000001,22.089999999999996,27.333333333333332,94.83333333333334,43.096666666666664,18.286666666666665,3
1126056500,중랑구,면목본동,0.84,2.6666666666666665,0.6666666666666666,2.0,1.1666666666666667,0.3333333333333333,4.0,1.3333333333333333,0.1666666666666666,0.0,297.8333333333333,0.5,0.0,10752,3.5,10.05,22.089999999999996,27.333333333333332,94.83333333333334,43.096666666666664,18.286666666666665,4
1126057000,중랑구,면목7동,1.2,2.6666666666666665,0.6666666666666666,2.0,1.1666666666666667,0.3333333333333333,4.0,1.3333333333333333,0.1666666666666666,0.0,297.8333333333333,0.5,0.0,6381,3.5,10.05,22.089999999999996,27.333333333333332,94.83333333333334,43.096666666666664,18.286666666666665,8
1126057500,중랑구,면목3.8동,1.63,2.6666666666666665,0.6666666666666666,2.0,1.1666666666666667,0.3333333333333333,4.0,1.3333333333333333,0.1666666666666666,0.0,297.8333333333333,0.5,0.0,7341,3.5,10.98,22.089999999999996,27.333333333333332,94.83333333333334,43.096666666666664,18.286666666666665,8
1126058000,중랑구,상봉1동,0.88,4.5,0.5,1.5,1.0,1.5,8.0,1.5,1.5,0.5,893.5,0.0,0.0,7035,5.0,12.31,17.134999999999998,39.0,57.5,42.839999999999996,22.514999999999997,3
1126059000,중랑구,상봉2동,0.65,4.5,0.5,1.5,1.0,1.5,8.0,1.5,1.5,0.5,893.5,0.0,0.0,8880,5.0,9.520000000000001,17.134999999999998,39.0,57.5,42.839999999999996,22.514999999999997,5
1126060000,중랑구,중화1동,0.64,2.5,0.5,2.5,1.0,0.5,3.5,1.5,0.5,0.0,893.5,0.0,0.0,5970,5.0,8.280000000000001,18.02,21.5,74.0,40.58,19.744999999999997,4
1126061000,중랑구,중화2동,1.01,2.5,0.5,2.5,1.0,0.5,3.5,1.5,0.5,0.0,893.5,0.0,0.0,7458,5.0,13.86,18.02,21.5,74.0,40.58,19.744999999999997,4
1126062000,중랑구,묵1동,1.2,3.5,0.0,1.5,0.0,1.0,3.5,2.0,0.5,0.0,893.5,0.5,0.0,9645,3.5,16.580000000000002,25.935,43.0,61.0,37.64,15.514999999999999,4
1126063000,중랑구,묵2동,0.67,3.5,0.0,1.5,0.0,1.0,3.5,2.0,0.5,0.0,893.5,0.5,0.0,5593,3.5,8.21,25.935,43.0,61.0,37.64,15.514999999999999,3
1126065500,중랑구,망우본동,3.03,3.0,0.0,1.0,1.5,0.5,4.0,1.5,0.5,0.5,893.5,1.0,0.0,8953,8.0,29.290000000000003,27.05,50.0,77.5,56.3,24.439999999999998,8
1126066000,중랑구,망우3동,0.92,3.0,0.0,1.0,1.5,0.5,4.0,1.5,0.5,0.5,893.5,1.0,0.0,4375,8.0,5.11,27.05,50.0,77.5,56.3,24.439999999999998,3
1126068000,중랑구,신내1동,2.56,2.0,0.0,2.5,0.5,1.0,4.5,3.0,0.5,0.5,893.5,0.0,0.0,9489,5.5,27.550000000000004,63.14999999999999,85.5,46.0,44.459999999999994,16.095,8
1126069000,중랑구,신내2동,0.93,2.0,0.0,2.5,0.5,1.0,4.5,3.0,0.5,0.5,893.5,0.0,0.0,5262,5.5,9.88,63.14999999999999,85.5,46.0,44.459999999999994,16.095,3
1129052500,성북구,성북동,2.86,1.0,0.0,2.0,0.0,0.0,6.0,1.0,1.0,1.0,7132.0,0.0,0.0,5391,2.0,21.240000000000002,36.44,3.0,139.0,37.019999999999996,19.55,10
1129055500,성북구,삼선동,0.92,7.666666666666667,0.0,2.1666666666666665,2.0,0.1666666666666666,6.5,1.8333333333333333,1.1666666666666667,0.0,14561.166666666666,0.3333333333333333,0.0,7839,2.0,25.53,64.38499999999999,30.833333333333336,118.83333333333336,66.30999999999999,25.451666666666668,2
1129057500,성북구,동선동,0.73,5.666666666666667,0.0,3.1666666666666665,6.0,2.1666666666666665,11.5,1.8333333333333333,2.1666666666666665,0.0,12778.166666666666,0.3333333333333333,0.0,7552,7.0,11.71,77.21499999999997,10.833333333333332,96.83333333333336,79.53,28.901666666666667,7
1129058000,성북구,돈암1동,0.49,0.6666666666666666,0.0,0.1666666666666666,0.0,0.1666666666666666,0.5,0.8333333333333334,0.1666666666666666,0.0,297.1666666666667,0.3333333333333333,0.0,3923,0.0,10.280000000000001,11.984999999999998,3.833333333333333,8.833333333333332,5.25,1.4316666666666666,8
1129059000,성북구,돈암2동,0.48,0.6666666666666666,0.0,0.1666666666666666,0.0,0.1666666666666666,0.5,0.8333333333333334,0.1666666666666666,0.0,297.1666666666667,0.3333333333333333,0.0,5782,0.0,11.21,11.984999999999998,3.833333333333333,8.833333333333332,5.25,1.4316666666666666,8
1129060000,성북구,안암동,1.33,3.0,1.0,0.0,1.0,0.0,8.0,0.0,3.0,1.0,8915.0,0.0,0.0,8535,6.0,13.45,8.9,14.0,56.0,24.1,35.480000000000004,2
1129061000,성북구,보문동,0.56,4.0,1.0,3.0,0.0,0.0,5.0,1.0,0.0,0.0,12481.0,0.0,0.0,5391,1.0,5.840000000000001,19.0,13.0,78.0,24.799999999999997,15.670000000000002,4
1129062000,성북구,정릉1동,0.44,5.083333333333333,0.5833333333333333,2.6666666666666665,0.3333333333333333,1.0,6.0,4.0,0.8333333333333333,0.0,1337.25,0.5833333333333333,0.0,4878,2.166666666666667,12.413333333333334,75.57666666666668,49.58333333333333,113.91666666666667,54.32833333333333,25.68916666666667,7
1129063000,성북구,정릉2동,1.17,2.4166666666666665,0.25,0.6666666666666666,0.0,0.6666666666666666,3.0,3.333333333333333,0.1666666666666666,0.0,742.9166666666667,0.5833333333333333,0.0,6400,0.5,21.16,38.51,17.583333333333336,92.58333333333336,29.155,14.24916666666667,8
1129064000,성북구,정릉3동,3.71,1.75,0.25,0.5,0.0,0.5,2.5,2.5,0.0,0.0,445.75,0.25,0.0,5885,0.5,13.670000000000002,26.525,13.75,83.75,23.904999999999998,12.817499999999999,9
1129065000,성북구,정릉4동,3.13,1.75,0.25,0.5,0.0,0.5,2.5,2.5,0.0,0.0,445.75,0.25,0.0,6607,0.5,18.32,26.525,13.75,83.75,23.904999999999998,12.817499999999999,9
1129066000,성북구,길음1동,0.79,2.6666666666666665,0.3333333333333333,2.0,0.3333333333333333,0.3333333333333333,3.0,0.6666666666666666,0.6666666666666666,0.0,594.3333333333334,0.0,0.0,7611,1.6666666666666667,16.363333333333333,37.06666666666666,32.0,21.333333333333332,25.17333333333333,11.440000000000001,4
1129068500,성북구,길음2동,0.58,5.666666666666666,0.3333333333333333,3.666666666666667,1.0,1.3333333333333333,6.333333333333334,2.6666666666666665,1.3333333333333333,0.0,1188.6666666666667,0.0,0.0,4475,3.0,14.086666666666668,61.166666666666664,43.66666666666667,74.33333333333333,56.126666666666665,22.873333333333335,7
1129070500,성북구,종암동,1.46,5.0,1.0,3.0,0.0,2.0,7.0,6.0,2.0,1.0,1783.0,0.0,0.0,11833,2.0,35.71,66.07,39.0,138.0,64.12,24.25,3
1129071500,성북구,월곡1동,0.81,3.0,0.0,1.6666666666666667,0.6666666666666666,1.0,3.333333333333333,2.0,0.6666666666666666,0.0,594.3333333333334,0.0,0.0,6533,1.3333333333333333,13.533333333333335,24.099999999999998,11.666666666666668,52.99999999999999,30.953333333333333,11.433333333333335,3
1129072500,성북구,월곡2동,1.36,4.0,0.0,1.6666666666666667,2.6666666666666665,1.0,4.333333333333334,5.0,0.6666666666666666,0.0,2377.333333333333,1.0,0.0,6497,1.3333333333333333,16.453333333333333,35.36999999999999,22.666666666666668,118.99999999999999,38.53333333333333,18.833333333333332,3
1129076000,성북구,장위1동,0.7,0.3333333333333333,0.6666666666666666,1.6666666666666667,1.0,0.0,1.6666666666666667,0.3333333333333333,0.3333333333333333,0.0,594.3333333333334,0.0,0.0,6823,0.6666666666666666,26.180000000000003,17.77,21.0,117.99999999999997,20.513333333333332,11.47,4
1129077000,성북구,장위2동,0.67,0.3333333333333333,0.6666666666666666,1.6666666666666667,1.0,0.0,1.6666666666666667,0.3333333333333333,0.3333333333333333,0.0,594.3333333333334,0.0,0.0,3872,0.6666666666666666,12.23,17.77,21.0,117.99999999999997,20.513333333333332,11.47,4
1129078000,성북구,장위3동,0.65,0.3333333333333333,0.6666666666666666,1.6666666666666667,1.0,0.0,1.6666666666666667,0.3333333333333333,0.3333333333333333,0.0,594.3333333333334,0.0,0.0,4545,0.6666666666666666,13.160000000000002,17.77,21.0,117.99999999999997,20.513333333333332,11.47,4
1129081000,성북구,석관동,1.73,3.0,1.0,2.0,1.0,2.0,6.0,2.0,0.0,0.0,1783.0,0.0,0.0,10463,1.0,16.3,36.6,53.0,156.0,55.48,19.34,8
1130553400,강북구,삼양동,0.91,4.8,0.4,3.0,1.0,1.0,4.4,0.6,0.6,0.4,440.8,0.0,0.0,5985,3.8,20.794,37.94,45.4,46.6,60.27199999999999,15.505999999999998,3
1130553500,강북구,미아동,0.93,4.8,0.4,3.0,1.0,1.0,4.4,0.6,0.6,0.4,440.8,0.0,0.0,6788,3.8,50.554,37.94,45.4,46.6,60.27199999999999,15.505999999999998,3
1130554500,강북구,송중동,1.01,4.8,0.4,3.0,1.0,1.0,4.4,0.6,0.6,0.4,440.8,0.0,0.0,8372,3.8,29.164,37.94,45.4,46.6,60.27199999999999,15.505999999999998,3
1130555500,강북구,송천동,0.9,4.8,0.4,3.0,1.0,1.0,4.4,0.6,0.6,0.4,440.8,0.0,0.0,6730,3.8,9.634,37.94,45.4,46.6,60.27199999999999,15.505999999999998,3
1130557500,강북구,삼각산동,0.62,4.8,0.4,3.0,1.0,1.0,4.4,0.6,0.6,0.4,440.8,0.0,0.0,6922,3.8,13.354,37.94,45.4,46.6,60.27199999999999,15.505999999999998,5
1130559500,강북구,번1동,0.66,1.3333333333333333,0.6666666666666666,1.0,1.0,0.3333333333333333,2.333333333333333,2.0,0.3333333333333333,0.6666666666666666,734.6666666666666,0.6666666666666666,0.0,5984,3.333333333333333,13.46,17.013333333333332,14.333333333333332,36.33333333333333,33.79333333333333,10.986666666666665,3
1130560300,강북구,번2동,0.95,1.3333333333333333,0.6666666666666666,1.0,1.0,0.3333333333333333,2.333333333333333,2.0,0.3333333333333333,0.6666666666666666,734.6666666666666,0.6666666666666666,0.0,3881,3.333333333333333,20.900000000000002,17.013333333333332,14.333333333333332,36.33333333333333,33.79333333333333,10.986666666666665,3
1130560800,강북구,번3동,1.1,1.3333333333333333,0.6666666666666666,1.0,1.0,0.3333333333333333,2.333333333333333,2.0,0.3333333333333333,0.6666666666666666,734.6666666666666,0.6666666666666666,0.0,3482,3.333333333333333,20.900000000000002,17.013333333333332,14.333333333333332,36.33333333333333,33.79333333333333,10.986666666666665,8
1130561500,강북구,수유1동,1.67,2.0,0.8,1.6,1.8,0.6,3.2,0.8,0.0,0.0,440.8,0.0,0.0,5844,5.8,23.148000000000003,17.756,9.4,40.6,38.896,14.482,8
1130562500,강북구,수유2동,0.57,2.0,0.8,1.6,1.8,0.6,3.2,0.8,0.0,0.0,440.8,0.0,0.0,5461,5.8,7.338,17.756,9.4,40.6,38.896,14.482,3
1130563500,강북구,수유3동,0.72,2.0,0.8,1.6,1.8,0.6,3.2,0.8,0.0,0.0,440.8,0.0,1.0,7697,5.8,4.548,17.756,9.4,40.6,38.896,14.482,4
1130564500,강북구,우이동,10.28,3.0,1.8,1.6,1.8,0.6,3.2,0.8,0.0,0.0,2644.8,3.0,0.0,5153,8.8,14.418,22.026,10.4,67.6,50.536,23.142,9
1130566000,강북구,인수동,3.28,2.0,0.8,1.6,1.8,0.6,3.2,0.8,0.0,0.0,440.8,0.0,0.0,7671,5.8,23.148000000000003,17.756,9.4,40.6,38.896,14.482,9
1132051100,도봉구,창1동,0.88,1.6,1.4,1.4,4.4,0.6,6.2,2.4,0.4,0.0,257.8,0.6,0.0,6526,3.2,15.134000000000002,32.0,28.4,21.599999999999998,35.86,14.578,3
1132051200,도봉구,창2동,1.05,1.6,1.4,1.4,4.4,0.6,6.2,2.4,0.4,0.0,257.8,0.6,0.0,8152,3.2,16.064,32.0,28.4,21.599999999999998,35.86,14.578,3
1132051300,도봉구,창3동,0.67,1.6,1.4,1.4,4.4,0.6,6.2,2.4,0.4,0.0,257.8,0.6,0.0,3363,3.2,11.414000000000001,32.0,28.4,21.599999999999998,35.86,14.578,3
1132051400,도봉구,창4동,0.95,1.6,1.4,1.4,4.4,0.6,6.2,2.4,0.4,0.0,257.8,0.6,0.0,6855,3.2,14.204000000000002,32.0,28.4,21.599999999999998,35.86,14.578,3
1132051500,도봉구,창5동,0.7,1.6,1.4,1.4,4.4,0.6,6.2,2.4,0.4,0.0,257.8,0.6,0.0,7066,3.2,13.274000000000001,32.0,28.4,21.599999999999998,35.86,14.578,3
1132052100,도봉구,도봉1동,8.72,1.5,1.0,2.0,0.5,0.0,3.5,3.5,0.0,0.5,644.5,0.5,0.0,4818,6.5,17.85,13.3,41.0,28.0,25.39,18.235,9
1132052200,도봉구,도봉2동,0.83,1.5,1.0,2.0,0.5,0.0,3.5,3.5,0.0,0.5,644.5,0.5,0.0,6666,6.5,28.080000000000002,13.3,41.0,28.0,25.39,18.235,4
1132066000,도봉구,쌍문1동,1.24,2.0,0.0,1.75,0.75,0.0,5.0,1.5,0.0,0.25,322.25,0.25,0.0,5638,3.75,21.63,29.7675,13.5,16.0,27.459999999999997,13.195,8
1132067000,도봉구,쌍문2동,0.54,2.0,0.0,1.75,0.75,0.0,5.0,1.5,0.0,0.25,322.25,0.25,0.0,4999,3.75,8.610000000000001,29.7675,13.5,16.0,27.459999999999997,13.195,3
1132068000,도봉구,쌍문3동,0.5,2.0,0.0,1.75,0.75,0.0,5.0,1.5,0.0,0.25,322.25,0.25,0.0,4812,3.75,10.47,29.7675,13.5,16.0,27.459999999999997,13.195,3
1132068100,도봉구,쌍문4동,0.52,2.0,0.0,1.75,0.75,0.0,5.0,1.5,0.0,0.25,322.25,0.25,0.0,4667,3.75,10.47,29.7675,13.5,16.0,27.459999999999997,13.195,3
1132069000,도봉구,방학1동,0.69,2.6666666666666665,0.6666666666666666,2.333333333333333,3.0,0.6666666666666666,6.333333333333333,3.333333333333333,0.3333333333333333,0.0,429.6666666666667,0.3333333333333333,0.0,7293,4.666666666666667,15.633333333333335,27.113333333333333,31.666666666666668,26.333333333333336,42.86,18.246666666666663,3
1132070000,도봉구,방학2동,0.74,2.6666666666666665,0.6666666666666666,2.333333333333333,3.0,0.6666666666666666,6.333333333333333,3.333333333333333,0.3333333333333333,0.0,429.6666666666667,0.3333333333333333,0.0,4767,4.666666666666667,10.053333333333335,27.113333333333333,31.666666666666668,26.333333333333336,42.86,18.246666666666663,3
1132071000,도봉구,방학3동,2.62,2.6666666666666665,0.6666666666666666,2.333333333333333,3.0,0.6666666666666666,6.333333333333333,3.333333333333333,0.3333333333333333,0.0,429.6666666666667,0.3333333333333333,0.0,6248,4.666666666666667,15.633333333333335,27.113333333333333,31.666666666666668,26.333333333333336,42.86,18.246666666666663,9
1135056000,노원구,월계1동,1.16,3.0,0.6666666666666666,1.6666666666666667,2.0,1.3333333333333333,3.6666666666666665,2.333333333333333,1.3333333333333333,0.0,335.3333333333333,0.0,0.0,6778,2.0,20.68666666666667,22.69,36.0,45.33333333333333,32.14666666666666,13.240000000000002,3
1135057000,노원구,월계2동,1.94,3.0,0.6666666666666666,1.6666666666666667,2.0,1.3333333333333333,3.6666666666666665,2.333333333333333,1.3333333333333333,0.0,335.3333333333333,0.0,0.0,6189,2.0,23.47666666666667,22.69,36.0,45.33333333333333,32.14666666666666,13.240000000000002,8
1135058000,노원구,월계3동,1.17,3.0,0.6666666666666666,1.6666666666666667,2.0,1.3333333333333333,3.6666666666666665,2.333333333333333,1.3333333333333333,0.0,335.3333333333333,0.0,0.0,7983,2.0,15.106666666666667,22.69,36.0,45.33333333333333,32.14666666666666,13.240000000000002,3
1135059500,노원구,공릉1동,1.41,4.5,1.5,4.0,2.0,0.5,10.0,5.5,1.5,0.5,503.0,0.5,0.0,12099,4.0,19.430000000000003,54.73499999999999,64.0,46.0,73.58,38.14,3
1135060000,노원구,공릉2동,6.82,4.5,1.5,4.0,2.0,0.5,10.0,5.5,1.5,0.5,503.0,0.5,0.0,12639,4.0,27.800000000000004,54.73499999999999,64.0,46.0,73.58,38.14,9
1135061100,노원구,하계1동,1.55,2.0,0.0,0.0,0.0,0.0,1.5,3.0,0.0,0.5,503.0,0.0,0.0,7395,1.0,17.450000000000003,28.049999999999997,13.0,24.0,19.689999999999998,8.855,8
1135061200,노원구,하계2동,0.51,2.0,0.0,0.0,0.0,0.0,1.5,3.0,0.0,0.5,503.0,0.0,0.0,5417,1.0,9.080000000000002,28.049999999999997,13.0,24.0,19.689999999999998,8.855,4
1135061900,노원구,중계본동,1.97,3.0,0.0,2.5,0.75,1.5,4.5,4.25,0.25,0.25,251.5,0.25,0.0,4857,2.75,8.05,95.58749999999999,9.25,28.75,43.87,13.73,8
1135062100,노원구,중계1동,0.63,3.0,0.0,2.5,0.75,1.5,4.5,4.25,0.25,0.25,251.5,0.25,0.0,4906,2.75,10.84,95.58749999999999,9.25,28.75,43.87,13.73,5
1135062400,노원구,중계4동,1.7,3.0,0.0,2.5,0.75,1.5,4.5,4.25,0.25,0.25,251.5,0.25,0.0,4374,2.75,5.260000000000001,95.58749999999999,9.25,28.75,43.87,13.73,8
1135062500,노원구,중계2.3동,0.9,3.0,0.0,2.5,0.75,1.5,4.5,4.25,0.25,0.25,251.5,0.25,0.0,8265,2.75,15.49,95.58749999999999,9.25,28.75,43.87,13.73,3
1135063000,노원구,상계1동,5.62,3.5,0.5,2.5,1.875,0.375,6.0,2.625,0.75,0.25,125.75,0.125,0.0,9832,2.125,16.882500000000004,40.32625,26.875,42.125,58.919999999999995,16.896250000000002,9
1135064000,노원구,상계2동,0.61,3.5,0.5,2.5,1.875,0.375,6.0,2.625,0.75,0.25,125.75,0.125,0.0,5504,2.125,18.742500000000003,40.32625,26.875,42.125,58.919999999999995,16.896250000000002,5
1135066500,노원구,상계3.4동,5.05,3.5,0.5,2.5,1.875,0.375,6.0,2.625,0.75,0.25,125.75,0.125,0.0,5968,2.125,10.3725,40.32625,26.875,42.125,58.919999999999995,16.896250000000002,9
1135067000,노원구,상계5동,1.01,3.5,0.5,2.5,1.875,0.375,6.0,2.625,0.75,0.25,125.75,0.125,0.0,5945,2.125,11.3025,40.32625,26.875,42.125,58.919999999999995,16.896250000000002,3
1135069500,노원구,상계6.7동,1.11,3.5,0.5,2.5,1.875,0.375,6.0,2.625,0.75,0.25,125.75,0.125,0.0,9267,2.125,14.092500000000001,40.32625,26.875,42.125,58.919999999999995,16.896250000000002,3
1135070000,노원구,상계8동,0.67,3.5,0.5,2.5,1.875,0.375,6.0,2.625,0.75,0.25,125.75,0.125,0.0,7407,2.125,11.3025,40.32625,26.875,42.125,58.919999999999995,16.896250000000002,5
1135071000,노원구,상계9동,0.81,3.5,0.5,2.5,1.875,0.375,6.0,2.625,0.75,0.25,125.75,0.125,0.0,5407,2.125,10.3725,40.32625,26.875,42.125,58.919999999999995,16.896250000000002,3
1135072000,노원구,상계10동,0.8,3.5,0.5,2.5,1.875,0.375,6.0,2.625,0.75,0.25,125.75,0.125,0.0,5522,2.125,5.7225,40.32625,26.875,42.125,58.919999999999995,16.896250000000002,3
1138051000,은평구,녹번동,1.79,8.0,1.0,3.0,0.0,0.0,4.0,5.0,1.0,0.0,3060.0,0.0,0.0,11054,10.0,23.990000000000002,50.199999999999996,56.0,185.0,43.08,23.59,4
1138052000,은평구,불광1동,3.13,7.5,1.0,2.5,0.5,0.0,6.5,3.5,0.5,0.0,1530.0,0.5,1.0,10546,6.5,17.87,44.655,67.5,83.5,61.29,15.66,8
1138053000,은평구,불광2동,1.38,7.5,1.0,2.5,0.5,0.0,6.5,3.5,0.5,0.0,1530.0,0.5,0.0,8085,6.5,15.080000000000002,44.655,67.5,83.5,61.29,15.66,4
1138055100,은평구,갈현1동,0.97,2.0,1.5,2.5,3.0,0.5,7.5,4.0,0.5,0.0,1530.0,0.5,0.0,6429,3.5,17.89,55.879999999999995,58.0,87.5,50.69,17.645,3
1138055200,은평구,갈현2동,0.96,2.0,1.5,2.5,3.0,0.5,7.5,4.0,0.5,0.0,1530.0,0.5,0.0,8202,3.5,17.89,55.879999999999995,58.0,87.5,50.69,17.645,3
1138056000,은평구,구산동,1.38,5.0,1.0,1.0,0.0,0.0,3.0,3.0,0.0,1.0,3060.0,1.0,0.0,8462,2.0,21.52,56.169999999999995,72.0,95.0,35.26,15.88,4
1138057000,은평구,대조동,0.85,4.0,1.0,5.0,3.0,0.0,12.0,2.0,1.0,0.0,3060.0,0.0,0.0,9196,8.0,26.36,42.160000000000004,72.0,69.0,122.58,26.259999999999998,5
1138058000,은평구,응암1동,1.2,4.333333333333333,0.3333333333333333,3.0,0.6666666666666666,1.3333333333333333,9.0,2.0,0.6666666666666666,0.3333333333333333,1020.0,0.0,0.0,10121,4.333333333333333,13.440000000000001,42.83333333333333,99.0,80.66666666666667,59.19999999999999,14.789999999999997,3
1138059000,은평구,응암2동,0.78,4.333333333333333,0.3333333333333333,3.0,0.6666666666666666,1.3333333333333333,9.0,2.0,0.6666666666666666,0.3333333333333333,1020.0,0.0,0.0,7542,4.333333333333333,16.23,42.83333333333333,99.0,80.66666666666667,59.19999999999999,14.789999999999997,5
1138060000,은평구,응암3동,0.63,4.333333333333333,0.3333333333333333,3.0,0.6666666666666666,1.3333333333333333,9.0,2.0,0.6666666666666666,0.3333333333333333,1020.0,0.0,0.0,6956,4.333333333333333,11.58,42.83333333333333,99.0,80.66666666666667,59.19999999999999,14.789999999999997,5
1138062500,은평구,역촌동,1.16,6.0,1.0,3.0,3.0,0.0,14.0,4.0,0.0,0.0,3060.0,0.0,0.0,12910,7.0,31.3,82.99999999999999,58.0,101.0,69.69999999999999,23.19,4
1138063100,은평구,신사1동,0.84,3.5,1.0,1.5,0.5,0.0,3.0,0.5,0.0,0.0,1530.0,0.5,0.0,7843,2.0,14.600000000000001,36.105000000000004,39.5,62.5,30.0,10.5,4
1138063200,은평구,신사2동,1.0,3.5,1.0,1.5,0.5,0.0,3.0,0.5,0.0,0.0,1530.0,0.5,0.0,5606,2.0,17.39,36.105000000000004,39.5,62.5,30.0,10.5,4
1138064000,은평구,증산동,0.81,5.0,1.0,3.0,1.0,0.0,3.0,5.0,0.0,0.0,3060.0,0.0,0.0,4008,1.0,10.55,31.34,38.0,62.0,28.74,6.9,4
1138065000,은평구,수색동,1.29,1.0,0.0,0.0,0.0,0.0,0.0,0.0,1.0,0.0,3060.0,0.0,0.0,3642,0.0,11.48,7.3999999999999995,33.0,25.0,10.58,5.720000000000001,10
1138069000,은평구,진관동,11.53,12.0,0.0,6.0,2.0,2.0,7.0,4.0,2.0,0.0,3060.0,3.0,0.0,13459,21.0,49.48,133.21999999999997,207.0,39.0,47.9,25.479999999999997,9
1141052000,서대문구,천연동,0.97,5.0,0.0,2.0,0.0,0.0,3.0,2.0,0.0,0.0,10735.0,1.0,0.0,4555,2.0,24.49,34.8,5.0,14.0,31.38,6.77,2
1141055500,서대문구,북아현동,0.46,2.0,1.0,1.5,0.0,0.0,0.5,0.0,0.5,0.0,1073.5,0.0,0.0,5099,0.5,14.040000000000001,17.65,35.0,14.5,16.84,9.035,4
1141056500,서대문구,충현동,1.12,9.0,1.0,1.5,0.0,0.0,3.5,4.0,3.5,0.0,9661.5,0.0,0.0,6898,3.5,26.81,26.25,35.0,31.5,47.28,30.785,2
1141058500,서대문구,신촌동,2.63,20.0,1.0,0.0,8.0,2.0,11.0,0.0,11.0,1.0,10735.0,0.0,1.0,14869,21.0,18.700000000000003,55.199999999999996,4.0,60.0,92.91999999999999,76.99000000000001,2
1141061500,서대문구,연희동,3.05,4.0,1.0,4.0,0.0,0.0,11.0,1.0,2.0,0.0,2147.0,1.0,0.0,14481,25.0,36.120000000000005,46.809999999999995,14.0,59.0,53.48,47.050000000000004,8
1141062000,서대문구,홍제1동,1.23,2.6666666666666665,0.6666666666666666,1.0,0.0,0.0,3.333333333333333,1.3333333333333333,0.3333333333333333,0.3333333333333333,715.6666666666666,0.3333333333333333,0.0,6440,6.666666666666667,14.736666666666666,32.989999999999995,30.333333333333336,25.333333333333332,42.60666666666667,12.559999999999999,8
1141064000,서대문구,홍제3동,0.81,2.6666666666666665,0.6666666666666666,1.0,0.0,0.0,3.333333333333333,1.3333333333333333,0.3333333333333333,0.3333333333333333,715.6666666666666,0.3333333333333333,0.0,4005,6.666666666666667,23.10666666666667,32.989999999999995,30.333333333333336,25.333333333333332,42.60666666666667,12.559999999999999,4
1141065500,서대문구,홍제2동,1.05,2.6666666666666665,0.6666666666666666,1.0,0.0,0.0,3.333333333333333,1.3333333333333333,0.3333333333333333,0.3333333333333333,715.6666666666666,0.3333333333333333,0.0,3629,6.666666666666667,4.506666666666667,32.989999999999995,30.333333333333336,25.333333333333332,42.60666666666667,12.559999999999999,8
1141066000,서대문구,홍은1동,1.58,4.0,1.5,1.0,1.5,0.0,3.0,3.0,0.0,0.0,1073.5,0.5,0.0,5931,7.5,16.14,40.32,32.5,34.5,23.04,21.314999999999998,8
1141068500,서대문구,홍은2동,2.06,4.0,1.5,1.0,1.5,0.0,3.0,3.0,0.0,0.0,1073.5,0.5,0.0,8027,7.5,32.88,40.32,32.5,34.5,23.04,21.314999999999998,8
1141069000,서대문구,남가좌1동,0.51,5.0,2.0,2.5,2.0,0.5,4.0,0.5,1.0,0.5,1073.5,0.0,0.0,3737,5.5,8.360000000000001,34.73499999999999,50.5,17.5,45.809999999999995,18.910000000000004,5
1141070000,서대문구,남가좌2동,0.77,5.0,2.0,2.5,2.0,0.5,4.0,0.5,1.0,0.5,1073.5,0.0,0.0,9465,5.5,13.01,34.73499999999999,50.5,17.5,45.809999999999995,18.910000000000004,3
1141071000,서대문구,북가좌1동,0.55,3.0,0.0,2.5,1.0,0.5,5.0,0.0,0.5,0.0,1073.5,0.0,0.0,4379,9.0,9.72,45.74999999999999,7.0,25.5,34.349999999999994,15.975000000000001,3
1141072000,서대문구,북가좌2동,0.84,3.0,0.0,2.5,1.0,0.5,5.0,0.0,0.5,0.0,1073.5,0.0,0.0,8856,9.0,9.72,45.74999999999999,7.0,25.5,34.349999999999994,15.975000000000001,3
1144055500,마포구,아현동,0.76,5.166666666666666,0.0,3.833333333333333,0.0,1.0,7.333333333333333,3.0,1.8333333333333333,0.0,3858.1666666666665,0.0,0.0,8046,3.8333333333333335,18.96,54.24833333333333,60.16666666666667,71.50000000000001,66.69999999999999,17.186666666666667,5
1144056500,마포구,공덕동,1.01,10.5,0.3333333333333333,4.5,0.0,1.0,12.666666666666666,5.666666666666667,3.833333333333333,0.0,7165.166666666666,0.0,0.0,12884,5.5,20.65666666666667,60.81499999999999,60.499999999999986,77.16666666666667,119.55333333333331,25.406666666666663,5
1144058500,마포구,도화동,0.62,4.333333333333334,0.3333333333333333,0.6666666666666666,0.0,0.0,3.6666666666666665,3.0,1.0,0.0,2755.833333333333,0.0,0.0,6522,1.3333333333333333,21.55,15.183333333333328,11.166666666666668,23.166666666666668,36.48333333333333,9.375,2
1144059000,마포구,용강동,0.84,7.0,0.6666666666666666,3.0,0.0,0.0,10.333333333333334,8.0,2.333333333333333,0.0,11574.5,0.0,0.0,6001,4.333333333333333,9.436666666666667,69.35,52.833333333333336,94.50000000000001,70.61,25.24833333333333,6
1144060000,마포구,대흥동,0.87,5.166666666666666,1.3333333333333333,2.333333333333333,0.5,0.0,6.333333333333333,1.6666666666666663,1.3333333333333333,0.0,4409.333333333333,0.0,1.0,7119,2.333333333333333,19.463333333333335,54.15499999999999,11.333333333333334,46.33333333333333,61.00666666666665,18.458333333333332,4
1144061000,마포구,염리동,0.44,3.6666666666666665,0.0,2.333333333333333,0.0,0.0,4.333333333333333,2.0,0.3333333333333333,0.0,2204.6666666666665,0.0,0.0,5849,2.333333333333333,10.46,28.933333333333326,36.66666666666667,42.0,31.439999999999998,11.606666666666667,5
1144063000,마포구,신수동,0.78,5.166666666666666,0.8333333333333333,1.8333333333333333,0.5,0.0,5.333333333333333,2.6666666666666665,0.8333333333333333,0.0,11023.333333333334,0.0,0.0,7080,1.8333333333333333,14.683333333333335,53.53499999999999,15.833333333333334,52.33333333333333,36.32666666666667,16.163333333333334,4
1144065500,마포구,서강동,1.45,6.0,0.0,2.0,0.0,0.0,9.5,5.0,2.0,0.0,14881.5,1.0,0.0,9698,3.0,27.410000000000004,54.99999999999999,39.0,63.0,27.619999999999997,23.36,2
1144066000,마포구,서교동,1.65,24.0,3.5,9.5,15.0,1.0,39.5,4.0,8.5,1.0,8267.5,0.0,3.0,12978,12.5,43.85,152.21999999999997,17.5,127.0,198.5,111.575,7
1144068000,마포구,합정동,1.72,5.0,0.0,2.0,0.0,0.0,11.0,1.0,2.0,0.0,3307.0,1.0,0.0,7115,7.0,20.020000000000003,22.94,33.0,58.0,39.14,27.85,8
1144069000,마포구,망원1동,1.13,6.5,0.5,2.5,0.0,0.5,4.5,0.5,0.5,0.5,1653.5,0.0,1.0,7246,4.5,12.8,28.4,15.0,46.5,39.08,20.325,2
1144070000,마포구,망원2동,0.67,6.5,0.5,2.5,0.0,0.5,4.5,0.5,0.5,0.5,1653.5,0.0,0.0,5730,4.5,17.450000000000003,28.4,15.0,46.5,39.08,20.325,2
1144071000,마포구,연남동,0.64,3.0,2.0,0.0,0.0,0.0,4.0,0.0,0.0,0.0,3307.0,0.0,2.0,6734,1.0,15.06,12.73,13.0,59.0,12.34,36.78,4
1144072000,마포구,성산1동,0.8,8.0,1.0,2.5,0.0,2.0,4.5,3.5,0.0,0.0,1653.5,0.5,2.0,6529,4.5,9.82,38.055,13.0,58.0,21.04,17.29,3
1144073000,마포구,성산2동,2.07,9.0,1.0,2.5,0.0,2.0,5.5,3.5,0.0,0.0,4960.5,0.5,0.0,13475,5.5,20.05,60.925,15.0,76.0,39.2,20.93,8
1144074000,마포구,상암동,8.4,21.0,1.0,4.0,1.0,0.0,17.0,6.0,5.0,1.0,3307.0,2.0,0.0,8239,9.0,53.830000000000005,79.0,119.0,60.0,70.46,42.16,9
1147051000,양천구,목1동,1.41,5.2,0.8,4.2,1.6,1.0,13.2,5.0,2.0,0.2,244.6,0.4,0.0,6284,4.0,10.440000000000001,150.268,51.6,35.8,68.344,21.578000000000003,3
1147052000,양천구,목2동,1.03,5.2,0.8,4.2,1.6,1.0,13.2,5.0,2.0,0.2,244.6,0.4,0.0,10185,4.0,13.23,150.268,51.6,35.8,68.344,21.578000000000003,5
1147053000,양천구,목3동,0.53,5.2,0.8,4.2,1.6,1.0,13.2,5.0,2.0,0.2,244.6,0.4,0.0,7284,4.0,9.510000000000002,150.268,51.6,35.8,68.344,21.578000000000003,7
1147054000,양천구,목4동,0.57,5.2,0.8,4.2,1.6,1.0,13.2,5.0,2.0,0.2,244.6,0.4,0.0,6827,4.0,8.580000000000002,150.268,51.6,35.8,68.344,21.578000000000003,7
1147055000,양천구,목5동,1.81,5.2,0.8,4.2,1.6,1.0,13.2,5.0,2.0,0.2,244.6,0.4,0.0,7992,4.0,20.67,150.268,51.6,35.8,68.344,21.578000000000003,3
1147056000,양천구,신월1동,0.65,2.2857142857142856,0.7142857142857143,1.7142857142857142,1.0,0.2857142857142857,1.8571428571428568,1.7142857142857142,0.2857142857142857,0.2857142857142857,174.71428571428572,0.1428571428571428,0.0,5327,1.4285714285714286,7.688571428571429,25.769999999999996,32.142857142857146,26.857142857142854,23.66,11.49142857142857,3
1147057000,양천구,신월2동,0.61,2.2857142857142856,0.7142857142857143,1.7142857142857142,1.0,0.2857142857142857,1.8571428571428568,1.7142857142857142,0.2857142857142857,0.2857142857142857,174.71428571428572,0.1428571428571428,0.0,5398,1.4285714285714286,7.688571428571429,25.769999999999996,32.142857142857146,26.857142857142854,23.66,11.49142857142857,3
1147058000,양천구,신월3동,0.87,2.2857142857142856,0.7142857142857143,1.7142857142857142,1.0,0.2857142857142857,1.8571428571428568,1.7142857142857142,0.2857142857142857,0.2857142857142857,174.71428571428572,0.1428571428571428,0.0,3966,1.4285714285714286,3.968571428571429,25.769999999999996,32.142857142857146,26.857142857142854,23.66,11.49142857142857,8
1147059000,양천구,신월4동,0.52,2.2857142857142856,0.7142857142857143,1.7142857142857142,1.0,0.2857142857142857,1.8571428571428568,1.7142857142857142,0.2857142857142857,0.2857142857142857,174.71428571428572,0.1428571428571428,0.0,4405,1.4285714285714286,5.828571428571428,25.769999999999996,32.142857142857146,26.857142857142854,23.66,11.49142857142857,3
1147060000,양천구,신월5동,0.69,2.2857142857142856,0.7142857142857143,1.7142857142857142,1.0,0.2857142857142857,1.8571428571428568,1.7142857142857142,0.2857142857142857,0.2857142857142857,174.71428571428572,0.1428571428571428,0.0,4156,1.4285714285714286,5.828571428571428,25.769999999999996,32.142857142857146,26.857142857142854,23.66,11.49142857142857,3
1147061000,양천구,신월6동,0.41,2.2857142857142856,0.7142857142857143,1.7142857142857142,1.0,0.2857142857142857,1.8571428571428568,1.7142857142857142,0.2857142857142857,0.2857142857142857,174.71428571428572,0.1428571428571428,0.0,4107,1.4285714285714286,6.758571428571429,25.769999999999996,32.142857142857146,26.857142857142854,23.66,11.49142857142857,5
1147061100,양천구,신월7동,1.19,2.2857142857142856,0.7142857142857143,1.7142857142857142,1.0,0.2857142857142857,1.8571428571428568,1.7142857142857142,0.2857142857142857,0.2857142857142857,174.71428571428572,0.1428571428571428,0.0,5098,1.4285714285714286,14.19857142857143,25.769999999999996,32.142857142857146,26.857142857142854,23.66,11.49142857142857,8
1147062000,양천구,신정1동,0.7,4.333333333333333,0.3333333333333333,2.6666666666666665,0.8333333333333334,0.6666666666666666,8.166666666666666,4.5,0.6666666666666666,0.1666666666666666,203.83333333333331,0.1666666666666666,0.0,4276,4.666666666666667,9.906666666666666,105.10333333333334,50.66666666666666,26.499999999999996,48.51,17.635,5
1147063000,양천구,신정2동,0.52,4.333333333333333,0.3333333333333333,2.6666666666666665,0.8333333333333334,0.6666666666666666,8.166666666666666,4.5,0.6666666666666666,0.1666666666666666,203.83333333333331,0.1666666666666666,0.0,4094,4.666666666666667,8.046666666666667,105.10333333333334,50.66666666666666,26.499999999999996,48.51,17.635,7
1147064000,양천구,신정3동,2.72,4.333333333333333,0.3333333333333333,2.6666666666666665,0.8333333333333334,0.6666666666666666,8.166666666666666,4.5,0.6666666666666666,0.1666666666666666,203.83333333333331,0.1666666666666666,0.0,12375,4.666666666666667,31.29666666666667,105.10333333333334,50.66666666666666,26.499999999999996,48.51,17.635,8
1147065000,양천구,신정4동,1.01,4.333333333333333,0.3333333333333333,2.6666666666666665,0.8333333333333334,0.6666666666666666,8.166666666666666,4.5,0.6666666666666666,0.1666666666666666,203.83333333333331,0.1666666666666666,0.0,10373,4.666666666666667,5.256666666666668,105.10333333333334,50.66666666666666,26.499999999999996,48.51,17.635,3
1147067000,양천구,신정6동,0.96,4.333333333333333,0.3333333333333333,2.6666666666666665,0.8333333333333334,0.6666666666666666,8.166666666666666,4.5,0.6666666666666666,0.1666666666666666,203.83333333333331,0.1666666666666666,0.0,5653,4.666666666666667,8.976666666666667,105.10333333333334,50.66666666666666,26.499999999999996,48.51,17.635,3
1147068000,양천구,신정7동,1.21,4.333333333333333,0.3333333333333333,2.6666666666666665,0.8333333333333334,0.6666666666666666,8.166666666666666,4.5,0.6666666666666666,0.1666666666666666,203.83333333333331,0.1666666666666666,0.0,6464,4.666666666666667,8.046666666666667,105.10333333333334,50.66666666666666,26.499999999999996,48.51,17.635,3
1150051000,강서구,염창동,1.74,5.75,0.0,3.75,3.25,4.25,20.0,9.25,2.0,1.0,1685.0,1.5,0.0,12834,4.5,26.905,106.5225,92.5,35.0,75.9,33.39,3
1150052000,강서구,등촌1동,0.64,5.0,0.0,1.6666666666666667,1.0,0.6666666666666666,12.333333333333334,6.333333333333333,1.6666666666666667,0.3333333333333333,449.3333333333333,0.3333333333333333,1.0,11280,4.666666666666667,13.176666666666666,48.61,56.33333333333333,28.666666666666668,49.61999999999999,24.75333333333333,7
1150053000,강서구,등촌2동,0.92,5.0,0.0,1.6666666666666667,1.0,0.6666666666666666,12.333333333333334,6.333333333333333,1.6666666666666667,0.3333333333333333,449.3333333333333,0.3333333333333333,0.0,6573,4.666666666666667,9.456666666666667,48.61,56.33333333333333,28.666666666666668,49.61999999999999,24.75333333333333,3
1150053500,강서구,등촌3동,0.79,5.0,0.0,1.6666666666666667,1.0,0.6666666666666666,12.333333333333334,6.333333333333333,1.6666666666666667,0.3333333333333333,449.3333333333333,0.3333333333333333,0.0,8422,4.666666666666667,28.98666666666667,48.61,56.33333333333333,28.666666666666668,49.61999999999999,24.75333333333333,5
1150054000,강서구,화곡1동,1.12,4.75,1.125,2.25,2.875,0.625,7.0,2.0,0.75,0.125,168.5,0.25,0.0,20429,2.75,12.675,31.662499999999998,41.875,40.75,49.3125,20.131249999999998,3
1150055000,강서구,화곡2동,0.45,4.75,1.125,2.25,2.875,0.625,7.0,2.0,0.75,0.125,168.5,0.25,0.0,5465,2.75,14.535000000000002,31.662499999999998,41.875,40.75,49.3125,20.131249999999998,7
1150056000,강서구,화곡3동,0.53,4.75,1.125,2.25,2.875,0.625,7.0,2.0,0.75,0.125,168.5,0.25,0.0,6422,2.75,4.305000000000001,31.662499999999998,41.875,40.75,49.3125,20.131249999999998,5
1150057000,강서구,화곡4동,0.82,4.75,1.125,2.25,2.875,0.625,7.0,2.0,0.75,0.125,168.5,0.25,0.0,6123,2.75,12.675,31.662499999999998,41.875,40.75,49.3125,20.131249999999998,3
1150059000,강서구,화곡본동,0.98,4.75,1.125,2.25,2.875,0.625,7.0,2.0,0.75,0.125,168.5,0.25,0.0,12546,2.75,17.325000000000003,31.662499999999998,41.875,40.75,49.3125,20.131249999999998,3
1150059100,강서구,화곡6동,1.11,4.75,1.125,2.25,2.875,0.625,7.0,2.0,0.75,0.125,168.5,0.25,0.0,8822,2.75,18.255000000000003,31.662499999999998,41.875,40.75,49.3125,20.131249999999998,3
1150059300,강서구,화곡8동,0.53,4.75,1.125,2.25,2.875,0.625,7.0,2.0,0.75,0.125,168.5,0.25,0.0,7987,2.75,13.605000000000002,31.662499999999998,41.875,40.75,49.3125,20.131249999999998,5
1150060300,강서구,가양1동,4.7,5.25,0.0,2.25,2.25,0.75,20.0,3.25,1.75,0.0,674.0,0.5,0.0,17036,4.5,35.99,49.457499999999996,87.0,33.75,63.775,37.0825,9
1150060400,강서구,가양2동,1.0,2.75,0.0,0.75,0.25,0.25,5.0,1.25,0.0,0.0,337.0,0.5,0.0,3928,0.5,6.6450000000000005,8.5825,14.5,8.0,18.6,7.24,9
1150060500,강서구,가양3동,0.5,2.75,0.0,0.75,0.25,0.25,5.0,1.25,0.0,0.0,337.0,0.5,0.0,4691,0.5,11.295,8.5825,14.5,8.0,18.6,7.24,3
1150061100,강서구,발산1동,2.94,7.0,1.0,4.5,2.5,1.5,23.0,5.0,2.75,0.0,2359.0,0.5,0.0,8679,7.0,43.865,146.82999999999998,108.0,51.75,95.685,49.122499999999995,3
1150061500,강서구,우장산동,1.36,7.25,2.125,5.25,3.375,1.625,15.0,5.0,1.75,0.125,842.5,0.75,0.0,10389,4.75,20.505000000000003,136.9175,77.375,64.75,99.82249999999999,36.651250000000005,5
1150062000,강서구,공항동,10.87,9.75,0.75,3.5,3.5,2.25,20.75,5.5,2.25,0.5,5392.0,0.5,0.0,9799,9.5,42.57,69.41499999999999,109.75,63.25,88.445,60.87,9
1150063000,강서구,방화1동,1.48,8.75,0.75,3.5,3.5,2.25,20.75,5.5,2.25,0.5,1348.0,0.5,0.0,11222,9.5,26.76,69.41499999999999,108.75,63.25,85.565,60.12,5
1150064000,강서구,방화2동,6.41,4.75,0.25,1.5,0.5,1.75,3.75,2.0,0.5,0.0,1685.0,1.5,0.0,7261,3.5,26.245,21.235,25.75,42.5,25.58,16.2825,9
1150064100,강서구,방화3동,2.55,3.75,0.25,1.5,0.5,1.75,3.75,2.0,0.5,0.0,337.0,0.5,0.0,5973,3.5,15.705000000000002,21.235,25.75,26.5,25.58,15.5325,9
1153051000,구로구,신도림동,1.47,5.0,0.0,5.0,0.0,2.0,8.0,7.0,3.0,1.0,1935.0,0.0,1.0,10498,2.0,29.51,75.09999999999998,101.0,79.0,69.4,27.79,3
1153052000,구로구,구로1동,1.02,7.8,1.2,1.4,2.0,0.4,7.8,4.0,1.2,0.2,387.0,0.0,0.0,6607,2.8,10.744000000000002,27.379999999999995,71.2,147.8,61.519999999999996,29.254000000000005,3
1153053000,구로구,구로2동,1.76,7.8,1.2,1.4,2.0,0.4,7.8,4.0,1.2,0.2,387.0,0.0,0.0,7804,2.8,22.834,27.379999999999995,71.2,147.8,61.519999999999996,29.254000000000005,4
1153054000,구로구,구로3동,1.02,7.8,1.2,1.4,2.0,0.4,7.8,4.0,1.2,0.2,387.0,0.0,0.0,9567,2.8,22.834,27.379999999999995,71.2,147.8,61.519999999999996,29.254000000000005,4
1153055000,구로구,구로4동,0.46,7.8,1.2,1.4,2.0,0.4,7.8,4.0,1.2,0.2,387.0,0.0,0.0,6501,2.8,13.534,27.379999999999995,71.2,147.8,61.519999999999996,29.254000000000005,7
1153056000,구로구,구로5동,1.03,7.8,1.2,1.4,2.0,0.4,7.8,4.0,1.2,0.2,387.0,0.0,0.0,11293,2.8,17.254,27.379999999999995,71.2,147.8,61.519999999999996,29.254000000000005,4
1153059500,구로구,가리봉동,0.4,2.0,1.0,0.0,1.0,0.0,1.0,0.0,0.0,0.0,1935.0,0.0,0.0,3732,0.0,3.7800000000000002,3.8999999999999995,11.0,209.0,18.22,8.41,4
1153072000,구로구,고척1동,1.16,3.5,1.0,2.5,0.5,1.5,6.5,7.0,0.5,0.5,967.5,0.5,0.0,6003,2.0,19.830000000000002,37.15,92.5,159.5,45.339999999999996,23.095,3
1153073000,구로구,고척2동,1.02,3.5,1.0,2.5,0.5,1.5,6.5,7.0,0.5,0.5,967.5,0.5,0.0,6634,2.0,20.76,37.15,92.5,159.5,45.339999999999996,23.095,3
1153074000,구로구,개봉1동,1.31,3.0,0.3333333333333333,2.0,1.0,0.6666666666666666,5.0,1.6666666666666667,0.0,0.0,645.0,0.3333333333333333,0.0,9706,0.3333333333333333,21.61,32.33666666666666,77.33333333333334,96.66666666666664,40.39333333333333,17.08333333333333,4
1153075000,구로구,개봉2동,0.8,3.0,0.3333333333333333,2.0,1.0,0.6666666666666666,5.0,1.6666666666666667,0.0,0.0,645.0,0.3333333333333333,0.0,8048,0.3333333333333333,16.03,32.33666666666666,77.33333333333334,96.66666666666664,40.39333333333333,17.08333333333333,4
1153076000,구로구,개봉3동,0.81,3.0,0.3333333333333333,2.0,1.0,0.6666666666666666,5.0,1.6666666666666667,0.0,0.0,645.0,0.3333333333333333,0.0,5244,0.3333333333333333,9.520000000000001,32.33666666666666,77.33333333333334,96.66666666666664,40.39333333333333,17.08333333333333,4
1153077000,구로구,오류1동,0.59,4.0,0.5,1.5,0.0,0.0,5.0,1.0,1.0,0.0,967.5,0.5,0.0,8619,0.5,9.73,23.4,48.5,145.0,35.76,17.565,4
1153078000,구로구,오류2동,3.2,7.0,0.5,2.5,0.0,0.0,7.0,1.0,1.0,0.0,2902.5,0.5,0.0,9526,1.5,28.87,57.86999999999999,78.5,168.0,50.98,22.705,8
1153079000,구로구,수궁동,2.67,3.0,2.0,1.0,0.0,1.0,2.0,1.0,0.0,0.0,3870.0,1.0,0.0,6275,0.0,28.28,23.05,17.0,135.0,18.16,20.21,10
1153080000,구로구,항동,1.4,0.0,0.0,2.0,0.0,0.0,4.0,0.0,0.0,0.0,1935.0,1.0,0.0,5119,2.0,27.87,25.7,104.0,13.0,4.76,13.24,8
1154551000,금천구,가산동,2.52,19.0,1.0,1.0,8.0,4.0,24.0,13.0,9.0,4.0,1876.0,0.0,0.0,13371,9.0,71.58000000000001,25.2,29.0,94.0,98.08,131.04,2
1154561000,금천구,독산1동,2.09,5.25,1.25,2.25,2.25,0.75,5.25,3.5,0.25,0.0,469.0,0.75,0.0,18066,0.75,40.485,26.72,48.5,135.5,42.33,24.765,8
1154562000,금천구,독산2동,0.6,5.25,1.25,2.25,2.25,0.75,5.25,3.5,0.25,0.0,469.0,0.75,0.0,5665,0.75,4.215,26.72,48.5,135.5,42.33,24.765,5
1154563000,금천구,독산3동,0.92,5.25,1.25,2.25,2.25,0.75,5.25,3.5,0.25,0.0,469.0,0.75,0.0,8206,0.75,12.584999999999999,26.72,48.5,135.5,42.33,24.765,3
1154564000,금천구,독산4동,0.59,5.25,1.25,2.25,2.25,0.75,5.25,3.5,0.25,0.0,469.0,0.75,0.0,4541,0.75,8.865,26.72,48.5,135.5,42.33,24.765,5
1154567000,금천구,시흥1동,1.71,3.2,0.8,1.4,0.4,0.0,4.6,1.2,0.4,0.2,375.2,0.2,0.0,9871,1.0,21.854,25.445999999999998,32.6,90.4,41.891999999999996,14.024,8
1154568000,금천구,시흥2동,1.26,3.2,0.8,1.4,0.4,0.0,4.6,1.2,0.4,0.2,375.2,0.2,0.0,4739,1.0,13.484,25.445999999999998,32.6,90.4,41.891999999999996,14.024,8
1154569000,금천구,시흥3동,1.07,3.2,0.8,1.4,0.4,0.0,4.6,1.2,0.4,0.2,375.2,0.2,0.0,2776,1.0,13.484,25.445999999999998,32.6,90.4,41.891999999999996,14.024,8
1154570000,금천구,시흥4동,0.87,3.2,0.8,1.4,0.4,0.0,4.6,1.2,0.4,0.2,375.2,0.2,0.0,5302,1.0,12.553999999999998,25.445999999999998,32.6,90.4,41.891999999999996,14.024,4
1154571000,금천구,시흥5동,1.39,3.2,0.8,1.4,0.4,0.0,4.6,1.2,0.4,0.2,375.2,0.2,0.0,4781,1.0,18.134,25.445999999999998,32.6,90.4,41.891999999999996,14.024,8
1156051500,영등포구,영등포본동,1.02,3.0,1.7142857142857144,2.2142857142857144,0.0,0.5,4.857142857142858,2.428571428571429,0.1428571428571428,0.1428571428571428,2098.285714285714,0.5,1.0,6455,4.642857142857142,13.4,29.82928571428571,58.57142857142858,45.64285714285714,39.01571428571428,18.63642857142857,4
1156053500,영등포구,영등포동,1.26,11.0,1.0,5.5,12.0,3.5,14.0,4.0,8.0,1.0,27744.0,1.5,1.0,15481,23.5,20.35,55.235,131.0,165.5,157.32999999999998,82.17500000000001,7
1156054000,영등포구,여의동,8.4,11.0,0.0,3.0,0.0,0.0,27.0,25.0,18.0,1.0,3264.0,2.0,0.0,8650,40.0,38.33,73.8,150.0,108.0,205.79999999999998,112.15,9
1156055000,영등포구,당산1동,0.75,6.0,1.0,1.0,3.0,0.0,8.0,4.0,1.0,0.0,9792.0,0.0,0.0,7833,19.0,15.320000000000002,21.7,33.0,33.0,43.78,35.99,5
1156056000,영등포구,당산2동,1.55,7.0,1.0,3.0,0.0,1.0,19.0,9.0,3.0,0.0,13056.0,1.0,2.0,15751,6.0,21.32,73.03999999999999,90.0,59.0,97.89999999999999,41.49,3
1156058500,영등포구,도림동,0.89,0.0,1.0,1.0,0.0,0.0,4.0,2.0,0.0,0.0,3264.0,0.0,0.0,6269,1.0,16.11,18.9,16.0,43.0,21.04,14.88,8
1156060500,영등포구,문래동,1.49,4.0,0.0,2.0,2.0,0.0,15.0,10.0,3.0,0.0,19584.0,0.0,1.0,9600,20.0,24.73,62.94,108.0,37.0,75.34,48.55,2
1156061000,영등포구,양평1동,0.88,4.0,0.0,2.0,0.0,0.0,5.5,3.0,1.0,0.5,8160.0,0.0,0.0,7697,4.0,9.070000000000002,21.465,24.5,36.0,20.509999999999998,22.520000000000003,2
1156062000,영등포구,양평2동,3.0,1.0,0.0,1.0,0.0,0.0,8.5,5.0,3.0,0.5,17952.0,0.0,0.0,9210,10.0,17.26,27.494999999999997,22.5,31.0,33.849999999999994,34.370000000000005,10
1156063000,영등포구,신길1동,0.66,2.0,0.7142857142857143,1.7142857142857142,0.0,0.0,3.857142857142857,1.4285714285714286,0.1428571428571428,0.1428571428571428,466.2857142857143,0.0,0.0,6840,1.1428571428571428,12.69,20.49428571428571,40.57142857142857,24.142857142857142,27.965714285714284,11.721428571428572,4
1156065000,영등포구,신길3동,0.52,2.0,0.7142857142857143,1.7142857142857142,0.0,0.0,3.857142857142857,1.4285714285714286,0.1428571428571428,0.1428571428571428,466.2857142857143,0.0,0.0,4862,1.1428571428571428,13.620000000000001,20.49428571428571,40.57142857142857,24.142857142857142,27.965714285714284,11.721428571428572,4
1156066000,영등포구,신길4동,0.38,2.0,0.7142857142857143,1.7142857142857142,0.0,0.0,3.857142857142857,1.4285714285714286,0.1428571428571428,0.1428571428571428,466.2857142857143,0.0,0.0,3567,1.1428571428571428,7.110000000000001,20.49428571428571,40.57142857142857,24.142857142857142,27.965714285714284,11.721428571428572,5
1156067000,영등포구,신길5동,0.47,2.75,1.2142857142857144,2.2142857142857144,0.75,0.0,5.107142857142858,3.428571428571429,0.1428571428571428,0.1428571428571428,1282.2857142857142,0.0,0.0,2964,2.392857142857143,12.16,33.29678571428571,78.82142857142858,54.39285714285714,62.92071428571428,22.58892857142857,5
1156068000,영등포구,신길6동,0.65,2.0,0.7142857142857143,1.7142857142857142,0.0,0.0,3.857142857142857,1.4285714285714286,0.1428571428571428,0.1428571428571428,466.2857142857143,0.0,0.0,6402,1.1428571428571428,15.48,20.49428571428571,40.57142857142857,24.142857142857142,27.965714285714284,11.721428571428572,4
1156069000,영등포구,신길7동,0.64,2.0,0.7142857142857143,1.7142857142857142,0.0,0.0,3.857142857142857,1.4285714285714286,0.1428571428571428,0.1428571428571428,466.2857142857143,0.0,1.0,6053,1.1428571428571428,16.41,20.49428571428571,40.57142857142857,24.142857142857142,27.965714285714284,11.721428571428572,4
1156070000,영등포구,대림1동,0.49,0.75,0.5,0.5,0.75,0.0,1.25,2.0,0.0,0.0,816.0,0.0,0.0,4494,1.25,9.700000000000001,12.8025,38.25,30.25,34.955,10.8675,4
1156071000,영등포구,대림2동,0.55,0.75,0.5,0.5,0.75,0.0,1.25,2.0,0.0,0.0,816.0,0.0,0.0,4860,1.25,6.910000000000001,12.8025,38.25,30.25,34.955,10.8675,4
1156072000,영등포구,대림3동,0.95,0.75,0.5,0.5,0.75,0.0,1.25,2.0,0.0,0.0,816.0,0.0,0.0,7072,1.25,19.0,12.8025,38.25,30.25,34.955,10.8675,8
1159051000,동작구,노량진1동,1.58,4.5,1.5,0.5,3.5,0.0,6.5,0.0,1.0,0.5,3801.0,0.5,0.0,11161,3.5,28.340000000000003,71.69999999999999,29.5,69.5,41.44,22.630000000000003,4
1159052000,동작구,노량진2동,0.64,2.5,1.5,0.5,3.5,0.0,5.5,0.0,1.0,0.5,1267.0,0.5,0.0,4264,3.5,6.76,55.49999999999999,16.5,50.5,32.739999999999995,18.11,3
1159053000,동작구,상도1동,1.51,8.25,1.25,3.25,0.5,0.25,7.75,2.5,1.75,0.25,3167.5,0.25,0.0,16715,7.75,20.295,48.894999999999996,37.5,93.0,76.56,32.515,4
1159054000,동작구,상도2동,0.98,5.25,1.25,1.25,0.5,0.25,4.75,2.5,0.75,0.25,633.5,0.25,0.0,9079,4.75,17.375000000000004,31.695,31.5,63.0,47.0,15.015,4
1159055000,동작구,상도3동,0.6,5.25,1.25,1.25,0.5,0.25,4.75,2.5,0.75,0.25,633.5,0.25,0.0,8287,4.75,19.235000000000003,31.695,31.5,63.0,47.0,15.015,5
1159056000,동작구,상도4동,0.75,5.25,1.25,1.25,0.5,0.25,4.75,2.5,0.75,0.25,633.5,0.25,0.0,9369,4.75,20.165000000000003,31.695,31.5,63.0,47.0,15.015,4
1159060500,동작구,흑석동,1.68,8.0,0.0,2.0,2.0,0.0,5.0,3.0,1.0,1.0,2534.0,0.0,0.0,10751,11.0,26.770000000000003,46.13999999999999,57.0,60.0,71.0,20.47,2
1159062000,동작구,사당1동,0.79,2.4,0.8,1.6,1.6,0.2,3.2,1.8,0.6,0.2,506.8,0.2,0.0,10092,3.4,8.584000000000001,28.948,29.8,39.199999999999996,45.824,14.092,3
1159063000,동작구,사당2동,2.75,3.4,0.8,1.6,1.6,1.2,4.2,1.8,0.6,0.2,3040.8,1.2,0.0,8145,3.4,13.434000000000001,31.848,39.8,55.199999999999996,45.824,16.602,10
1159064000,동작구,사당3동,0.92,2.4,0.8,1.6,1.6,0.2,3.2,1.8,0.6,0.2,506.8,0.2,0.0,7157,3.4,13.234,28.948,29.8,39.199999999999996,45.824,14.092,4
1159065000,동작구,사당4동,0.38,2.4,0.8,1.6,1.6,0.2,3.2,1.8,0.6,0.2,506.8,0.2,0.0,4960,3.4,3.0040000000000004,28.948,29.8,39.199999999999996,45.824,14.092,5
1159065100,동작구,사당5동,0.57,2.4,0.8,1.6,1.6,0.2,3.2,1.8,0.6,0.2,506.8,0.2,0.0,4771,3.4,15.094000000000001,28.948,29.8,39.199999999999996,45.824,14.092,3
1159066000,동작구,대방동,1.55,6.0,1.0,2.0,2.0,2.0,13.0,5.0,0.0,0.0,2534.0,1.0,0.0,11651,9.0,39.800000000000004,102.5,54.0,72.0,75.28,22.13,3
1159067000,동작구,신대방1동,0.62,4.0,0.5,0.0,0.5,0.5,6.5,5.0,0.5,0.0,1267.0,0.5,0.0,6766,4.0,6.5,33.035,32.0,43.0,41.55,17.51,3
1159068000,동작구,신대방2동,1.03,4.0,0.5,0.0,0.5,0.5,6.5,5.0,0.5,0.0,1267.0,0.5,0.0,7235,4.0,10.22,33.035,32.0,43.0,41.55,17.51,3
1162052500,관악구,보라매동,0.76,3.888888888888889,0.5555555555555556,1.6666666666666667,0.5555555555555556,0.3333333333333333,7.888888888888889,2.888888888888889,0.7777777777777778,0.0,282.44444444444446,0.0,0.0,9047,3.2222222222222223,13.666666666666668,30.787777777777777,37.66666666666667,37.22222222222222,48.92,21.003333333333334,3
1162054500,관악구,청림동,0.3,3.888888888888889,0.5555555555555556,1.6666666666666667,0.5555555555555556,0.3333333333333333,7.888888888888889,2.888888888888889,0.7777777777777778,0.0,282.44444444444446,0.0,0.0,4347,3.2222222222222223,6.226666666666667,30.787777777777777,37.66666666666667,37.22222222222222,48.92,21.003333333333334,7
1162056500,관악구,성현동,0.68,3.888888888888889,0.5555555555555556,1.6666666666666667,0.5555555555555556,0.3333333333333333,7.888888888888889,2.888888888888889,0.7777777777777778,0.0,282.44444444444446,0.0,0.0,7478,3.2222222222222223,14.596666666666668,30.787777777777777,37.66666666666667,37.22222222222222,48.92,21.003333333333334,3
1162057500,관악구,행운동,0.72,3.888888888888889,0.5555555555555556,1.6666666666666667,0.5555555555555556,0.3333333333333333,7.888888888888889,2.888888888888889,0.7777777777777778,0.0,282.44444444444446,0.0,0.0,13752,3.2222222222222223,6.226666666666667,30.787777777777777,37.66666666666667,37.22222222222222,48.92,21.003333333333334,3
1162058500,관악구,낙성대동,2.27,3.888888888888889,0.5555555555555556,1.6666666666666667,0.5555555555555556,0.3333333333333333,7.888888888888889,2.888888888888889,0.7777777777777778,0.0,282.44444444444446,0.0,0.0,9481,3.2222222222222223,13.666666666666668,30.787777777777777,37.66666666666667,37.22222222222222,48.92,21.003333333333334,9
1162059500,관악구,청룡동,1.18,3.888888888888889,0.5555555555555556,1.6666666666666667,0.5555555555555556,0.3333333333333333,7.888888888888889,2.888888888888889,0.7777777777777778,0.0,282.44444444444446,0.0,0.0,19048,3.2222222222222223,8.086666666666666,30.787777777777777,37.66666666666667,37.22222222222222,48.92,21.003333333333334,4
1162060500,관악구,은천동,0.78,3.888888888888889,0.5555555555555556,1.6666666666666667,0.5555555555555556,0.3333333333333333,7.888888888888889,2.888888888888889,0.7777777777777778,0.0,282.44444444444446,0.0,0.0,10641,3.2222222222222223,21.106666666666666,30.787777777777777,37.66666666666667,37.22222222222222,48.92,21.003333333333334,3
1162061500,관악구,중앙동,0.39,3.888888888888889,0.5555555555555556,1.6666666666666667,0.5555555555555556,0.3333333333333333,7.888888888888889,2.888888888888889,0.7777777777777778,0.0,282.44444444444446,0.0,0.0,7657,3.2222222222222223,8.086666666666666,30.787777777777777,37.66666666666667,37.22222222222222,48.92,21.003333333333334,7
1162062500,관악구,인헌동,1.08,3.888888888888889,0.5555555555555556,1.6666666666666667,0.5555555555555556,0.3333333333333333,7.888888888888889,2.888888888888889,0.7777777777777778,0.0,282.44444444444446,0.0,0.0,10980,3.2222222222222223,11.806666666666667,30.787777777777777,37.66666666666667,37.22222222222222,48.92,21.003333333333334,4
1162063000,관악구,남현동,3.27,5.0,1.0,1.0,0.0,1.0,5.0,2.0,1.0,0.0,2542.0,0.0,0.0,7680,1.0,8.49,18.599999999999998,14.0,12.0,35.26,18.229999999999997,9
1162064500,관악구,서원동,0.65,3.636363636363636,0.9090909090909092,1.181818181818182,1.0909090909090908,0.1818181818181818,6.0,1.2727272727272727,0.3636363636363636,0.0909090909090909,231.0909090909091,0.1818181818181818,0.0,11357,1.818181818181818,10.571818181818182,20.84272727272727,20.0,43.0,37.05090909090909,20.033636363636365,4
1162065500,관악구,신원동,0.55,3.636363636363636,0.9090909090909092,1.181818181818182,1.0909090909090908,0.1818181818181818,6.0,1.2727272727272727,0.3636363636363636,0.0909090909090909,231.0909090909091,0.1818181818181818,1.0,7787,1.818181818181818,5.921818181818182,20.84272727272727,20.0,43.0,37.05090909090909,20.033636363636365,3
1162066500,관악구,서림동,0.99,3.636363636363636,0.9090909090909092,1.181818181818182,1.0909090909090908,0.1818181818181818,6.0,1.2727272727272727,0.3636363636363636,0.0909090909090909,231.0909090909091,0.1818181818181818,1.0,10491,1.818181818181818,11.501818181818182,20.84272727272727,20.0,43.0,37.05090909090909,20.033636363636365,4
1162068500,관악구,신사동,0.64,3.636363636363636,0.9090909090909092,1.181818181818182,1.0909090909090908,0.1818181818181818,6.0,1.2727272727272727,0.3636363636363636,0.0909090909090909,231.0909090909091,0.1818181818181818,0.0,10398,1.818181818181818,12.431818181818182,20.84272727272727,20.0,43.0,37.05090909090909,20.033636363636365,4
1162069500,관악구,신림동,0.54,3.636363636363636,0.9090909090909092,1.181818181818182,1.0909090909090908,0.1818181818181818,6.0,1.2727272727272727,0.3636363636363636,0.0909090909090909,231.0909090909091,0.1818181818181818,0.0,14890,1.818181818181818,73.81181818181818,20.84272727272727,20.0,43.0,37.05090909090909,20.033636363636365,5
1162071500,관악구,난향동,0.8,3.636363636363636,0.9090909090909092,1.181818181818182,1.0909090909090908,0.1818181818181818,6.0,1.2727272727272727,0.3636363636363636,0.0909090909090909,231.0909090909091,0.1818181818181818,0.0,3535,1.818181818181818,8.711818181818183,20.84272727272727,20.0,43.0,37.05090909090909,20.033636363636365,4
1162072500,관악구,조원동,0.67,3.636363636363636,0.9090909090909092,1.181818181818182,1.0909090909090908,0.1818181818181818,6.0,1.2727272727272727,0.3636363636363636,0.0909090909090909,231.0909090909091,0.1818181818181818,0.0,7620,1.818181818181818,13.361818181818183,20.84272727272727,20.0,43.0,37.05090909090909,20.033636363636365,4
1162073500,관악구,대학동,8.3,3.636363636363636,0.9090909090909092,1.181818181818182,1.0909090909090908,0.1818181818181818,6.0,1.2727272727272727,0.3636363636363636,0.0909090909090909,231.0909090909091,0.1818181818181818,1.0,12007,1.818181818181818,27.311818181818182,20.84272727272727,20.0,43.0,37.05090909090909,20.033636363636365,9
1162074500,관악구,삼성동,2.66,3.636363636363636,0.9090909090909092,1.181818181818182,1.0909090909090908,0.1818181818181818,6.0,1.2727272727272727,0.3636363636363636,0.0909090909090909,231.0909090909091,0.1818181818181818,0.0,5050,1.818181818181818,15.221818181818183,20.84272727272727,20.0,43.0,37.05090909090909,20.033636363636365,9
1162076500,관악구,미성동,1.38,3.636363636363636,0.9090909090909092,1.181818181818182,1.0909090909090908,0.1818181818181818,6.0,1.2727272727272727,0.3636363636363636,0.0909090909090909,231.0909090909091,0.1818181818181818,0.0,9074,1.818181818181818,17.081818181818182,20.84272727272727,20.0,43.0,37.05090909090909,20.033636363636365,8
1162077500,관악구,난곡동,0.96,3.636363636363636,0.9090909090909092,1.181818181818182,1.0909090909090908,0.1818181818181818,6.0,1.2727272727272727,0.3636363636363636,0.0909090909090909,231.0909090909091,0.1818181818181818,0.0,7743,1.818181818181818,8.711818181818183,20.84272727272727,20.0,43.0,37.05090909090909,20.033636363636365,4
1165051000,서초구,서초1동,1.42,9.25,0.0,3.0,2.5,1.0,30.0,16.75,5.25,0.75,1046.75,0.0,3.0,6408,12.25,24.255,93.60749999999999,72.75,42.25,163.82999999999998,50.49,6
1165052000,서초구,서초2동,1.24,9.25,0.0,3.0,2.5,1.0,30.0,16.75,5.25,0.75,1046.75,0.0,2.0,8673,12.25,29.835,93.60749999999999,72.75,42.25,163.82999999999998,50.49,6
1165053000,서초구,서초3동,2.93,12.083333333333334,0.3333333333333333,5.833333333333334,3.0,1.1666666666666667,39.333333333333336,22.416666666666668,6.75,0.9166666666666666,1744.5833333333337,0.0,2.0,11154,17.916666666666668,41.62833333333334,144.05749999999995,112.25,64.58333333333334,207.08999999999997,69.5,3
1165053100,서초구,서초4동,0.88,9.25,0.0,3.0,2.5,1.0,30.0,16.75,5.25,0.75,1046.75,0.0,0.0,7031,12.25,30.765,93.60749999999999,72.75,42.25,163.82999999999998,50.49,7
1165054000,서초구,잠원동,1.76,2.5,0.0,2.5,0.5,0.0,8.0,6.5,2.5,0.0,2093.5,0.0,0.0,6856,2.0,20.92,100.91999999999999,54.0,32.0,79.67999999999999,17.944999999999997,8
1165055000,서초구,반포본동,1.01,3.0,0.5,2.75,0.0,0.5,9.75,6.0,2.25,0.0,1046.75,0.0,0.0,407,4.25,5.845000000000001,77.27749999999999,48.25,30.25,51.89,19.752499999999998,3
1165056000,서초구,반포1동,1.0,3.0,0.5,2.75,0.0,0.5,9.75,6.0,2.25,0.0,1046.75,0.0,0.0,10054,4.25,17.005000000000003,77.27749999999999,48.25,30.25,51.89,19.752499999999998,3
1165057000,서초구,반포2동,1.35,3.0,0.5,2.75,0.0,0.5,9.75,6.0,2.25,0.0,1046.75,0.0,0.0,2651,4.25,14.215,77.27749999999999,48.25,30.25,51.89,19.752499999999998,3
1165058000,서초구,반포3동,1.28,2.5,0.0,2.5,0.5,0.0,8.0,6.5,2.5,0.0,2093.5,0.0,0.0,4831,2.0,11.620000000000001,100.91999999999999,54.0,32.0,79.67999999999999,17.944999999999997,3
1165058100,서초구,반포4동,1.43,3.0,0.5,2.75,0.0,0.5,9.75,6.0,2.25,0.0,1046.75,0.0,0.0,4794,4.25,18.865000000000002,77.27749999999999,48.25,30.25,51.89,19.752499999999998,3
1165059000,서초구,방배본동,0.67,2.833333333333333,0.3333333333333333,2.833333333333333,0.5,0.1666666666666666,9.333333333333334,5.666666666666667,1.5,0.1666666666666666,697.8333333333334,0.0,0.0,4991,5.666666666666667,13.653333333333336,50.449999999999996,39.5,22.333333333333336,43.26,19.009999999999998,6
1165060000,서초구,방배1동,0.7,2.833333333333333,0.3333333333333333,2.833333333333333,0.5,0.1666666666666666,9.333333333333334,5.666666666666667,1.5,0.1666666666666666,697.8333333333334,0.0,0.0,5216,5.666666666666667,13.653333333333336,50.449999999999996,39.5,22.333333333333336,43.26,19.009999999999998,6
1165061000,서초구,방배2동,1.93,2.833333333333333,0.3333333333333333,2.833333333333333,0.5,0.1666666666666666,9.333333333333334,5.666666666666667,1.5,0.1666666666666666,697.8333333333334,0.0,0.0,5569,5.666666666666667,19.233333333333334,50.449999999999996,39.5,22.333333333333336,43.26,19.009999999999998,8
1165062000,서초구,방배3동,2.4,2.833333333333333,0.3333333333333333,2.833333333333333,0.5,0.1666666666666666,9.333333333333334,5.666666666666667,1.5,0.1666666666666666,697.8333333333334,0.0,0.0,4735,5.666666666666667,24.813333333333333,50.449999999999996,39.5,22.333333333333336,43.26,19.009999999999998,8
1165062100,서초구,방배4동,0.98,2.833333333333333,0.3333333333333333,2.833333333333333,0.5,0.1666666666666666,9.333333333333334,5.666666666666667,1.5,0.1666666666666666,697.8333333333334,0.0,0.0,6391,5.666666666666667,17.373333333333335,50.449999999999996,39.5,22.333333333333336,43.26,19.009999999999998,3
1165065100,서초구,양재1동,5.76,12.0,1.5,4.5,1.0,0.5,18.0,10.5,1.5,1.0,6280.5,2.0,0.0,11575,9.0,44.480000000000004,93.83999999999999,91.0,57.5,88.67999999999999,59.49,8
1165065200,서초구,양재2동,7.58,9.0,1.5,2.5,1.0,0.5,10.0,9.5,1.5,1.0,6280.5,2.0,0.0,7679,8.0,31.040000000000003,38.599999999999994,42.0,34.5,56.239999999999995,43.69,9
1165066000,서초구,내곡동,12.68,0.0,0.0,1.0,0.0,0.0,0.0,0.0,1.0,0.0,12561.0,2.0,0.0,4340,2.0,34.63,20.07,52.0,14.0,19.919999999999998,13.16,9
1168051000,강남구,신사동,1.89,4.0,0.5,5.0,2.0,0.0,29.5,14.5,4.0,1.0,7518.0,0.5,3.0,4405,6.5,26.07,179.05,13.5,145.0,264.53999999999996,63.269999999999996,6
1168052100,강남구,논현1동,1.25,12.0,0.5,5.5,1.0,0.0,38.5,24.0,5.0,1.0,3759.0,0.0,0.0,10224,5.0,8.340000000000002,64.13499999999999,9.0,252.5,216.22,81.405,6
1168053100,강남구,논현2동,1.47,12.0,0.5,5.5,1.0,0.0,38.5,24.0,5.0,1.0,3759.0,0.0,0.0,7852,5.0,5.550000000000001,64.13499999999999,9.0,252.5,216.22,81.405,6
1168054500,강남구,압구정동,2.53,4.0,0.5,5.0,2.0,0.0,29.5,14.5,4.0,1.0,7518.0,0.5,0.0,6050,6.5,13.98,179.05,13.5,145.0,264.53999999999996,63.269999999999996,2
1168056500,강남구,청담동,2.33,3.0,0.0,12.0,0.0,3.0,60.0,28.0,6.0,1.0,7518.0,1.0,0.0,7662,4.0,22.69,86.99999999999999,15.0,215.0,239.32,62.449999999999996,6
1168058000,강남구,삼성1동,1.94,9.5,0.0,4.0,2.0,0.0,19.0,19.5,7.5,1.0,3759.0,0.5,0.0,3689,5.5,23.64,51.26999999999999,21.0,150.5,104.77,61.92,2
1168059000,강남구,삼성2동,1.24,9.5,0.0,4.0,2.0,0.0,19.0,19.5,7.5,1.0,3759.0,0.5,1.0,8802,5.5,10.620000000000001,51.26999999999999,21.0,150.5,104.77,61.92,6
1168060000,강남구,대치1동,0.79,5.0,0.5,2.0,0.25,0.25,14.5,13.0,4.0,0.25,1879.5,0.0,0.0,3784,3.5,11.530000000000001,285.4175,22.75,92.25,83.795,34.79,6
1168061000,강남구,대치2동,2.0,5.0,0.5,2.0,0.25,0.25,14.5,13.0,4.0,0.25,1879.5,0.0,0.0,7729,3.5,18.040000000000003,285.4175,22.75,92.25,83.795,34.79,2
1168063000,강남구,대치4동,0.73,5.0,0.5,2.0,0.25,0.25,14.5,13.0,4.0,0.25,1879.5,0.0,0.0,6698,3.5,8.740000000000002,285.4175,22.75,92.25,83.795,34.79,6
1168064000,강남구,역삼1동,2.35,19.0,1.0,7.5,5.5,1.0,45.0,32.5,12.0,1.0,3759.0,0.0,3.0,18216,14.0,28.730000000000004,137.685,37.0,216.0,289.7,135.775,6
1168065000,강남구,역삼2동,1.15,19.0,1.0,7.5,5.5,1.0,45.0,32.5,12.0,1.0,3759.0,0.0,0.0,9373,14.0,16.64,137.685,37.0,216.0,289.7,135.775,7
1168065500,강남구,도곡1동,1.02,3.5,1.0,2.5,0.0,0.5,13.5,12.0,1.0,0.0,3759.0,0.5,0.0,5812,2.5,23.16,58.684999999999995,4.5,83.0,80.91999999999999,22.575,3
1168065600,강남구,도곡2동,1.02,3.5,1.0,2.5,0.0,0.5,13.5,12.0,1.0,0.0,3759.0,0.5,0.0,7094,2.5,14.790000000000001,58.684999999999995,4.5,83.0,80.91999999999999,22.575,3
1168066000,강남구,개포1동,1.27,2.75,0.0,2.0,0.25,0.0,3.0,3.5,0.25,0.0,1879.5,0.0,0.0,1342,1.5,12.92,36.44,10.75,83.0,29.794999999999998,10.962499999999999,8
1168067000,강남구,개포2동,2.51,3.5,0.25,3.0,0.25,0.25,4.75,6.75,0.25,0.0,3759.0,0.25,0.0,6801,2.25,20.095000000000002,56.8625,19.25,108.0,49.294999999999995,16.27,8
1168069000,강남구,개포4동,1.49,2.75,0.0,2.0,0.25,0.0,3.0,3.5,0.25,0.0,1879.5,0.0,0.0,6924,1.5,18.5,36.44,10.75,83.0,29.794999999999998,10.962499999999999,8
1168070000,강남구,세곡동,6.36,4.0,0.0,4.0,0.0,3.0,4.0,4.0,1.0,0.0,22554.0,1.0,0.0,11473,3.0,32.76,68.2,37.0,98.0,42.959999999999994,30.24,10
1168072000,강남구,일원본동,2.58,2.083333333333333,0.25,1.3333333333333333,0.0,0.25,3.083333333333333,5.25,0.6666666666666666,0.0,4385.5,0.5833333333333333,0.0,5212,1.0833333333333333,19.12166666666667,28.2225,15.500000000000002,49.0,37.64,12.120833333333332,10
1168073000,강남구,일원1동,0.92,2.083333333333333,0.25,1.3333333333333333,0.0,0.25,3.083333333333333,5.25,0.6666666666666666,0.0,4385.5,0.5833333333333333,0.0,4335,1.0833333333333333,9.821666666666667,28.2225,15.500000000000002,49.0,37.64,12.120833333333332,2
1168074000,강남구,일원2동,1.24,8.5,0.75,5.0,0.5,0.5,19.25,19.75,4.25,0.25,5638.5,0.25,0.0,4299,5.75,9.305000000000001,342.28,42.0,200.25,133.08999999999997,51.06,6
1168075000,강남구,수서동,1.43,1.3333333333333333,0.0,0.3333333333333333,0.0,0.0,1.3333333333333333,2.0,0.6666666666666666,0.0,2506.0,0.3333333333333333,0.0,3565,0.3333333333333333,13.806666666666667,7.8,7.0,23.999999999999993,18.14,6.813333333333333,10
1171051000,송파구,풍납1동,0.77,1.5,0.0,1.0,0.0,0.0,3.0,1.5,0.0,0.0,1049.5,0.0,0.0,3460,2.5,5.1000000000000005,34.67,23.0,13.5,38.18,8.129999999999999,8
1171052000,송파구,풍납2동,1.59,1.5,0.0,1.0,0.0,0.0,3.0,1.5,0.0,0.0,1049.5,0.0,0.0,7815,2.5,19.98,34.67,23.0,13.5,38.18,8.129999999999999,8
1171053100,송파구,거여1동,0.51,0.6666666666666666,0.6666666666666666,2.0,0.0,0.0,3.6666666666666665,1.6666666666666667,0.3333333333333333,0.0,699.6666666666666,0.0,0.0,3515,1.0,3.3833333333333333,24.656666666666666,73.0,4.333333333333333,26.68,7.039999999999999,4
1171053200,송파구,거여2동,0.53,0.6666666666666666,0.6666666666666666,2.0,0.0,0.0,3.6666666666666665,1.6666666666666667,0.3333333333333333,0.0,699.6666666666666,0.0,0.0,4853,1.0,8.963333333333335,24.656666666666666,73.0,4.333333333333333,26.68,7.039999999999999,4
1171054000,송파구,마천1동,0.58,3.5,0.5,1.0,0.5,0.0,1.0,1.5,0.5,0.0,1049.5,0.5,0.0,4426,0.0,8.24,19.65,7.0,15.0,38.73,7.565,4
1171055000,송파구,마천2동,0.89,3.5,0.5,1.0,0.5,0.0,1.0,1.5,0.5,0.0,1049.5,0.5,0.0,4519,0.0,4.5200000000000005,19.65,7.0,15.0,38.73,7.565,8
1171056100,송파구,방이1동,0.5,3.6666666666666665,0.3333333333333333,2.0,0.6666666666666666,2.0,10.333333333333334,5.666666666666667,1.3333333333333333,0.0,699.6666666666666,0.3333333333333333,0.0,4628,3.0,4.926666666666667,66.02333333333334,20.0,10.333333333333334,51.519999999999996,16.383333333333333,7
1171056200,송파구,방이2동,0.8,3.6666666666666665,0.3333333333333333,2.0,0.6666666666666666,2.0,10.333333333333334,5.666666666666667,1.3333333333333333,0.0,699.6666666666666,0.3333333333333333,0.0,11909,3.0,8.646666666666668,66.02333333333334,20.0,10.333333333333334,51.519999999999996,16.383333333333333,5
1171056600,송파구,오륜동,3.17,3.6666666666666665,0.3333333333333333,2.0,0.6666666666666666,2.0,10.333333333333334,5.666666666666667,1.3333333333333333,0.0,699.6666666666666,0.3333333333333333,0.0,3778,3.0,15.156666666666666,66.02333333333334,20.0,10.333333333333334,51.519999999999996,16.383333333333333,9
1171057000,송파구,오금동,1.65,4.0,0.0,8.0,0.0,0.0,12.0,13.0,1.0,0.0,2099.0,1.0,0.0,10755,1.0,25.1,109.41,75.0,26.0,53.48,22.159999999999997,3
1171058000,송파구,송파1동,0.79,3.0,0.5,4.5,0.0,0.0,15.5,4.5,1.0,0.5,1049.5,0.0,0.0,9812,2.0,6.780000000000001,59.315,23.0,11.5,56.269999999999996,17.794999999999998,6
1171059000,송파구,송파2동,0.53,3.0,0.5,4.5,0.0,0.0,15.5,4.5,1.0,0.5,1049.5,0.0,0.0,5387,2.0,5.85,59.315,23.0,11.5,56.269999999999996,17.794999999999998,6
1171060000,송파구,석촌동,0.95,5.0,1.0,5.0,3.0,1.0,18.0,6.0,1.0,0.0,2099.0,0.0,1.0,12372,4.0,14.200000000000001,80.19999999999999,45.0,21.0,109.78,27.549999999999997,5
1171061000,송파구,삼전동,0.95,5.0,2.0,5.0,0.0,0.0,19.0,8.0,1.0,0.0,2099.0,0.0,0.0,11743,3.0,9.600000000000001,90.79999999999998,31.0,15.0,68.64,20.36,6
1171062000,송파구,가락본동,1.13,3.0,0.3333333333333333,1.6666666666666667,0.6666666666666666,0.3333333333333333,6.666666666666667,6.333333333333333,1.3333333333333333,0.3333333333333333,699.6666666666666,0.0,0.0,8611,3.0,11.326666666666666,55.260000000000005,63.66666666666667,13.333333333333334,71.56,17.236666666666665,3
1171063100,송파구,가락1동,1.34,3.0,0.3333333333333333,1.6666666666666667,0.6666666666666666,0.3333333333333333,6.666666666666667,6.333333333333333,1.3333333333333333,0.3333333333333333,699.6666666666666,0.0,0.0,7942,3.0,9.466666666666667,55.260000000000005,63.66666666666667,13.333333333333334,71.56,17.236666666666665,3
1171063200,송파구,가락2동,0.96,3.0,0.3333333333333333,1.6666666666666667,0.6666666666666666,0.3333333333333333,6.666666666666667,6.333333333333333,1.3333333333333333,0.3333333333333333,699.6666666666666,0.0,1.0,9110,3.0,9.466666666666667,55.260000000000005,63.66666666666667,13.333333333333334,71.56,17.236666666666665,3
1171064100,송파구,문정1동,0.56,5.666666666666667,0.6666666666666666,2.6666666666666665,0.6666666666666666,0.6666666666666666,11.666666666666666,5.333333333333333,1.6666666666666667,0.0,699.6666666666666,0.3333333333333333,0.0,6579,2.333333333333333,7.383333333333334,38.93333333333332,22.666666666666668,5.333333333333333,35.593333333333334,23.189999999999998,7
1171064200,송파구,문정2동,2.2,7.666666666666667,0.6666666666666666,3.333333333333333,1.0,1.0,14.333333333333332,5.333333333333333,2.0,0.0,1399.3333333333333,0.6666666666666666,0.0,12511,3.666666666666667,15.353333333333335,69.95666666666665,70.33333333333333,9.333333333333334,49.89333333333332,28.08,8
1171064600,송파구,장지동,1.37,7.666666666666667,0.6666666666666666,3.333333333333333,1.0,1.0,14.333333333333332,5.333333333333333,2.0,0.0,1399.3333333333333,0.6666666666666666,1.0,8670,3.666666666666667,42.32333333333334,69.95666666666665,70.33333333333333,9.333333333333334,49.89333333333332,28.08,3
1171064700,송파구,위례동,2.55,2.6666666666666665,0.6666666666666666,2.6666666666666665,0.3333333333333333,0.3333333333333333,6.333333333333333,1.6666666666666667,0.6666666666666666,0.0,1399.3333333333333,0.3333333333333333,0.0,10459,2.333333333333333,3.913333333333333,55.67999999999999,120.66666666666667,8.333333333333332,40.98,11.929999999999998,9
1171065000,송파구,잠실본동,0.94,2.75,0.0,2.5,3.5,0.75,10.5,3.75,0.75,0.5,524.75,0.5,0.0,11216,2.5,10.75,52.25,9.0,12.75,70.13499999999999,13.379999999999999,3
1171067000,송파구,잠실2동,2.18,2.75,0.0,2.5,3.5,0.75,10.5,3.75,0.75,0.5,524.75,0.5,0.0,6814,2.5,7.960000000000001,52.25,9.0,12.75,70.13499999999999,13.379999999999999,9
1171068000,송파구,잠실3동,1.49,2.75,0.0,2.5,3.5,0.75,10.5,3.75,0.75,0.5,524.75,0.5,0.0,7657,2.5,20.05,52.25,9.0,12.75,70.13499999999999,13.379999999999999,3
1171069000,송파구,잠실4동,1.56,3.5,0.0,1.5,1.0,0.5,7.5,2.5,1.5,0.0,1049.5,0.0,0.0,4692,4.5,6.57,40.9,16.0,11.5,71.61,12.594999999999999,8
1171071000,송파구,잠실6동,2.79,3.5,0.0,1.5,1.0,0.5,7.5,2.5,1.5,0.0,1049.5,0.0,0.0,4116,4.5,12.15,40.9,16.0,11.5,71.61,12.594999999999999,9
1171072000,송파구,잠실7동,0.6,2.75,0.0,2.5,3.5,0.75,10.5,3.75,0.75,0.5,524.75,0.5,0.0,2164,2.5,3.3100000000000005,52.25,9.0,12.75,70.13499999999999,13.379999999999999,6
1174051500,강동구,강일동,2.26,10.0,0.0,2.0,0.0,0.0,3.0,1.0,1.0,0.0,4327.0,0.0,0.0,8310,2.0,38.1,61.85,79.0,17.0,38.14,18.08,8
1174052500,강동구,상일1동,2.65,1.0,0.0,1.0,0.0,0.0,2.5,3.0,0.5,0.5,2163.5,0.5,0.0,9775,1.0,13.415000000000001,16.695,75.0,21.0,18.66,11.915,9
1174052600,강동구,상일2동,0.54,1.0,0.0,1.0,0.0,0.0,2.5,3.0,0.5,0.5,2163.5,0.5,0.0,2193,1.0,13.415000000000001,16.695,75.0,21.0,18.66,11.915,3
1174053000,강동구,명일1동,0.61,5.5,1.0,2.0,1.5,1.5,8.5,6.0,1.5,0.0,2163.5,0.5,0.0,7023,3.0,10.690000000000001,122.765,14.5,29.5,88.17999999999999,18.630000000000003,7
1174054000,강동구,명일2동,0.97,5.5,1.0,2.0,1.5,1.5,8.5,6.0,1.5,0.0,2163.5,0.5,0.0,4208,3.0,12.55,122.765,14.5,29.5,88.17999999999999,18.630000000000003,3
1174055000,강동구,고덕1동,1.73,1.0,0.0,2.0,0.0,0.5,3.0,0.5,0.5,0.0,2163.5,0.5,0.0,5111,1.5,13.97,42.25,43.5,46.0,28.59,12.18,8
1174056000,강동구,고덕2동,2.01,1.0,0.0,2.0,0.0,0.5,3.0,0.5,0.5,0.0,2163.5,0.5,0.0,6015,1.5,11.18,42.25,43.5,46.0,28.59,12.18,8
1174057000,강동구,암사1동,1.02,1.3333333333333333,0.6666666666666666,1.6666666666666667,0.3333333333333333,1.3333333333333333,5.333333333333333,2.6666666666666665,0.3333333333333333,0.0,1442.3333333333333,0.0,0.0,9760,0.6666666666666666,7.993333333333333,47.82333333333333,13.666666666666666,45.00000000000001,35.53333333333333,16.05333333333333,4
1174058000,강동구,암사2동,1.18,1.3333333333333333,0.6666666666666666,1.6666666666666667,0.3333333333333333,1.3333333333333333,5.333333333333333,2.6666666666666665,0.3333333333333333,0.0,1442.3333333333333,0.0,0.0,4706,0.6666666666666666,10.783333333333335,47.82333333333333,13.666666666666666,45.00000000000001,35.53333333333333,16.05333333333333,8
1174059000,강동구,암사3동,2.51,1.3333333333333333,0.6666666666666666,1.6666666666666667,0.3333333333333333,1.3333333333333333,5.333333333333333,2.6666666666666665,0.3333333333333333,0.0,1442.3333333333333,0.0,0.0,4265,0.6666666666666666,13.573333333333336,47.82333333333333,13.666666666666666,45.00000000000001,35.53333333333333,16.05333333333333,9
1174060000,강동구,천호1동,0.71,5.666666666666667,1.0,1.3333333333333333,4.333333333333333,2.0,4.666666666666667,2.333333333333333,1.3333333333333333,0.3333333333333333,1442.3333333333333,0.3333333333333333,0.0,7680,2.333333333333333,9.670000000000002,30.836666666666666,27.33333333333333,89.33333333333333,78.72666666666666,31.596666666666664,5
1174061000,강동구,천호2동,1.57,5.666666666666667,1.0,1.3333333333333333,4.333333333333333,2.0,4.666666666666667,2.333333333333333,1.3333333333333333,0.3333333333333333,1442.3333333333333,0.3333333333333333,0.0,11205,2.333333333333333,14.320000000000002,30.836666666666666,27.33333333333333,89.33333333333333,78.72666666666666,31.596666666666664,3
1174062000,강동구,천호3동,0.79,5.666666666666667,1.0,1.3333333333333333,4.333333333333333,2.0,4.666666666666667,2.333333333333333,1.3333333333333333,0.3333333333333333,1442.3333333333333,0.3333333333333333,0.0,9510,2.333333333333333,5.0200000000000005,30.836666666666666,27.33333333333333,89.33333333333333,78.72666666666666,31.596666666666664,5
1174064000,강동구,성내1동,0.58,6.666666666666667,0.6666666666666666,2.6666666666666665,1.6666666666666667,0.6666666666666666,10.0,4.666666666666667,1.3333333333333333,0.0,1442.3333333333333,0.0,0.0,5936,2.333333333333333,5.343333333333334,45.55666666666667,20.666666666666668,53.333333333333336,68.44,29.82999999999999,7
1174065000,강동구,성내2동,0.67,6.666666666666667,0.6666666666666666,2.6666666666666665,1.6666666666666667,0.6666666666666666,10.0,4.666666666666667,1.3333333333333333,0.0,1442.3333333333333,0.0,0.0,8130,2.333333333333333,10.923333333333334,45.55666666666667,20.666666666666668,53.333333333333336,68.44,29.82999999999999,5
1174066000,강동구,성내3동,0.71,6.666666666666667,0.6666666666666666,2.6666666666666665,1.6666666666666667,0.6666666666666666,10.0,4.666666666666667,1.3333333333333333,0.0,1442.3333333333333,0.0,0.0,7120,2.333333333333333,9.063333333333334,45.55666666666667,20.666666666666668,53.333333333333336,68.44,29.82999999999999,5
1174068500,강동구,길동,2.17,10.0,1.0,8.0,3.0,1.0,18.0,9.0,2.0,0.0,4327.0,1.0,0.0,14486,1.0,27.580000000000002,75.47,30.0,120.0,147.8,51.349999999999994,3
1174069000,강동구,둔촌1동,0.92,2.0,0.0,1.5,0.0,0.0,4.0,3.0,0.0,0.5,2163.5,1.0,0.0,33,0.5,4.550000000000001,28.535,0.0,33.5,23.63,11.855,8
1174070000,강동구,둔촌2동,0.98,2.0,0.0,1.5,0.0,0.0,4.0,3.0,0.0,0.5,2163.5,1.0,0.0,7001,0.5,19.43,28.535,0.0,33.5,23.63,11.855,8
