동이름,A,B,C,D,E,a,b,c,d,e,f,g,h,i
사직동,0.6,0.1,0.8,0.4,0.8,0.5,0.4,0.7,0.2,0.5,0.7,0.1,0.7,0.7
삼청동,0.8,0.1,0.6,0.9,0.6,1.0,0.3,0.5,0.1,0.1,0.2,0.6,0.2,0.5
부암동,0.7,0.7,0.4,0.4,0.5,0.5,0.2,0.5,0.4,0.6,0.3,0.6,1.0,0.9
평창동,0.2,0.3,0.6,0.8,0.5,0.8,0.1,0.6,1.0,0.5,0.5,0.4,0.1,0.6
무악동,0.9,0.8,0.2,1.0,0.4,0.7,0.5,0.8,0.7,0.7,0.8,0.8,0.6,0.9
교남동,0.9,1.0,0.3,0.4,0.7,0.8,0.1,0.6,0.9,0.2,1.0,0.1,0.1,0.5
가회동,0.4,0.1,0.9,0.9,0.7,0.9,0.6,0.6,0.5,0.2,0.7,0.4,1.0,0.9
종로1.2.3.4가동,0.3,0.3,0.7,1.0,0.7,0.2,0.6,0.5,0.6,0.1,0.8,0.1,0.9,0.5
종로5.6가동,0.5,1.0,0.6,0.7,0.9,0.7,1.0,0.9,0.3,0.3,0.2,0.4,0.7,0.3
이화동,0.9,0.6,1.0,0.8,0.7,0.9,0.3,0.7,0.7,0.9,0.9,0.8,0.7,0.6
혜화동,1.0,0.5,1.0,0.1,0.3,0.8,0.7,0.4,0.5,1.0,0.5,0.6,0.5,0.7
창신1동,0.3,0.6,1.0,1.0,1.0,1.0,0.4,0.1,0.7,0.9,0.7,0.2,0.1,0.5
창신2동,0.2,0.4,0.1,0.1,0.9,1.0,0.7,0.1,0.8,0.1,0.6,0.8,0.6,0.1
창신3동,0.1,0.6,0.6,0.3,1.0,0.9,0.7,0.2,0.1,0.6,0.9,0.9,0.4,0.3
숭인1동,0.5,0.9,0.9,0.9,0.3,0.9,1.0,0.2,1.0,1.0,0.6,0.2,0.5,0.9
숭인2동,0.3,0.9,0.6,0.2,0.4,0.7,0.9,0.9,0.9,0.8,1.0,0.3,0.8,0.5
청운효자동,0.6,0.9,0.2,0.8,0.8,0.4,0.5,0.6,0.5,0.2,0.9,0.1,1.0,0.5
소공동,0.3,0.1,0.2,0.4,0.4,0.1,1.0,1.0,0.9,0.9,0.5,0.5,0.7,0.1
회현동,0.3,0.7,0.6,0.3,0.1,0.5,0.1,1.0,0.9,1.0,0.5,0.7,1.0,0.3
명동,0.4,0.4,1.0,0.6,0.2,0.8,0.9,0.1,0.1,0.7,0.6,0.6,0.4,0.1
필동,0.9,0.9,0.4,0.1,1.0,0.6,0.9,0.1,0.4,1.0,0.6,1.0,0.3,0.6
장충동,0.6,1.0,0.3,0.2,0.1,0.8,0.4,0.6,0.7,0.6,0.8,0.4,0.8,1.0
광희동,0.5,0.9,0.2,0.6,0.2,0.5,1.0,0.8,0.7,0.3,0.2,0.8,1.0,0.9
을지로동,0.2,1.0,0.7,1.0,0.3,0.2,0.7,0.2,0.3,0.3,0.9,0.2,0.6,0.3
신당5동,0.6,0.3,0.2,0.5,0.3,0.2,0.5,0.3,0.9,0.3,0.5,0.2,0.8,0.9
황학동,0.3,0.9,0.8,1.0,0.2,0.3,0.1,0.6,0.9,0.8,0.9,0.9,0.3,0.9
중림동,0.2,1.0,0.7,0.9,0.1,0.4,0.3,0.2,0.6,0.1,0.1,1.0,0.1,0.4
신당동,0.9,1.0,0.1,0.3,0.6,0.2,0.2,0.3,0.1,1.0,0.4,0.8,0.3,0.6
다산동,0.7,0.6,0.3,0.8,0.1,0.8,0.4,0.2,0.6,0.5,1.0,0.9,0.3,0.9
약수동,0.7,0.2,1.0,0.7,0.1,0.2,0.7,0.7,0.8,0.9,0.5,1.0,0.3,0.3
청구동,0.2,0.2,0.6,0.7,0.7,0.2,0.8,0.8,0.4,0.8,0.5,0.6,0.6,0.7
동화동,0.9,0.1,0.6,0.4,0.7,0.5,0.9,1.0,0.8,0.6,0.4,0.6,0.2,0.8
후암동,0.3,0.5,0.2,0.9,0.4,1.0,0.1,0.2,0.8,0.1,0.7,0.4,0.6,0.3
용산2가동,0.9,0.9,0.3,1.0,0.5,0.7,0.3,0.6,0.2,0.3,0.1,0.1,0.5,0.7
남영동,0.6,0.7,0.5,0.9,0.6,0.1,0.8,0.8,0.9,0.4,0.8,0.3,1.0,0.7
원효로2동,0.2,0.7,0.3,1.0,0.7,0.5,0.8,1.0,0.9,0.8,0.7,0.9,0.5,0.6
효창동,0.9,0.2,0.3,0.3,0.8,0.8,0.3,0.5,0.6,0.4,0.5,0.3,1.0,0.4
용문동,0.1,0.6,0.5,0.6,1.0,0.2,0.8,0.5,0.4,0.2,0.8,0.6,0.5,0.8
이촌1동,0.2,0.7,0.6,0.6,0.8,1.0,0.3,0.7,0.5,0.2,0.7,0.4,0.1,0.7
이촌2동,0.3,0.4,0.7,0.2,0.9,0.3,0.2,1.0,0.5,0.9,0.6,1.0,0.9,0.7
이태원1동,0.2,0.3,0.2,0.6,0.5,0.2,0.9,0.3,0.1,0.3,1.0,0.2,0.5,0.7
이태원2동,0.8,0.5,0.8,0.1,1.0,0.7,0.6,0.6,0.3,0.7,0.7,0.8,0.4,0.5
서빙고동,0.6,0.5,0.4,0.3,0.5,0.6,0.4,0.9,0.7,0.8,0.9,1.0,0.7,0.5
보광동,0.2,1.0,0.5,0.5,0.4,0.7,0.7,0.6,0.2,0.8,0.1,0.3,0.9,0.6
청파동,0.2,1.0,0.6,0.7,0.7,1.0,0.7,0.3,0.1,0.5,0.7,0.2,0.7,0.8
원효로1동,1.0,0.1,0.8,0.5,0.1,0.7,0.2,0.2,0.4,0.5,0.5,0.6,0.3,0.9
한강로동,0.6,0.9,0.9,0.9,0.3,0.5,0.8,0.1,0.3,0.5,0.6,0.6,0.3,0.5
한남동,0.5,0.1,0.6,0.8,0.7,0.5,0.6,0.4,0.5,0.7,0.1,0.9,0.6,0.3
왕십리2동,0.6,0.5,0.7,1.0,1.0,0.3,0.6,1.0,0.8,0.7,0.2,0.1,0.3,1.0
마장동,0.1,0.3,1.0,1.0,0.3,0.2,0.8,0.9,0.6,0.7,0.7,0.9,0.2,1.0
사근동,0.5,0.9,0.2,0.4,1.0,0.7,0.9,0.4,0.8,0.2,0.5,0.1,0.7,0.8
행당1동,0.9,0.7,0.2,0.5,0.5,0.3,0.5,1.0,0.1,0.8,0.1,0.6,0.9,0.1
행당2동,0.1,1.0,0.1,1.0,0.8,0.3,0.6,0.1,0.1,0.9,1.0,0.1,0.8,0.7
응봉동,0.2,0.5,0.4,0.8,0.5,1.0,1.0,0.8,0.9,0.4,0.6,0.1,0.9,0.3
금호1가동,0.1,0.2,0.5,0.1,0.1,0.5,0.6,0.8,0.8,0.4,0.5,0.4,0.3,0.1
금호4가동,0.6,0.5,0.6,0.7,0.8,0.6,0.1,0.4,1.0,0.4,0.1,0.3,0.1,0.8
성수1가1동,0.4,0.6,0.8,0.6,0.4,0.4,0.7,0.2,0.7,0.2,0.8,0.4,0.6,0.9
성수1가2동,0.8,0.5,1.0,0.2,0.7,0.7,0.6,0.4,0.9,0.6,0.4,0.4,0.2,0.1
성수2가1동,0.5,0.9,1.0,0.5,0.9,0.4,0.5,0.7,0.1,0.7,0.5,0.1,0.4,0.7
성수2가3동,0.6,0.3,0.8,0.1,0.3,0.7,0.8,0.9,0.1,0.2,0.7,1.0,0.8,1.0
송정동,0.1,0.9,0.3,0.3,0.6,0.3,0.3,0.9,0.5,0.3,0.5,0.9,0.9,0.2
용답동,0.8,0.3,0.2,0.8,0.5,0.3,0.5,0.3,0.2,0.6,1.0,1.0,0.4,0.6
왕십리도선동,0.2,1.0,0.4,0.9,0.1,1.0,0.3,0.1,0.4,0.8,0.3,0.9,0.5,0.6
금호2.3가동,0.2,0.7,1.0,0.9,0.1,0.3,0.8,0.2,1.0,0.6,0.8,0.5,0.3,0.8
옥수동,0.6,0.9,0.3,0.8,0.4,0.7,0.3,0.5,0.2,0.3,0.9,0.1,0.9,1.0
화양동,0.2,1.0,1.0,0.8,0.7,1.0,0.5,0.1,0.5,0.7,0.2,0.3,0.7,0.9
군자동,0.6,0.7,0.9,0.7,0.3,0.2,0.4,0.1,0.6,1.0,0.9,0.8,0.7,0.2
중곡1동,0.8,0.7,0.6,0.5,0.9,0.3,0.5,0.8,0.4,0.6,0.2,0.4,0.6,0.1
중곡2동,0.5,0.6,0.9,0.4,0.4,0.6,0.6,0.5,0.3,0.9,0.1,1.0,0.9,0.6
중곡3동,0.5,0.9,1.0,0.3,0.8,0.8,0.6,0.7,0.2,0.4,0.4,0.2,0.2,0.8
중곡4동,0.7,1.0,0.8,0.3,1.0,0.2,0.9,0.9,0.4,0.1,0.3,0.9,0.9,0.2
능동,0.2,0.3,0.3,0.4,1.0,0.2,1.0,0.1,0.7,1.0,1.0,0.5,0.2,0.6
구의1동,0.3,1.0,0.8,1.0,0.1,1.0,0.1,0.4,0.8,0.3,1.0,0.4,0.3,0.8
구의2동,0.7,0.6,0.2,0.3,0.6,0.9,0.1,0.1,0.9,0.3,0.1,0.4,0.4,0.5
구의3동,0.7,0.4,0.4,0.8,0.6,0.9,0.2,0.3,0.5,0.3,0.7,0.9,0.8,0.4
광장동,0.2,0.2,0.4,0.8,0.8,0.9,0.3,0.7,1.0,0.6,0.1,0.5,0.2,0.3
자양1동,0.9,0.1,0.2,0.3,0.2,0.2,0.5,0.6,1.0,0.4,0.3,0.2,0.2,0.7
자양2동,1.0,0.9,0.4,0.1,0.3,0.5,0.9,0.8,0.9,0.6,0.4,0.1,0.9,0.2
자양3동,0.1,0.3,0.5,0.9,0.5,0.8,0.1,0.8,0.4,0.4,0.8,0.3,0.9,0.7
자양4동,0.6,0.1,1.0,0.5,0.9,1.0,0.4,1.0,1.0,1.0,0.8,0.5,0.8,1.0
회기동,0.2,0.6,0.2,1.0,0.8,0.1,0.1,0.8,0.4,1.0,0.9,0.8,0.9,1.0
휘경1동,0.4,0.2,0.6,0.6,0.3,0.5,0.7,0.7,0.3,0.9,1.0,0.5,0.9,0.1
휘경2동,1.0,0.5,0.2,0.6,0.9,0.2,0.7,0.5,0.7,0.3,0.9,0.4,0.7,0.7
청량리동,1.0,1.0,0.8,0.2,0.5,0.8,1.0,0.1,0.7,1.0,0.9,0.4,0.6,0.8
용신동,0.5,0.7,0.7,0.5,0.3,0.2,0.9,0.7,0.6,0.8,0.1,0.4,0.1,0.2
제기동,0.9,0.8,1.0,0.5,0.8,0.3,0.8,0.8,0.1,0.7,0.2,0.9,0.4,0.4
전농1동,0.3,1.0,0.4,0.8,0.5,0.4,0.3,0.2,0.4,0.6,0.7,0.3,0.3,0.8
전농2동,0.7,0.7,0.1,0.5,0.5,0.9,0.6,0.7,0.7,0.3,0.5,0.9,1.0,0.8
답십리1동,1.0,0.4,0.4,0.3,0.6,1.0,0.6,0.6,0.2,0.2,0.9,0.4,1.0,0.4
답십리2동,0.9,0.9,0.5,0.1,0.3,0.2,0.9,0.7,0.7,1.0,0.5,0.2,0.7,0.4
장안1동,0.5,0.8,0.8,0.2,0.5,0.5,0.4,0.9,0.1,0.1,0.8,0.3,0.4,0.9
장안2동,0.1,0.3,1.0,0.5,0.2,0.9,0.5,0.3,0.5,1.0,1.0,0.9,0.5,0.4
이문1동,0.9,0.3,0.9,0.8,0.9,0.1,0.8,0.3,0.9,0.8,0.1,0.5,0.7,0.1
이문2동,0.7,0.7,0.8,0.9,1.0,0.4,0.1,1.0,0.7,0.1,0.2,0.2,0.8,0.3
면목2동,0.1,1.0,0.8,0.5,0.5,0.2,0.6,0.5,0.3,0.3,0.3,0.5,0.8,1.0
면목4동,0.7,0.2,0.3,0.9,1.0,0.2,0.5,0.2,0.3,0.4,0.3,0.9,0.9,0.9
면목5동,0.7,0.8,0.6,0.8,0.6,0.6,0.6,0.3,0.6,0.9,0.5,0.9,0.7,0.2
면목7동,0.2,0.3,0.7,0.4,0.8,0.4,0.6,1.0,0.6,0.8,0.1,0.4,1.0,0.1
상봉1동,0.7,0.7,0.8,1.0,1.0,0.2,1.0,0.8,0.6,0.9,0.3,0.5,0.5,0.5
상봉2동,1.0,1.0,0.7,1.0,0.9,0.4,0.4,0.1,0.3,0.6,0.5,0.6,0.8,0.6
중화1동,0.8,0.7,0.2,0.5,0.4,0.7,0.3,0.8,0.8,0.3,0.8,0.7,1.0,0.6
중화2동,0.3,0.3,0.9,0.4,0.6,0.7,1.0,0.2,0.9,0.1,0.4,0.5,0.3,0.6
묵1동,1.0,0.8,0.9,0.2,0.9,1.0,0.6,0.7,0.5,0.7,0.8,0.1,0.2,0.6
묵2동,0.1,0.1,0.1,0.9,0.3,0.9,0.6,0.4,0.6,0.6,1.0,0.6,0.4,0.3
망우3동,0.7,0.3,1.0,1.0,0.3,0.6,0.7,0.4,0.4,0.1,0.1,0.2,0.3,0.8
신내1동,0.3,0.4,0.5,0.5,0.6,1.0,0.5,0.4,0.1,0.4,1.0,0.2,0.8,0.9
신내2동,0.1,0.7,0.4,0.6,0.6,0.2,0.5,0.7,0.7,0.3,1.0,0.3,0.2,0.8
면목본동,0.5,0.9,0.8,0.7,0.8,1.0,0.2,0.4,0.2,0.2,0.5,0.8,0.8,0.6
면목3.8동,0.7,0.1,1.0,0.5,0.8,0.9,0.3,0.7,0.7,0.9,0.6,0.5,0.6,0.3
망우본동,0.1,0.9,0.1,0.7,0.7,0.9,0.1,0.9,1.0,0.2,0.6,1.0,0.3,0.6
돈암1동,0.3,0.1,0.1,0.8,0.1,0.5,0.7,0.6,0.9,0.6,0.1,0.2,0.2,0.8
돈암2동,0.4,0.2,0.6,0.2,0.2,0.3,0.9,0.6,1.0,0.1,0.7,1.0,0.9,0.7
안암동,0.5,0.4,1.0,0.6,0.6,1.0,0.5,0.4,0.2,0.8,0.2,0.6,0.7,1.0
보문동,0.1,0.4,0.7,0.8,0.9,0.8,0.4,1.0,0.7,0.2,0.2,0.9,0.9,0.5
정릉1동,0.3,1.0,1.0,0.7,0.3,0.7,1.0,0.6,0.6,0.2,0.6,0.5,1.0,0.6
정릉2동,0.1,0.5,0.5,1.0,0.6,0.8,0.3,0.5,0.4,0.1,0.5,0.9,0.7,0.2
정릉3동,0.9,0.8,0.3,0.6,0.6,0.9,0.5,0.2,0.8,0.8,0.5,0.9,1.0,0.4
정릉4동,0.4,0.3,0.2,0.2,0.1,1.0,0.6,0.4,0.8,0.3,0.7,0.3,0.1,0.2
길음1동,0.4,0.1,0.5,0.8,0.1,0.5,0.2,0.5,0.6,0.4,0.7,0.5,0.4,0.8
길음2동,1.0,1.0,0.2,0.5,0.7,0.4,0.3,0.6,0.5,0.3,0.9,0.2,0.4,0.6
월곡1동,0.9,0.3,0.7,0.6,0.4,0.3,0.7,0.5,0.5,0.9,0.8,0.7,0.7,0.2
월곡2동,0.1,1.0,1.0,0.7,0.6,0.8,0.9,0.8,0.1,0.5,0.1,0.8,0.7,0.7
장위1동,0.2,0.5,0.7,0.5,0.4,1.0,0.7,1.0,0.8,0.2,0.6,0.7,0.8,0.9
장위2동,0.2,0.6,0.9,0.8,0.1,0.1,0.7,0.8,0.4,0.7,0.6,0.5,0.1,0.4
장위3동,0.5,0.7,0.6,0.4,0.8,0.4,0.7,0.4,0.1,0.3,0.6,0.4,0.9,0.1
성북동,0.8,0.9,1.0,1.0,0.4,0.5,0.6,0.5,1.0,0.4,0.2,0.1,0.5,0.3
삼선동,1.0,1.0,1.0,0.8,0.3,0.6,0.7,0.9,0.7,0.2,0.9,0.1,0.7,0.6
동선동,0.5,0.6,0.3,0.5,0.8,0.8,1.0,0.5,0.3,0.6,1.0,0.8,0.9,0.1
종암동,0.4,0.4,0.2,0.7,1.0,0.6,0.6,0.7,0.8,0.4,1.0,0.4,0.7,0.3
석관동,0.4,0.5,1.0,0.8,0.5,0.1,0.7,0.7,0.1,0.8,0.3,0.3,0.7,1.0
번1동,0.6,0.4,0.1,0.9,0.6,0.5,0.6,1.0,0.6,1.0,0.4,0.1,0.4,0.1
번2동,0.5,0.2,0.1,1.0,0.5,0.5,0.1,0.9,0.2,0.3,0.3,0.3,0.8,1.0
번3동,0.8,0.2,0.7,0.5,0.9,0.8,0.8,0.5,0.1,0.8,0.7,0.1,0.5,0.7
수유1동,0.1,0.5,0.4,0.3,0.7,0.5,0.5,0.5,0.3,0.1,1.0,0.7,1.0,0.7
수유2동,0.1,0.6,0.5,0.8,0.4,0.1,0.8,0.6,0.9,0.1,0.7,1.0,0.9,0.8
수유3동,1.0,0.9,0.5,0.4,0.1,0.4,0.6,0.3,0.7,0.4,0.4,0.3,0.6,0.6
삼양동,0.8,0.6,0.8,0.3,0.2,0.3,0.4,0.2,0.2,0.2,0.7,0.1,0.6,0.4
미아동,0.3,0.8,0.7,1.0,0.5,0.6,0.3,0.5,1.0,0.6,0.5,0.1,0.3,1.0
송중동,0.1,0.7,0.7,0.3,0.7,0.2,0.3,0.2,0.2,0.2,0.6,1.0,0.7,0.4
송천동,0.5,1.0,0.8,0.7,0.5,0.3,0.1,0.2,0.1,0.1,1.0,0.1,0.2,0.7
삼각산동,0.3,0.5,0.8,0.7,0.5,0.6,0.6,0.1,0.4,0.9,0.1,0.9,1.0,0.2
우이동,0.6,0.4,0.4,0.5,0.1,0.3,0.1,0.7,0.9,0.6,0.6,0.4,0.8,0.1
인수동,0.2,0.2,0.5,0.3,0.9,0.7,0.8,0.3,0.7,0.8,0.9,0.5,0.2,0.4
쌍문1동,0.3,0.4,0.5,0.4,0.1,1.0,0.6,0.6,1.0,0.3,0.4,1.0,1.0,0.7
쌍문2동,0.5,0.6,0.5,1.0,0.8,0.1,0.4,0.5,0.1,0.6,1.0,0.1,0.7,0.9
쌍문3동,0.2,1.0,0.3,0.4,0.9,1.0,0.2,0.4,1.0,0.9,0.5,0.8,0.8,0.1
쌍문4동,0.4,0.8,0.7,0.4,0.3,0.2,0.8,0.2,0.8,0.7,0.2,0.6,0.4,0.3
방학1동,0.1,0.4,0.8,0.2,0.2,0.4,0.4,0.8,0.5,0.8,1.0,1.0,0.3,0.9
방학2동,0.2,0.6,0.1,0.5,0.1,0.3,0.2,0.7,0.1,0.1,0.4,0.2,0.7,0.8
방학3동,0.8,0.3,0.3,0.7,0.1,0.7,0.2,0.7,0.1,0.1,0.9,0.5,0.7,1.0
창1동,0.5,0.3,0.3,1.0,0.7,1.0,0.6,0.2,0.3,0.5,0.9,1.0,0.6,0.8
창2동,0.1,0.2,0.4,0.3,0.1,0.7,0.2,0.1,0.6,0.7,0.1,0.2,0.8,0.6
창3동,0.8,0.1,1.0,0.1,0.4,0.7,0.4,0.5,0.5,0.1,0.9,0.3,0.1,1.0
창4동,0.9,0.9,0.8,0.3,0.9,0.7,0.8,1.0,0.1,0.1,0.7,0.6,0.3,0.6
창5동,0.1,0.7,1.0,0.2,0.6,1.0,0.5,0.6,0.9,0.9,0.7,0.3,0.7,0.9
도봉1동,0.5,0.3,0.3,0.9,0.4,0.1,0.4,0.2,0.8,0.9,0.4,0.3,0.7,0.9
도봉2동,0.6,0.4,0.9,0.7,0.2,0.9,0.8,0.1,0.8,0.7,0.9,1.0,0.3,0.3
월계1동,0.2,0.8,0.5,0.3,0.4,0.3,0.2,0.3,0.2,0.4,0.4,0.1,0.5,0.7
월계2동,0.9,0.1,1.0,0.1,0.8,0.5,0.1,0.4,0.3,0.6,0.9,0.5,0.3,0.2
월계3동,0.9,0.2,0.3,0.8,0.2,0.8,0.7,0.4,0.1,0.1,0.4,0.8,0.8,0.6
공릉2동,0.7,0.9,0.1,0.1,0.1,0.9,1.0,1.0,0.4,0.1,0.8,0.3,0.5,0.3
하계1동,0.7,0.9,0.3,0.9,0.8,0.4,0.2,0.8,1.0,0.7,0.2,0.1,1.0,0.4
하계2동,1.0,0.9,0.9,0.7,0.3,0.2,0.1,1.0,0.5,0.8,0.7,0.8,0.1,0.9
중계본동,1.0,0.9,1.0,1.0,0.5,1.0,0.7,0.8,0.5,0.9,0.2,0.3,0.5,0.5
중계1동,1.0,0.3,0.7,0.9,0.9,0.3,0.4,0.9,0.5,0.8,0.2,0.7,0.1,0.4
중계4동,0.1,0.7,0.7,0.1,0.9,0.2,0.6,0.8,0.9,0.5,0.3,0.9,0.7,1.0
상계1동,0.9,0.5,0.8,0.7,1.0,0.1,0.9,0.7,0.4,0.8,0.9,0.1,0.1,0.5
상계2동,0.1,0.5,0.7,0.1,0.6,1.0,0.1,0.9,0.7,0.8,0.4,0.3,0.4,0.4
상계5동,0.4,0.8,0.6,0.5,1.0,0.4,0.7,0.6,1.0,0.3,0.7,0.9,0.2,0.1
상계8동,0.4,0.8,0.9,0.5,0.8,0.3,0.1,0.6,0.1,0.5,0.8,0.4,0.4,0.7
상계9동,0.8,0.3,0.1,0.6,0.2,0.2,0.3,1.0,0.5,0.7,0.1,0.1,0.7,0.7
상계10동,0.3,0.7,0.5,0.9,1.0,0.7,0.3,1.0,1.0,0.1,0.2,0.8,0.1,0.1
상계3.4동,0.8,0.2,0.3,0.3,0.1,0.1,0.7,0.2,0.2,0.2,0.1,0.8,1.0,0.4
상계6.7동,0.9,0.1,0.9,1.0,0.6,0.1,0.7,0.4,0.7,0.4,0.6,0.5,1.0,0.2
중계2.3동,0.7,0.7,0.8,0.8,0.8,0.7,0.3,0.6,0.3,0.6,0.2,0.1,0.4,0.5
공릉1동,0.9,0.6,0.3,0.8,1.0,0.9,0.9,0.7,0.3,0.2,0.7,0.4,0.4,0.3
녹번동,0.9,0.5,0.3,0.7,0.9,0.7,0.1,0.5,0.4,0.5,0.2,0.4,0.1,0.2
불광1동,0.1,0.1,0.6,0.5,0.4,0.5,0.7,0.9,1.0,0.9,0.1,0.5,0.5,0.5
갈현1동,0.2,0.8,0.3,0.3,0.9,0.2,1.0,0.8,0.5,0.8,1.0,0.1,0.4,0.5
갈현2동,0.5,0.9,0.8,0.3,0.1,0.7,0.1,1.0,0.8,0.9,0.1,0.9,0.1,0.1
구산동,0.1,0.7,0.6,0.2,0.6,0.7,1.0,0.1,0.1,0.9,1.0,0.2,1.0,0.6
대조동,0.7,1.0,0.9,0.3,1.0,0.8,0.5,0.4,0.4,0.6,0.9,0.8,0.1,0.3
응암1동,0.6,0.4,0.7,0.8,0.6,0.5,0.5,0.3,0.6,0.9,0.8,0.7,0.8,0.6
응암2동,0.6,0.5,0.7,0.6,0.5,0.4,0.6,0.5,0.4,0.4,0.7,0.5,0.2,0.1
신사1동,0.5,0.8,0.8,1.0,0.3,0.4,0.7,0.4,0.3,0.7,0.1,0.3,0.6,0.2
신사2동,0.2,0.5,0.5,0.9,0.4,0.2,1.0,0.4,0.1,0.2,0.3,0.8,0.7,0.1
증산동,0.1,1.0,0.3,0.6,0.8,0.1,0.3,1.0,0.5,0.9,0.9,0.1,0.4,0.5
수색동,0.3,0.4,0.1,0.1,0.1,0.4,0.1,0.6,0.6,0.3,0.8,0.8,0.5,0.9
진관동,0.1,0.7,0.8,0.3,0.5,0.7,0.5,0.7,0.4,0.3,0.8,0.3,0.3,0.7
불광2동,0.2,0.3,1.0,0.1,0.2,0.3,0.2,0.3,0.5,1.0,1.0,0.4,0.6,0.5
응암3동,0.9,0.6,0.1,0.9,0.6,0.9,0.7,0.6,0.6,0.3,0.9,0.7,0.6,0.2
역촌동,0.5,1.0,0.7,0.1,0.3,0.9,0.1,0.9,0.8,0.8,0.7,0.7,1.0,0.5
천연동,0.7,0.3,0.6,0.8,0.9,0.5,0.4,0.6,0.9,0.1,0.1,0.7,0.1,0.6
홍제1동,1.0,0.7,0.2,0.1,0.4,0.9,0.6,0.2,0.8,1.0,0.4,0.3,0.9,0.4
홍제2동,0.3,1.0,1.0,0.3,0.1,1.0,0.7,0.6,0.7,0.3,0.9,0.1,1.0,1.0
홍제3동,0.1,0.4,1.0,0.6,0.7,0.3,0.7,0.6,0.4,0.8,0.8,0.7,0.1,0.4
홍은1동,0.7,0.9,0.7,0.9,0.9,0.2,0.3,0.3,0.5,0.1,0.3,0.3,0.2,0.4
홍은2동,0.6,0.3,0.3,0.7,0.7,0.3,0.1,0.4,0.1,0.2,0.2,0.7,1.0,0.6
남가좌1동,0.7,0.8,0.7,0.3,0.8,0.8,1.0,0.1,0.8,0.5,0.6,0.3,0.4,0.2
남가좌2동,0.1,0.8,0.7,1.0,0.8,0.1,0.9,0.6,0.4,0.7,0.5,0.1,0.9,0.1
북가좌1동,0.3,0.7,0.5,0.7,1.0,0.2,0.2,0.2,1.0,1.0,0.4,0.1,1.0,1.0
북가좌2동,0.3,0.5,1.0,1.0,0.3,0.9,0.4,0.8,0.9,1.0,0.4,1.0,0.2,0.8
충현동,0.8,1.0,0.5,0.8,0.6,0.1,0.8,0.7,0.4,0.8,0.6,0.7,0.1,0.2
북아현동,0.6,0.9,0.2,0.1,0.2,0.3,0.9,0.3,0.2,0.7,1.0,0.2,0.9,0.5
신촌동,0.6,0.3,0.1,0.9,0.1,0.8,0.4,0.7,1.0,0.7,0.4,0.5,0.9,0.4
연희동,0.3,0.4,0.4,0.5,0.7,0.7,0.8,0.6,0.8,0.8,0.7,0.7,0.9,1.0
용강동,0.9,0.3,0.9,0.2,0.7,0.9,0.9,0.4,0.2,0.2,0.3,0.8,0.3,1.0
대흥동,1.0,0.5,1.0,0.9,1.0,0.6,0.8,0.5,0.2,0.6,1.0,0.6,0.2,0.6
염리동,0.3,0.5,0.1,0.4,1.0,0.2,0.7,0.4,0.2,0.6,0.4,0.5,0.3,0.8
신수동,0.1,0.6,0.3,0.9,0.5,1.0,0.7,0.9,0.1,0.4,0.9,0.3,0.3,0.9
서교동,0.3,0.9,0.6,0.1,0.4,0.8,0.5,0.3,0.4,0.3,0.1,1.0,1.0,0.1
합정동,0.5,0.9,0.3,1.0,0.3,0.3,0.2,0.8,0.8,0.9,0.5,0.2,0.5,0.7
망원1동,0.4,0.1,0.6,1.0,0.9,0.3,0.6,0.6,0.2,1.0,0.6,0.1,1.0,0.4
망원2동,1.0,1.0,0.5,1.0,0.8,0.9,0.1,0.5,0.8,0.5,0.9,0.7,0.3,1.0
연남동,0.2,0.6,0.1,0.1,0.7,0.6,0.3,0.9,0.8,0.9,0.2,0.3,0.4,0.4
성산1동,0.2,0.3,0.9,0.7,0.5,0.1,0.9,0.4,0.6,0.6,0.2,0.3,1.0,0.5
성산2동,0.4,0.6,1.0,0.2,0.7,0.4,0.9,1.0,0.7,0.6,0.5,0.8,0.3,0.3
상암동,1.0,0.1,1.0,0.8,0.5,0.7,0.1,0.1,0.8,0.8,0.7,0.9,0.6,1.0
도화동,0.8,0.4,0.1,0.9,0.6,0.7,0.3,0.7,0.2,0.9,0.9,0.9,0.8,0.1
서강동,0.1,0.4,0.6,1.0,0.6,0.4,0.5,0.1,0.5,0.8,0.7,0.8,0.7,0.1
공덕동,1.0,1.0,0.9,0.8,0.4,0.7,0.3,0.7,0.6,0.3,0.1,0.7,0.8,0.1
아현동,0.6,0.2,0.7,0.4,0.8,0.6,0.5,0.2,0.6,0.7,0.6,0.4,0.1,0.5
목1동,0.9,0.8,0.9,0.8,0.2,0.8,0.9,0.4,0.3,0.4,0.2,0.3,0.5,1.0
목2동,0.9,0.9,0.6,0.8,0.4,0.9,0.9,0.9,1.0,0.8,0.2,1.0,0.8,0.1
목3동,0.4,1.0,0.8,0.5,0.5,1.0,0.4,1.0,1.0,0.4,0.3,0.2,0.7,1.0
목4동,0.8,0.9,0.2,0.7,0.8,1.0,0.2,1.0,0.5,0.7,0.5,1.0,0.2,0.8
목5동,0.6,0.9,0.8,0.9,0.4,0.2,0.3,0.6,1.0,0.8,0.1,0.8,0.6,0.4
신월1동,1.0,0.4,0.1,0.3,0.2,0.2,0.9,0.5,0.4,0.7,0.3,0.2,0.6,0.9
신월2동,0.8,1.0,0.9,0.6,0.6,0.5,0.4,0.6,0.6,0.6,0.5,1.0,0.8,0.8
신월3동,0.6,0.3,0.9,0.2,0.7,0.9,0.3,0.9,0.8,0.7,0.2,0.5,0.3,0.1
신월4동,1.0,1.0,0.6,0.4,0.8,0.1,0.2,0.7,0.4,0.1,0.4,0.1,0.7,0.4
신월5동,0.8,0.4,0.3,0.2,0.5,0.1,0.4,0.1,1.0,0.2,0.7,0.8,0.7,0.6
신월6동,1.0,0.4,0.9,0.1,0.3,0.9,0.8,0.2,0.4,0.1,0.5,0.9,0.2,0.2
신월7동,0.3,0.8,0.4,0.4,0.1,0.2,0.1,0.8,0.9,0.9,1.0,0.1,0.5,0.4
신정1동,0.9,1.0,0.6,0.4,1.0,0.5,0.8,0.5,0.1,0.1,0.2,0.4,0.7,0.9
신정2동,0.1,0.2,0.8,0.2,0.2,0.7,1.0,0.8,0.3,0.2,0.9,0.8,0.7,0.1
신정4동,0.6,0.4,0.1,0.9,0.7,0.3,0.2,0.6,0.5,1.0,0.5,0.8,0.5,0.5
신정3동,0.6,1.0,0.9,0.1,0.3,0.3,0.6,0.9,0.5,0.1,0.1,0.4,0.4,0.4
신정6동,0.7,0.3,0.1,1.0,0.5,0.2,0.6,0.1,0.7,0.8,0.2,0.1,1.0,0.4
신정7동,1.0,0.2,0.1,0.3,0.8,0.7,0.1,0.5,0.5,0.2,0.6,0.8,0.4,0.3
염창동,0.3,0.4,0.5,0.9,0.1,1.0,0.6,1.0,0.3,0.8,0.4,0.6,0.1,0.2
등촌1동,1.0,0.1,0.3,0.2,0.6,0.1,1.0,0.3,0.8,1.0,0.4,0.6,0.1,0.8
등촌2동,0.9,0.4,0.1,0.5,0.5,0.8,1.0,0.3,0.9,0.3,0.9,0.4,0.7,0.5
등촌3동,1.0,0.4,0.2,0.7,0.6,0.1,1.0,1.0,0.9,0.1,0.9,0.7,0.2,0.5
화곡본동,0.2,0.7,0.4,0.8,1.0,0.9,0.6,0.4,0.5,0.5,0.1,1.0,0.8,0.2
화곡2동,0.4,0.8,0.7,0.8,0.1,0.5,0.7,0.4,0.5,1.0,0.7,0.8,0.1,0.8
화곡3동,0.3,0.7,0.3,1.0,0.3,0.5,0.2,0.3,0.4,0.8,0.2,0.9,1.0,0.5
화곡4동,0.4,0.8,0.4,1.0,0.4,1.0,0.6,0.4,0.4,0.3,0.3,0.5,0.4,0.3
화곡6동,0.1,0.2,0.9,0.2,0.4,0.2,0.6,0.7,0.7,1.0,0.2,0.5,0.5,1.0
화곡8동,0.9,0.8,0.1,0.4,1.0,0.6,1.0,0.6,0.2,0.6,0.4,0.4,0.4,0.4
가양1동,0.6,0.4,0.2,0.7,0.7,0.8,0.5,0.7,0.7,0.3,0.4,0.1,1.0,1.0
가양2동,1.0,0.4,0.4,0.4,0.2,0.3,0.5,0.7,0.9,0.1,0.5,0.4,0.8,0.6
가양3동,1.0,0.1,0.6,0.8,0.8,0.4,0.6,0.4,0.4,0.9,0.3,0.5,0.8,0.6
발산1동,0.2,0.3,0.8,0.4,0.3,0.4,0.4,0.7,0.1,0.8,1.0,0.1,0.9,0.4
공항동,1.0,0.3,0.9,0.5,0.3,0.8,0.7,0.5,0.5,0.5,0.1,1.0,0.1,0.4
방화1동,0.7,0.2,0.5,0.9,0.6,0.5,0.6,0.7,1.0,0.7,0.5,0.6,0.1,0.5
방화2동,0.3,0.8,0.9,0.3,0.7,0.7,0.8,0.8,0.1,0.5,0.2,0.5,1.0,0.9
방화3동,0.3,0.1,0.2,0.4,0.3,0.9,0.8,0.3,0.4,0.4,0.2,0.4,1.0,0.4
화곡1동,0.4,0.3,1.0,0.4,0.7,0.8,0.5,0.5,1.0,0.4,0.8,0.6,0.6,0.5
우장산동,0.3,0.7,0.8,0.4,1.0,0.2,0.7,0.2,0.1,0.3,0.2,0.8,0.2,0.8
신도림동,0.1,0.3,1.0,0.8,0.4,0.6,0.9,0.7,0.6,1.0,0.1,1.0,0.9,0.2
구로1동,0.5,0.7,0.6,0.8,0.8,0.5,0.7,0.6,0.1,1.0,0.4,0.3,0.1,0.6
구로2동,0.3,0.3,0.6,0.5,0.9,0.2,0.8,0.1,0.3,0.7,0.7,0.6,0.1,0.6
구로3동,1.0,0.8,1.0,0.6,0.3,0.2,0.3,0.6,1.0,1.0,0.1,1.0,0.9,0.3
구로4동,0.2,0.3,0.8,0.6,0.2,0.2,0.2,0.7,0.5,0.1,0.7,1.0,0.3,0.8
구로5동,0.5,0.8,0.2,0.5,0.6,0.1,0.4,1.0,0.5,0.5,0.8,0.9,0.6,0.8
고척1동,0.1,0.7,0.3,0.2,0.7,0.6,0.8,0.2,0.6,1.0,0.5,0.4,0.9,0.8
고척2동,0.1,0.8,0.4,1.0,1.0,0.9,0.2,0.2,0.7,1.0,0.2,0.4,0.3,0.1
개봉2동,1.0,0.3,1.0,0.7,0.8,0.7,0.1,0.3,0.8,0.3,0.3,0.4,0.3,0.4
개봉3동,1.0,0.4,0.3,0.8,0.9,0.5,0.8,0.3,0.2,0.3,0.9,0.3,0.8,0.9
오류1동,0.6,0.5,0.1,0.1,0.3,0.5,0.3,0.2,0.7,0.8,0.7,0.8,0.1,0.1
오류2동,0.6,0.6,0.7,0.7,0.5,0.7,1.0,0.5,0.8,0.9,0.2,0.4,0.9,0.7
수궁동,0.3,1.0,0.6,0.7,0.5,0.8,0.7,1.0,0.2,1.0,0.9,0.2,0.7,0.6
가리봉동,1.0,0.2,0.5,0.4,0.8,0.1,0.7,0.1,0.4,0.5,0.7,1.0,0.7,1.0
개봉1동,0.6,0.5,0.3,1.0,0.3,0.5,0.9,0.9,0.1,0.2,0.4,0.7,0.6,0.3
항동,0.7,0.1,0.2,0.8,0.5,0.2,0.8,0.3,0.8,0.6,0.2,0.1,0.5,0.4
가산동,0.1,0.7,0.7,0.1,1.0,0.4,0.5,0.1,0.7,0.8,0.2,0.1,1.0,0.5
독산1동,0.5,0.3,0.8,0.4,1.0,0.3,0.1,0.2,0.3,0.6,1.0,0.4,0.6,0.2
독산2동,0.7,0.9,0.4,0.3,0.8,0.4,0.5,0.4,0.9,0.1,1.0,0.3,0.3,0.2
독산3동,0.2,0.6,0.6,0.8,0.7,0.1,0.2,0.2,0.1,0.3,0.7,0.2,0.4,0.4
독산4동,0.3,0.7,0.4,0.8,0.1,0.3,0.1,0.9,0.5,0.4,0.5,0.5,0.3,0.6
시흥1동,0.1,0.8,0.2,0.6,1.0,1.0,0.6,0.2,0.4,0.3,0.3,0.1,0.5,0.6
시흥2동,0.8,1.0,0.4,0.2,0.1,0.3,0.4,0.8,0.3,0.9,0.4,0.2,0.4,0.3
시흥3동,0.6,0.7,0.3,0.6,0.1,0.1,0.9,1.0,0.6,0.2,0.3,0.8,0.2,0.1
시흥4동,0.6,0.8,0.4,0.2,0.4,0.6,0.1,1.0,0.3,0.8,0.2,0.2,0.5,0.9
시흥5동,0.6,0.2,0.9,0.8,0.7,0.3,0.8,0.7,0.8,0.2,0.1,0.6,0.8,0.1
여의동,0.2,0.3,0.6,0.7,0.9,1.0,0.1,0.6,0.3,0.5,0.2,0.6,0.1,0.3
당산1동,0.3,1.0,0.5,0.9,1.0,0.4,0.1,0.6,0.9,0.9,0.6,0.9,0.5,1.0
당산2동,0.7,1.0,0.3,0.3,0.7,0.6,0.7,0.4,0.4,0.5,1.0,1.0,0.1,0.5
양평1동,0.4,0.6,0.5,0.7,0.8,0.1,1.0,0.4,0.6,0.7,0.9,0.7,0.5,0.7
양평2동,0.2,0.7,0.5,0.5,0.4,0.1,0.7,0.1,1.0,0.9,0.8,0.3,0.9,1.0
신길1동,0.1,0.9,0.2,0.6,0.3,0.5,0.6,0.4,1.0,0.9,0.9,0.3,0.4,1.0
신길3동,1.0,0.4,0.6,0.2,0.9,0.5,0.5,0.1,0.6,0.4,0.4,0.4,0.1,0.1
신길4동,0.1,0.5,0.3,0.3,0.2,0.3,1.0,1.0,0.5,0.2,0.7,0.9,0.3,0.3
신길5동,0.8,0.1,0.6,0.2,0.9,0.8,0.9,0.2,0.9,0.4,0.4,0.4,0.1,0.1
신길6동,0.7,0.3,0.3,0.3,1.0,1.0,0.8,0.5,0.6,1.0,0.4,0.5,0.4,1.0
신길7동,0.6,0.5,0.7,0.9,0.6,0.8,0.2,0.3,1.0,0.9,0.8,0.1,0.9,0.9
대림1동,0.1,0.1,0.5,1.0,0.4,0.9,0.7,1.0,0.7,0.6,0.3,0.7,0.2,1.0
대림2동,1.0,0.4,0.6,0.9,0.7,0.3,0.4,0.4,0.4,0.2,0.1,1.0,0.8,0.2
대림3동,0.7,0.3,0.7,0.4,0.9,0.2,1.0,0.8,1.0,0.9,0.6,1.0,0.3,0.9
영등포본동,0.5,0.3,0.9,0.5,0.8,0.8,0.7,0.2,0.7,1.0,0.3,0.6,0.6,0.7
영등포동,0.1,0.3,0.9,0.6,0.2,0.9,0.5,0.4,0.8,0.9,0.6,0.6,0.1,0.1
도림동,0.1,0.7,0.2,0.9,0.2,0.1,0.3,0.8,0.6,0.3,0.3,0.9,1.0,0.3
문래동,0.9,0.1,0.1,0.6,0.4,0.7,0.6,0.6,0.2,0.4,0.8,0.4,0.4,0.7
노량진2동,0.2,0.8,0.7,0.2,0.9,1.0,1.0,0.1,0.7,0.9,0.2,0.7,0.8,0.7
상도1동,0.6,1.0,0.2,0.2,0.1,0.2,0.4,0.4,0.6,0.7,0.1,0.3,0.2,0.1
상도2동,0.9,0.3,0.3,0.7,0.8,0.2,0.1,0.8,0.2,0.2,0.4,1.0,0.3,0.8
상도3동,0.8,0.2,0.2,0.3,0.1,0.2,0.5,0.5,0.3,0.2,0.3,0.9,0.8,1.0
상도4동,0.2,0.4,0.8,0.1,0.5,0.6,0.3,0.2,0.6,0.5,1.0,0.9,0.1,0.4
사당1동,1.0,1.0,0.8,0.3,1.0,0.8,0.9,0.7,0.3,0.8,0.3,0.1,0.2,0.9
사당3동,0.5,0.4,1.0,0.3,0.8,0.2,0.4,0.9,0.8,0.1,0.8,0.5,0.3,0.5
사당4동,0.6,1.0,0.3,0.4,0.7,0.6,0.9,1.0,0.9,0.7,0.6,0.2,0.9,0.1
사당5동,0.3,0.6,0.6,0.4,0.2,0.8,0.8,0.4,0.6,0.1,0.2,1.0,0.8,0.2
대방동,0.1,1.0,0.4,0.9,0.2,0.9,0.3,0.9,0.1,0.4,0.4,0.8,0.8,0.5
신대방1동,0.9,1.0,0.1,0.9,0.9,0.5,0.2,0.2,0.8,0.2,0.8,0.4,0.5,0.2
신대방2동,0.7,0.2,0.8,0.1,0.6,0.5,0.6,0.7,0.5,0.7,0.2,1.0,0.2,0.2
흑석동,1.0,1.0,0.3,0.2,1.0,0.9,0.4,0.5,0.5,0.4,0.1,0.7,0.6,0.6
노량진1동,0.9,0.1,0.6,1.0,0.9,1.0,0.9,0.3,1.0,0.2,0.1,0.2,1.0,0.2
사당2동,0.8,0.6,0.8,0.4,0.8,0.3,0.2,0.3,0.6,0.7,0.4,0.8,0.6,0.9
보라매동,0.9,0.3,0.1,0.2,0.3,0.5,0.1,0.3,0.1,0.5,0.2,1.0,0.4,0.2
청림동,0.9,0.2,0.9,0.7,0.9,0.5,0.4,0.4,0.4,0.6,0.4,0.3,0.1,0.8
행운동,0.3,1.0,0.8,0.6,0.9,0.2,1.0,0.6,0.1,0.8,0.9,0.8,0.8,1.0
낙성대동,0.6,0.1,0.6,0.5,0.1,1.0,0.8,0.5,0.9,0.5,0.3,0.4,0.2,0.8
중앙동,1.0,0.1,0.5,1.0,0.9,0.9,0.5,0.1,0.4,0.1,0.1,0.7,0.1,0.2
인헌동,0.8,0.8,0.5,0.3,0.7,0.1,0.2,0.5,0.4,0.6,0.9,0.1,0.4,0.9
남현동,0.1,0.8,1.0,0.2,1.0,0.7,0.7,0.5,0.9,0.9,0.5,0.3,0.6,0.4
서원동,0.6,0.2,1.0,0.2,1.0,0.7,0.9,0.4,0.2,1.0,0.4,0.1,0.4,0.8
신원동,0.8,0.3,0.2,0.1,0.6,1.0,0.2,0.5,0.2,0.4,0.2,0.5,0.6,0.8
서림동,0.6,0.4,0.6,0.9,0.6,0.2,0.5,0.9,0.9,0.8,0.7,0.9,0.4,1.0
신사동,0.9,0.4,0.1,0.4,0.1,0.1,1.0,0.5,0.1,0.3,0.5,0.9,0.5,0.3
신림동,0.4,0.8,0.1,0.9,0.3,0.8,0.6,1.0,0.7,0.6,1.0,0.8,0.9,0.5
난향동,0.8,0.9,0.7,1.0,0.9,0.3,1.0,0.2,1.0,0.3,1.0,0.5,1.0,0.8
조원동,1.0,0.3,1.0,0.4,0.6,0.6,0.6,0.2,0.5,0.9,0.6,0.8,0.9,1.0
대학동,0.6,0.4,0.7,1.0,0.4,0.7,0.2,0.6,0.8,0.3,0.1,0.7,0.7,0.4
은천동,0.1,0.7,0.3,0.4,0.5,0.1,0.8,0.6,0.2,0.9,0.2,0.1,0.9,0.1
성현동,1.0,0.3,0.7,0.6,0.7,0.6,0.2,0.6,0.1,0.5,0.5,0.3,0.9,0.2
청룡동,0.1,0.5,0.1,0.7,0.5,0.5,0.7,0.3,1.0,0.6,0.7,0.2,0.9,0.5
난곡동,0.1,0.2,0.9,0.6,0.2,1.0,1.0,0.1,0.7,0.9,0.3,0.8,0.5,0.6
삼성동,0.5,1.0,0.6,0.3,0.8,0.6,0.9,0.3,0.4,0.3,0.9,0.3,0.3,0.1
미성동,0.5,0.4,0.6,0.8,1.0,0.3,0.5,0.4,0.5,0.9,0.6,0.8,1.0,0.7
서초1동,0.3,0.8,0.9,0.4,0.9,0.2,0.4,0.8,0.5,0.1,1.0,0.1,0.4,0.2
서초2동,0.3,0.6,0.2,0.2,0.3,0.2,1.0,0.6,0.7,0.4,0.1,0.7,0.5,0.1
서초3동,0.6,0.7,0.4,0.9,0.1,0.2,0.6,0.1,0.4,0.7,0.6,1.0,0.8,0.2
서초4동,0.4,0.9,0.8,0.6,0.6,0.1,0.2,0.4,0.6,1.0,0.5,0.3,0.2,0.8
잠원동,0.5,0.8,0.8,0.4,0.7,0.6,0.8,0.5,0.6,0.5,0.4,0.6,0.8,0.7
반포본동,0.5,0.7,0.1,0.8,0.8,1.0,1.0,0.9,1.0,0.8,0.9,0.8,1.0,0.8
반포1동,0.6,0.6,0.9,0.6,0.9,0.4,0.8,0.8,0.4,0.7,0.4,0.7,0.9,0.6
반포2동,0.2,0.7,0.5,0.6,1.0,1.0,0.4,0.5,0.1,0.6,0.1,0.5,0.2,0.8
반포3동,0.8,0.3,0.2,0.9,0.6,0.9,0.8,0.7,0.1,0.6,0.1,0.4,0.4,1.0
반포4동,0.2,0.5,0.9,0.4,0.3,0.6,0.3,0.9,0.7,0.7,0.5,0.7,0.8,1.0
방배본동,0.4,0.7,0.2,0.2,0.1,0.9,0.8,0.8,1.0,0.4,0.7,1.0,0.1,0.2
방배1동,1.0,0.6,0.8,0.9,0.1,0.3,0.4,0.7,1.0,0.5,0.2,0.4,0.9,0.2
방배2동,0.5,0.9,0.3,0.6,0.6,0.4,0.3,0.8,0.7,0.4,0.1,0.8,0.3,0.4
방배3동,1.0,0.8,0.6,0.7,0.6,0.4,0.5,0.7,0.2,0.6,0.2,0.3,0.2,0.5
방배4동,0.6,0.4,0.9,1.0,1.0,0.4,0.5,1.0,0.8,0.7,0.9,0.3,0.9,0.4
양재1동,0.2,0.4,0.4,0.5,0.2,0.6,0.2,1.0,0.7,0.9,1.0,0.8,1.0,0.7
양재2동,0.1,0.3,1.0,0.7,0.6,0.3,0.6,0.8,1.0,0.2,0.1,0.8,0.9,0.1
내곡동,0.1,0.2,0.7,0.4,0.8,0.1,1.0,0.1,0.5,0.2,0.2,0.7,0.5,0.9
신사동,0.3,0.2,0.9,0.3,0.1,1.0,0.1,0.4,0.9,0.6,0.9,0.5,0.4,0.1
논현1동,0.7,0.6,0.2,0.2,0.3,1.0,0.5,0.6,0.5,0.2,1.0,1.0,0.9,0.5
논현2동,0.5,0.9,0.3,0.7,0.9,0.3,0.6,0.1,0.9,0.8,0.3,0.2,0.8,0.6
삼성1동,0.2,0.1,0.5,0.5,0.1,0.5,0.3,0.6,1.0,0.3,0.7,0.7,0.6,0.6
삼성2동,0.6,0.8,0.8,0.1,0.7,1.0,0.4,0.4,0.2,1.0,0.2,0.2,0.4,0.8
대치1동,1.0,0.8,0.1,0.2,0.6,0.2,0.4,0.6,0.5,1.0,0.2,0.8,0.9,0.6
대치2동,1.0,0.5,0.8,1.0,1.0,0.8,0.9,0.4,0.6,0.5,0.8,0.5,1.0,0.1
대치4동,0.6,0.5,0.5,0.2,1.0,0.2,0.5,0.2,0.1,0.6,0.1,0.2,0.2,0.1
역삼1동,0.1,0.7,0.1,0.6,0.8,0.8,0.4,0.9,0.9,0.2,0.9,1.0,1.0,0.9
역삼2동,0.6,0.5,0.9,0.1,0.7,0.4,0.6,0.9,0.5,0.1,0.9,0.2,0.8,0.9
도곡1동,0.2,1.0,0.4,0.4,1.0,0.7,0.2,0.2,0.9,0.4,1.0,0.1,0.5,0.6
도곡2동,0.7,0.7,0.6,0.4,0.6,0.6,0.4,0.6,0.6,1.0,0.3,0.8,0.3,0.1
개포1동,0.3,0.7,0.6,0.6,0.5,0.8,0.8,0.4,0.1,0.2,0.5,0.7,0.2,0.5
개포2동,0.3,0.6,0.8,0.6,0.8,0.6,0.8,0.9,0.9,0.6,0.6,0.3,0.2,0.5
개포4동,0.1,0.2,0.6,0.8,0.1,0.2,0.1,0.2,0.7,1.0,0.9,0.3,0.2,0.7
일원본동,0.3,0.3,0.7,0.1,0.4,0.4,0.5,0.3,0.8,0.6,0.2,0.6,0.1,0.4
일원1동,0.2,0.7,0.3,0.2,0.3,0.4,0.8,0.2,0.8,0.4,0.7,0.2,0.4,0.2
일원2동,0.1,0.6,0.6,0.6,0.1,0.1,0.5,0.7,0.3,1.0,0.7,0.2,0.9,0.8
수서동,0.2,1.0,0.4,1.0,0.8,0.8,0.9,0.3,0.7,0.5,0.8,1.0,0.1,0.3
세곡동,0.9,0.4,1.0,0.9,1.0,0.1,1.0,0.4,0.5,0.7,0.3,0.4,1.0,0.7
압구정동,0.9,0.3,0.4,0.2,0.5,0.8,0.8,0.4,0.9,0.7,0.1,0.7,0.3,0.7
청담동,0.1,0.2,0.9,0.1,0.1,0.8,1.0,0.1,0.1,0.6,0.1,0.9,0.4,0.1
풍납1동,0.9,0.1,0.1,0.9,0.1,0.5,0.9,0.9,0.8,0.5,0.3,0.3,0.5,0.6
풍납2동,0.4,0.4,0.9,0.4,0.6,0.2,0.1,0.3,0.7,1.0,0.3,0.1,0.4,0.6
거여1동,0.5,0.7,1.0,0.7,0.6,0.9,0.5,0.4,0.5,0.9,0.8,0.1,0.3,0.8
거여2동,0.4,0.9,0.8,0.8,0.3,0.7,1.0,0.4,0.8,0.1,0.3,0.4,1.0,0.2
마천1동,0.2,0.5,0.3,0.8,0.6,0.1,0.6,0.4,0.5,0.6,0.4,0.9,0.6,0.1
마천2동,0.6,0.9,0.8,0.5,0.1,0.9,0.3,0.7,0.5,0.8,0.9,1.0,0.2,0.7
방이1동,0.9,0.3,0.4,0.6,0.6,0.7,0.9,0.7,0.1,0.3,1.0,0.6,0.4,0.4
방이2동,0.3,0.9,0.2,0.2,0.9,0.1,0.5,1.0,0.1,0.8,0.1,0.4,0.1,0.8
오륜동,0.7,0.3,0.7,0.2,0.4,1.0,0.8,0.7,0.5,0.2,0.9,0.9,0.2,1.0
오금동,0.2,0.1,0.1,0.8,0.4,0.5,0.6,1.0,0.2,0.8,0.3,0.8,0.4,0.9
송파1동,1.0,0.9,0.7,0.4,0.7,0.3,0.9,0.6,0.6,0.4,1.0,0.5,0.6,0.7
송파2동,0.2,0.5,0.4,0.2,0.3,1.0,0.4,0.3,0.5,1.0,0.5,0.8,0.8,0.5
석촌동,0.8,0.3,0.6,0.5,0.6,1.0,0.8,0.9,0.5,0.4,0.1,0.7,0.9,0.6
삼전동,0.1,0.5,0.5,0.4,1.0,0.5,0.1,0.2,0.8,1.0,0.4,1.0,0.5,0.4
가락본동,0.7,0.8,0.9,0.8,0.9,0.4,0.3,0.1,0.5,1.0,0.1,0.6,0.8,0.3
가락1동,0.6,0.8,0.3,0.4,1.0,1.0,0.2,1.0,0.1,0.2,0.8,0.2,0.9,0.7
가락2동,0.5,0.1,0.2,0.5,0.1,0.1,0.1,0.6,0.8,0.9,0.3,0.3,1.0,1.0
문정1동,0.8,0.4,0.9,0.1,0.7,0.8,0.3,1.0,0.4,0.9,0.6,0.6,0.7,0.5
문정2동,0.1,0.2,0.2,0.1,0.3,0.3,0.9,0.3,0.1,0.9,0.2,0.2,0.4,0.6
장지동,1.0,0.6,0.9,0.4,0.5,0.5,0.3,0.3,0.5,1.0,1.0,0.7,0.6,0.4
위례동,0.8,0.6,0.3,0.1,0.3,0.2,0.4,0.8,0.9,0.6,1.0,0.9,0.6,1.0
잠실본동,1.0,1.0,0.1,0.7,0.7,0.6,0.8,0.2,1.0,0.3,0.7,0.3,0.1,0.3
잠실2동,0.2,0.8,0.5,0.4,0.5,0.3,0.4,0.5,0.5,0.4,1.0,0.3,0.7,0.6
잠실3동,0.7,0.1,0.4,0.5,0.9,0.1,0.5,0.1,1.0,1.0,0.5,0.5,0.6,0.5
잠실4동,0.5,0.2,0.8,0.2,1.0,0.8,0.6,0.1,0.3,0.1,0.4,0.4,0.2,1.0
잠실6동,1.0,1.0,0.5,0.7,0.2,0.1,0.9,0.8,0.2,0.4,0.6,0.2,0.1,0.2
잠실7동,1.0,0.5,0.7,0.8,0.4,0.7,0.7,0.1,0.4,0.5,0.6,0.7,0.8,0.1
길동,0.9,0.1,0.4,1.0,0.5,0.1,0.8,0.4,0.7,0.1,0.8,0.9,0.3,0.1
강일동,0.8,0.4,0.5,0.4,0.7,0.6,0.8,0.1,0.4,0.6,0.4,0.3,0.2,0.6
명일1동,0.4,0.7,0.1,0.9,0.5,0.9,0.6,0.1,0.4,0.1,1.0,0.8,0.2,0.5
명일2동,0.4,0.9,0.3,0.4,0.9,0.7,0.9,0.6,0.6,0.4,1.0,0.4,0.8,0.3
고덕1동,1.0,0.8,0.3,0.8,0.6,0.8,0.4,0.7,0.2,0.2,0.6,0.3,0.7,0.2
고덕2동,1.0,0.3,0.1,0.9,0.7,0.4,0.5,0.6,0.6,0.3,0.3,0.9,0.1,0.6
암사1동,0.5,0.5,1.0,0.4,1.0,0.7,0.8,0.3,0.3,0.5,0.2,0.4,0.7,0.3
암사2동,0.9,0.5,0.6,0.4,0.7,0.1,0.4,0.5,0.3,0.9,0.4,1.0,0.2,0.8
암사3동,0.4,1.0,0.3,0.7,0.8,0.6,0.5,0.8,0.6,0.3,1.0,0.9,0.1,0.7
천호1동,0.2,0.6,0.5,0.5,0.1,0.2,0.7,0.6,0.1,0.5,0.9,0.7,1.0,0.2
천호2동,0.2,0.5,0.7,0.1,0.3,0.7,0.6,0.4,0.7,0.8,0.9,0.4,0.4,1.0
천호3동,0.2,0.8,0.9,0.2,0.4,0.3,0.7,0.8,0.9,0.3,0.8,0.2,0.9,0.7
성내1동,0.7,1.0,0.9,0.2,0.3,0.2,0.1,0.1,0.8,0.5,0.7,0.7,1.0,0.4
성내2동,1.0,0.5,0.6,0.6,0.4,0.9,0.9,0.4,0.4,1.0,0.3,0.2,0.3,0.6
성내3동,0.1,0.7,0.3,0.7,0.4,0.7,0.2,0.7,0.2,0.5,0.1,0.1,0.9,0.1
둔촌1동,0.1,0.9,0.7,0.8,0.6,0.4,0.3,1.0,0.8,0.4,0.5,0.1,0.6,0.7
둔촌2동,0.2,0.1,0.3,0.7,0.6,0.9,0.8,0.8,0.7,0.4,0.9,0.9,0.4,1.0
상일1동,0.7,0.8,0.4,0.9,0.9,0.8,0.3,0.1,0.5,0.1,0.5,0.1,0.1,0.5
상일2동,0.7,0.1,0.1,0.1,0.5,0.2,0.1,1.0,0.1,0.3,0.9,0.2,0.9,0.2
