,A,B,C,D
사직동,0.7568084774180681,0.8371506301304996,0.36774083106984345,0.8562179103596124
삼청동,0.827741759254558,0.30467907647195236,0.9235180581525307,0.0006785257752056628
부암동,0.5689170470455052,0.9245182463691028,0.05625068792387189,0.2600881368220651
평창동,0.5807052259668412,0.5845801565040853,0.8448154590448849,0.0608664112887608
무악동,0.139817978327202,0.30344293794143307,0.5983311151016941,0.3129345358545581
교남동,0.33947021174106384,0.2888845125195161,0.2659268641450321,0.9486166626194643
가회동,0.2996086788676775,0.8961944511017427,0.01608749864898773,0.418956747994531
종로1.2.3.4가동,0.5016496668610635,0.0523651962636722,0.15669401532947547,0.7973115616703601
종로5.6가동,0.8214699571095224,0.44138728856231413,0.3692363195992904,0.2869264885443985
이화동,0.827575125352748,0.8840915926527609,0.23560782277988468,0.5924301201869727
혜화동,0.2650296128187374,0.0474490009370272,0.9680521527622885,0.3314141458963258
창신1동,0.8236801951546683,0.8574968726298372,0.13558194247631872,0.9375030253521774
창신2동,0.5963142754141563,0.6045164534883314,0.8598228167200817,0.631828652403846
창신3동,0.7169824485393632,0.8758720176360757,0.2343789564864237,0.4884658728135408
숭인1동,0.08864615035953582,0.12704265125052738,0.1831966776309233,0.7565439821924745
숭인2동,0.5555540301541322,0.9182738184434813,0.3119344978814792,0.26943122281398524
청운효자동,0.5612977023737232,0.6368757277767451,0.13280697778701733,0.18135141950766964
소공동,0.4933882104416386,0.854148304832876,0.42035604429263096,0.028325759015647378
회현동,0.3711946221502024,0.7612519111226183,0.070728861942993,0.2620326963678141
명동,0.21940072602311023,0.8529914116161846,0.2952087606555214,0.3042885809171638
필동,0.9906620498774036,0.30718361242133385,0.8483021372202364,0.24511236292177818
장충동,0.09166105939963543,0.9514113286495228,0.2385224289331762,0.2786786230109888
광희동,0.7736972938525182,0.38938118676175737,0.6581841982778682,0.3459264216826664
을지로동,0.7519129016582059,0.17580186797836506,0.5489635393826493,0.17323794572989482
신당5동,0.11494478747827486,0.7141394361609648,0.13968471581935216,0.8322788376691572
황학동,0.7811986239195354,0.9953026102342142,0.6395215035469097,0.3341325725729618
중림동,0.4687784814660677,0.8286415736292011,0.691916574641668,0.24548635677299024
신당동,0.4035528263792001,0.23237965638163527,0.3114890751166465,0.4825018499204673
다산동,0.6108416056852247,0.9513337825396888,0.5348917824149995,0.9053786139663896
약수동,0.6298712268906242,0.8167254037460232,0.9963949283734,0.16774943360200611
청구동,0.5757518633714894,0.5792356613017411,0.8565014919870092,0.5816124888950567
동화동,0.4190143088557643,0.6327638538833534,0.6455427946014143,0.08872369774247146
후암동,0.15113560540957116,0.9211125394252857,0.19028532837433887,0.13365944994195578
용산2가동,0.5807868990631287,0.9723364334869553,0.062001925265969815,0.7858555361626222
남영동,0.4613742849135186,0.23999617014933017,0.8625937885082601,0.062067926599676304
원효로2동,0.4233438868296673,0.4282406729027567,0.09476771201728729,0.3369805001090407
효창동,0.7212235833667672,0.5074706327183683,0.9581578525589393,0.76509333350354
용문동,0.8425654276807335,0.8315701383600086,0.16957545580783173,0.9451622002832605
이촌1동,0.6464780583089371,0.14424579905808643,0.4890188876582947,0.9671867053542411
이촌2동,0.2461259198385627,0.859609312708747,0.7412319723037442,0.5188105949292218
이태원1동,0.46193631017517045,0.39923463956207716,0.8930258590121706,0.3128769208070392
이태원2동,0.4064742836486538,0.9068208058377268,0.7184435120969893,0.12966987392689533
서빙고동,0.44679842232358524,0.7423445828391426,0.6290296774402101,0.001327152531448772
보광동,0.5308657138197833,0.12446980888785353,0.0438238948045816,0.15900688380398564
청파동,0.7543741158736388,0.31573116545498126,0.8396671738821642,0.21720683150569986
원효로1동,0.5287374368518748,0.06689306846539911,0.08370559702092961,0.2256026330305696
한강로동,0.13249090595135016,0.9793335115618275,0.8967716504551668,0.9031514340448862
한남동,0.6844002312156287,0.677594459651438,0.12506410175010374,0.9726612718179249
왕십리2동,0.5845413127310626,0.6805492813503071,0.7633011195175866,0.3958711247427391
마장동,0.15922392927132079,0.14324623192808317,0.5290544728980472,0.508987311511168
사근동,0.8995321271562338,0.02525653572384856,0.8745455365330297,0.2103047456797592
행당1동,0.799438298556784,0.12475434829386556,0.24945706896389874,0.5753787630121362
행당2동,0.5829340229057096,0.5257880222101278,0.9882945111412201,0.6346018330160147
응봉동,0.7467868294704789,0.09946144214578434,0.6410379182504226,0.291931204995057
금호1가동,0.3150321818247783,0.16673039635391562,0.6594608798280571,0.854163070718245
금호4가동,0.45233298944770683,0.83305505975698,0.42516687220239935,0.1951241200368513
성수1가1동,0.5591929877879487,0.7079528777409246,0.09230634065120324,0.8037222300231414
성수1가2동,0.25054891078021846,0.5542542578415146,0.2705885803322853,0.27589421990179974
성수2가1동,0.14754410265851325,0.17556074805837474,0.6827321449713467,0.7586844746608139
성수2가3동,0.1897475878586813,0.7746701389687204,0.8010727174046347,0.019225669240941046
송정동,0.9154758583010393,0.5364305336362559,0.19687088752528414,0.5386398565756012
용답동,0.8552319550834346,0.15724669005024283,0.8369720740920954,0.24894441776485043
왕십리도선동,0.8169852273330933,0.02001081592204379,0.9471256222956411,0.694797970826832
금호2.3가동,0.24216403098939643,0.44249617416550713,0.7453645865667552,0.45223110279183565
옥수동,0.7286485224162066,0.18320636263160128,0.052617735698306634,0.2700589252298239
화양동,0.36293301232600084,0.6723687014298669,0.44067295996469413,0.4064290530342515
군자동,0.2505211068525498,0.7873319951683289,0.8900347163800146,0.06256563422614903
중곡1동,0.8549446201973244,0.7569368199599888,0.37671572345481996,0.4819679612720177
중곡2동,0.6913243932614762,0.5037428622938399,0.5311744413317303,0.6990865317107836
중곡3동,0.04720424497444475,0.8586047990545438,0.9975009352356173,0.8762923371096174
중곡4동,0.7536952422268435,0.9603879597840708,0.3723827489125793,0.5362245053160601
능동,0.761630528601195,0.08446858060333318,0.3520934633799214,0.10585925373914717
구의1동,0.8864897163033147,0.7276963059391145,0.02930381156044415,0.9898600426381363
구의2동,0.1355374454024736,0.1251622285739854,0.07316229455959655,0.6425853988642175
구의3동,0.18756457809671157,0.4698748877255453,0.8508056312783875,0.9284110712573159
광장동,0.35311885723329073,0.9775079460433115,0.020783427949511823,0.5744238472208099
자양1동,0.03585290383768913,0.9063457810183259,0.42711698737467785,0.0979156196577925
자양2동,0.5233954225916175,0.07105640617692355,0.5155886832485644,0.6933046767706326
자양3동,0.48733130197269003,0.9312802369074256,0.5030388041329381,0.20186205681425406
자양4동,0.2971922371670561,0.9969229861175323,0.3048144337666703,0.35610020880144877
회기동,0.015550023187960615,0.12726380422905248,0.5696896172910725,0.9143518023994955
휘경1동,0.038243770434404634,0.7913939212350241,0.0670755535685914,0.8904199975600584
휘경2동,0.24587455893927346,0.21526311081641836,0.5365321754255771,0.7082027716955296
청량리동,0.24787147556890032,0.784338518349123,0.39060299514238817,0.7886913877701768
용신동,0.03607828237783128,0.11372294216979706,0.47004567458240976,0.3228463151680936
제기동,0.8727234499757623,0.8572310155618462,0.08960249432327616,0.5194470335439546
전농1동,0.031130800030977457,0.18076942126052453,0.23945784466743503,0.7508050981352452
전농2동,0.6855738114877247,0.4860241273952538,0.6414095499497596,0.4811608988714905
답십리1동,0.13325774404250434,0.2699835721373147,0.6198890357770668,0.01562529660355516
답십리2동,0.9923569999059583,0.8195479100017605,0.9217735439737422,0.3486077953282898
장안1동,0.39221030740867247,0.19243674433965985,0.7430768938027995,0.6590717883108368
장안2동,0.6797032316783505,0.503257100477526,0.6383668349083704,0.06037716165585516
이문1동,0.08169100776860361,0.5045793833988803,0.9949442677518042,0.5979104534501645
이문2동,0.030373430110756217,0.8942992145030022,0.07331314020779955,0.9603010727316608
면목2동,0.7936062102262613,0.1527567529324536,0.01907419042768488,0.3395343393667256
면목4동,0.02441129211432913,0.07476709093298262,0.5647126963118071,0.07452773689676595
면목5동,0.4856186136057299,0.6149388650762001,0.5673191577577201,0.23754599670305843
면목7동,0.022518303304201903,0.40364439609024305,0.5150070734028576,0.8088679944634993
상봉1동,0.7708042825871028,0.04820765203395472,0.7785544355298296,0.16911735884823564
상봉2동,0.5837051829973225,0.10219952972835833,0.4054446597661997,0.804980746809837
중화1동,0.6318204373733907,0.1187518893851156,0.7957678021460656,0.007429223883340663
중화2동,0.42942972050138284,0.451827244104819,0.41244094361112427,0.7856695088183433
묵1동,0.766425655706221,0.21588243638679006,0.14530839412323604,0.3969456753602272
묵2동,0.053350913739010464,0.8263277588256683,0.6848692948657877,0.8419095364748009
망우3동,0.9356928902878958,0.3490955398763622,0.4507402828640219,0.18924117744385605
신내1동,0.8953957590767928,0.31034605566503215,0.8873009942974749,0.03685034813436816
신내2동,0.17727585013030545,0.9531776696155667,0.17553900523324095,0.7906734632408717
면목본동,0.7737042779677366,0.45385581861642044,0.5335090118183786,0.5041722278330174
면목3.8동,0.8253566957961296,0.157585087864486,0.26865906368159875,0.9035765539330118
망우본동,0.07445345240218781,0.454532832861562,0.3626120621690748,0.7008191591842452
돈암1동,0.5503725602358893,0.6469922035686515,0.0821569943900835,0.5699698394200775
돈암2동,0.8162426344696903,0.1509352032607887,0.16602824981699082,0.532229260683679
안암동,0.23012553882682008,0.4002363889867704,0.3718677748232764,0.42868088318530084
보문동,0.77551062552643,0.9627223255002304,0.1443583915827491,0.6586614677799328
정릉1동,0.12172900025105826,0.9092215788456419,0.28307572918874147,0.6664559993292459
정릉2동,0.31496874039340916,0.12020669591125532,0.509482425233403,0.7826044485973173
정릉3동,0.9690431760374707,0.8066976939772909,0.7195113840601672,0.44468201482958203
정릉4동,0.5548724014460477,0.962377714591848,0.24300605106800177,0.997635792864589
길음1동,0.0380065297839266,0.018011794498828393,0.8943917311990415,0.512588511341837
길음2동,0.8309251022837412,0.41648289907845426,0.09208367167639864,0.5673681984922103
월곡1동,0.8790438710427924,0.8435199141054434,0.20033062775066912,0.7287762584073482
월곡2동,0.3637002033636316,0.9135301129953582,0.7088428913460383,0.10867446535049807
장위1동,0.3988035295187462,0.6383959753310592,0.8642598172555723,0.2908570912240922
장위2동,0.6707144443379118,0.33906413150616044,0.9856444554557938,0.11097427319741016
장위3동,0.6855444904910526,0.8386352569599366,0.8359661226364122,0.5741252261966282
성북동,0.5597122059234424,0.9483268592630048,0.590298725156223,0.29475818725408764
삼선동,0.49571440329515826,0.14669922061398077,0.054570957852962176,0.9711125133653634
동선동,0.3533170142991595,0.04665554076897194,0.9377828150205569,0.5198988182266473
종암동,0.39595165615375805,0.102266621243853,0.11573078659395575,0.3153239506954735
석관동,0.8774929134153142,0.09077937420532578,0.6613619570959556,0.8144780884794546
번1동,0.7642020979137321,0.8939040041304477,0.8550935162435946,0.754641838930948
번2동,0.026299427037536294,0.3907063081140024,0.047219233494623536,0.39683129836672293
번3동,0.2553242873966043,0.08811358524134227,0.5918403565197443,0.2936931863140999
수유1동,0.45243649357028415,0.9015057599443772,0.507294145966327,0.6809875503429844
수유2동,0.03276001191143629,0.23510095346256965,0.4205751345363109,0.3255236823907214
수유3동,0.17829263274898832,0.7145325006971688,0.49403678450402067,0.3219202538350161
삼양동,0.4272237975235371,0.40393732678273475,0.22316667852788608,0.023807445609967726
미아동,0.8090615256702562,0.5201002594803272,0.6515962966461128,0.7362191702181432
송중동,0.3730972578300501,0.9049640071886413,0.1438894905745851,0.278102809825475
송천동,0.6182672850396416,0.3312519589237012,0.06484938693703535,0.9581779414954223
삼각산동,0.9110609756879057,0.7371872738234807,0.47297422738203987,0.18191026203023408
우이동,0.33652403267367603,0.7925726559962734,0.344442469914214,0.855956713517072
인수동,0.6190358900515563,0.8839646720744365,0.33908798341458635,0.5225142252285386
쌍문1동,0.5644818778809431,0.5080013421538416,0.48605107610364984,0.1095138453332073
쌍문2동,0.7338997681898431,0.9272929836337505,0.7438460006527303,0.12691226428093194
쌍문3동,0.7478243398285027,0.24465583519297118,0.4440828709919834,0.5628315293656803
쌍문4동,0.5960516730168007,0.3467076561911613,0.9458524302824123,0.4364709443385827
방학1동,0.8128648684946771,0.9676882108038632,0.9787662441732751,0.14507915909150393
방학2동,0.9634364451837191,0.2028374987197542,0.31809529146312243,0.9671614325023181
방학3동,0.676147368818074,0.5093799994356388,0.6973853469376686,0.2921927887450194
창1동,0.30214756983594826,0.57852311469237,0.7400531468997207,0.1425896921394142
창2동,0.6601848684992152,0.6422091734962171,0.34463729126043574,0.5806244799187458
창3동,0.6566661257085376,0.48948475302866323,0.12891650981932068,0.5711633112481121
창4동,0.8898486425606965,0.580879861954026,0.8308645548120035,0.49953911334258305
창5동,0.19814823207292676,0.33909313716449163,0.40028064839167543,0.26053475447432795
도봉1동,0.3852717660035355,0.5339195706017104,0.0353666855890401,0.4734857335614677
도봉2동,0.028611028318904164,0.6494565951729221,0.6052575856831482,0.4190240298849527
월계1동,0.5800468587133687,0.8773974857671728,0.6171228101832046,0.09125106864808352
월계2동,0.049067310270903164,0.47450147883220817,0.562823734122285,0.08143001927682048
월계3동,0.3311360052858451,0.7521992191547181,0.16992588898868066,0.16842882942817627
공릉2동,0.1343003095396511,0.6977857843511128,0.39453244992141157,0.8923794623393009
하계1동,0.8263390864804497,0.10833049433332309,0.6382608257327519,0.46607673692816076
하계2동,0.23586559211764035,0.6069094164056663,0.12810058115580836,0.8018435187666151
중계본동,0.8576742437210703,0.6867325474423622,0.5038817343237557,0.2906781647094976
중계1동,0.007730030963990164,0.5974433511002233,0.01984900095767428,0.0768183781991214
중계4동,0.7512499408118339,0.806683704320847,0.8713373281652943,0.8055326125400912
상계1동,0.8000162591919625,0.3467472172321211,0.9218003776199796,0.9643102238512083
상계2동,0.10671040280393118,0.35700910933372987,0.5233887215179093,0.6562709032686849
상계5동,0.9561487077003163,0.11830708695769832,0.27099819315315354,0.433487833719303
상계8동,0.9882448685668447,0.5185053792502843,0.8362264900338097,0.10481050708204309
상계9동,0.9833076896644874,0.6074162530873041,0.7661696204701188,0.16857654185160453
상계10동,0.57342325159982,0.07627899294145335,0.034644065033018756,0.9158543588141353
상계3.4동,0.976027647600712,0.41466796169683595,0.690331203512133,0.9418117790126495
상계6.7동,0.1632704557277911,0.4033016629206233,0.43980371867603973,0.690832658123232
중계2.3동,0.8172212624073543,0.25348530904637445,0.8972502065330971,0.4027859897442123
공릉1동,0.18528809318854067,0.08788706705033233,0.7621639810298907,0.028029901537271695
녹번동,0.6117515897220513,0.618766770763912,0.18803474336726522,0.7639093744526919
불광1동,0.5350581365195871,0.5237593301837723,0.19929705693164257,0.3942143303440758
갈현1동,0.6787994383814799,0.26667260058341946,0.4638967000255152,0.5902603646708828
갈현2동,0.37641998528429943,0.9677557480612373,0.4775484581578635,0.8219511110962381
구산동,0.9545285726094641,0.07216293750280711,0.5943181066398998,0.4679686271675365
대조동,0.9774184210726389,0.8294906702498611,0.4239673546548298,0.9861943323413087
응암1동,0.30895000725290367,0.8887230386981931,0.8783410127703115,0.4940934630078849
응암2동,0.9170645158198658,0.18336737533889946,0.26161117578290805,0.36016028116193355
신사1동,0.255370193869476,0.04954532607578388,0.5019627168783606,0.5933794573419718
신사2동,0.8071815337089902,0.22839672018192914,0.21966759264838132,0.6799841280859592
증산동,0.3998250751378597,0.28120194678933186,0.6726158828201498,0.06529941908318482
수색동,0.2564580235564041,0.011845056858196479,0.45295315818638116,0.4895095208174576
진관동,0.3348123155132454,0.273710584452195,0.6559022836805356,0.3148560292862933
불광2동,0.45878718144633013,0.6919332370055051,0.4229474282640123,0.25156804174019576
응암3동,0.9392893850013545,0.718027940901143,0.04812548702304109,0.036429289546629606
역촌동,0.15100492879677696,0.7950138633083508,0.3758058230715807,0.06141399381889656
천연동,0.627626764038088,0.3569771840592155,0.30800348557128343,0.17371843818612853
홍제1동,0.6969665428617307,0.16194025614587504,0.250532724768605,0.9467174489253262
홍제2동,0.8232080922211225,0.40988814086637426,0.9997287657849657,0.9428935137485365
홍제3동,0.44099615244128976,0.959564377695126,0.824668203251869,0.2416570606490953
홍은1동,0.31835033248837563,0.19678413129637962,0.9143955443644497,0.708305029357714
홍은2동,0.8115465919638848,0.3457975094588641,0.5652964418568832,0.9218834152248321
남가좌1동,0.8234841372204188,0.46906660688142765,0.2779154588324494,0.8882980922023398
남가좌2동,0.3325411849319151,0.7183356845423566,0.13075635985877132,0.8853049629150413
북가좌1동,0.8942192775874646,0.5484077586959405,0.6742104741892371,0.5720916499601403
북가좌2동,0.7960812494762055,0.6287163600429079,0.8429403872577801,0.17886559414401093
충현동,0.3376222786865003,0.7601125417028143,0.671273753364355,0.7069532834949301
북아현동,0.8347135613877058,0.16810751810338853,0.6836343599948327,0.9458003499428839
신촌동,0.741630294596411,0.028369017864796953,0.9737012755587251,0.7897223159711544
연희동,0.030236129051141925,0.5724463026983747,0.23940593923878195,0.2344967290301766
용강동,0.06230166867528375,0.5438768023423232,0.38986748015590245,0.0029944491859060784
대흥동,0.8091579074451908,0.8560572440313111,0.8620942531035718,0.14775608436770526
염리동,0.23178091579219795,0.09817908790800856,0.3527740789980892,0.1536779054048255
신수동,0.1860516819087804,0.4687575329824837,0.5746082014943233,0.5166917957539757
서교동,0.31465530530224695,0.2794371045921489,0.18285171136676015,0.378590496883781
합정동,0.9076689182064696,0.2734895417949281,0.6386892219364051,0.3729086383257133
망원1동,0.9080385998699546,0.7059539334218004,0.6106235343211629,0.20302408724519583
망원2동,0.28851493525881333,0.5986282665506907,0.2571397891980709,0.0190741342304932
연남동,0.023968708379402126,0.3082241016712578,0.4868620994795356,0.2972789782024732
성산1동,0.5594552077862522,0.29447212265253175,0.9751742782790045,0.10992009661606339
성산2동,0.2054240804481109,0.19992150019646926,0.867650393715213,0.9081338501310547
상암동,0.5538570943801684,0.23278344143522767,0.5570845995916367,0.05551395629833211
도화동,0.2909250157662834,0.013497407052473598,0.6353673421311606,0.5234880893686219
서강동,0.3406847096238549,0.5190295736983543,0.1997253505228609,0.8763904595785118
공덕동,0.02902531956568888,0.2842690644461464,0.9681766893071344,0.7752784535084145
아현동,0.8328447094903324,0.12152687518411032,0.9914062363578197,0.264595593630507
목1동,0.9412491496929101,0.15197929395089904,0.6028083429417612,0.17003769670553193
목2동,0.4282842114572929,0.6777777586521105,0.8775521665470348,0.9535043801094696
목3동,0.7131899355543332,0.11434879902333539,0.9179010591030755,0.5515834128583936
목4동,0.5347375731646627,0.6302276167573779,0.9441462367296117,0.9314517336367482
목5동,0.9018664129219055,0.0829748901018279,0.5656350953385935,0.8809405667580168
신월1동,0.5585154374454152,0.4567069937651851,0.3071504955758151,0.26408098566709404
신월2동,0.030552705209545894,0.6427514376197971,0.6902494454277214,0.5542048074703485
신월3동,0.43433553110492773,0.01110924499756627,0.7405066050414664,0.08252836801000141
신월4동,0.9799784750223983,0.6487442087092092,0.8743850140548075,0.10063817147384624
신월5동,0.2810295666928512,0.8777804499707805,0.8841679757120966,0.12410185668601781
신월6동,0.5050948538049469,0.9423948573678906,0.9392010891682815,0.40950714316096415
신월7동,0.715210559615891,0.3676552340538862,0.24288468068859637,0.8852100986127003
신정1동,0.28954539735499774,0.7191861222936196,0.7291190767282648,0.15223766747184608
신정2동,0.7476590603547515,0.3916278514175605,0.6793078208589876,0.07593994155180461
신정4동,0.5487102295935109,0.5311846594738443,0.05810918658639619,0.8008948199314622
신정3동,0.2634461829931686,0.7597474763679961,0.6192028812385408,0.16953755494286982
신정6동,0.6043365028972382,0.505174879366568,0.4303270929579974,0.826115093421694
신정7동,0.10738227374934328,0.9275171982802894,0.6106028295221839,0.9781057629407914
염창동,0.6660106592221248,0.6462131535480243,0.4382040324733555,0.4308321893628607
등촌1동,0.12355434707913193,0.36174475297755737,0.714388135182078,0.4509509584106247
등촌2동,0.1730509592772742,0.8008011887060285,0.03041700345611109,0.9641060777025934
등촌3동,0.7759541749007531,0.2276365431463584,0.9871684006182846,0.24569214858161803
화곡본동,0.013828109119861653,0.981622109322655,0.8941550720215773,0.8089055504684153
화곡2동,0.22708269552492477,0.05374249550800847,0.6307842460051816,0.6854489869199556
화곡3동,0.911296749336485,0.7425147349880572,0.8112110014467225,0.10692144068315868
화곡4동,0.1557512996008168,0.8914010455167949,0.3723343569224331,0.5109079605746633
화곡6동,0.7668994268992139,0.17328476631107792,0.7114618441578036,0.19682204452091767
화곡8동,0.2839848868557773,0.16725876346568558,0.07164420974868535,0.41485033483905054
가양1동,0.0558493347201835,0.18013232706002436,0.2518732392338753,0.11921809124979166
가양2동,0.08866678233241188,0.7527616697468331,0.614114840297722,0.7314685593396038
가양3동,0.5231885994236958,0.8915943707099685,0.31529643966465914,0.3397878286111068
발산1동,0.534874781894714,0.0036101788343068097,0.010988750013796733,0.9738009000255957
공항동,0.3944958529411825,0.961888017455791,0.4858125843990124,0.009926875759656006
방화1동,0.2448974714464931,0.1753831321740167,0.5316857330586465,0.6384946117835762
방화2동,0.4435163803260068,0.5312671485283705,0.4512424115972773,0.11298594605703194
방화3동,0.21534258828581054,0.9017429396888574,0.35654453501845684,0.004154269520731724
화곡1동,0.1343635828732903,0.49188433146104094,0.9700367336216916,0.6723068000959633
우장산동,0.12312751048296,0.7388685992219881,0.0479027034922066,0.5671522892943842
신도림동,0.48446768976865295,0.4265861274175736,0.03984161967887556,0.24047759046831096
구로1동,0.9994185944907015,0.08804065800754635,0.2292373471488648,0.7057536302384434
구로2동,0.7257501916146691,0.500692325355879,0.5392874892565415,0.8640249550557321
구로3동,0.8841461495140623,0.45852433136403137,0.9890864545602328,0.07810592219681578
구로4동,0.44098958961630896,0.7455297749007782,0.06661894474277952,0.955139315623219
구로5동,0.2204594808857906,0.8285541396105995,0.6289353502491591,0.29560274903341655
고척1동,0.5477868919940808,0.37771580674395844,0.11227257185775341,0.9276007013244546
고척2동,0.38125001368522204,0.6664026116588759,0.5167523145616097,0.5032849978107133
개봉2동,0.7364374960960335,0.34990128456755587,0.14434657173314291,0.9581043140155566
개봉3동,0.5624353154904916,0.9063249112223977,0.45218109363466097,0.47884183823809146
오류1동,0.7419218526155904,0.893992810423427,0.7481126077104552,0.11852218805887016
오류2동,0.02339000115024248,0.19170735803297745,0.9039989306995608,0.523318818568812
수궁동,0.1846686770422865,0.6494663970588687,0.807391759378568,0.915070485320098
가리봉동,0.9181514210567875,0.8344261537923283,0.8270024579057662,0.05482589284869055
개봉1동,0.2725437259601937,0.3866890233309861,0.24899496328698212,0.7082102782606938
항동,0.4148889132097012,0.6043565301872592,0.78303578953996,0.7395437418277733
가산동,0.02130680564755416,0.20838612108004928,0.9706640522857013,0.07823023754317482
독산1동,0.9096104353881171,0.1712827683645891,0.7542603390280432,0.30808698838398907
독산2동,0.9240336949298622,0.20596640606289573,0.4689094037280527,0.5201189564032007
독산3동,0.9760681079439818,0.010152501206110665,0.4609094538898977,0.13484485216333164
독산4동,0.5803863240246186,0.15400807712888964,0.14594659110639896,0.6573259813355156
시흥1동,0.8237327849667623,0.795214672017299,0.7722066558525671,0.4203663354959809
시흥2동,0.12238922145747466,0.4169987345722448,0.8391978441719289,0.3709827719680616
시흥3동,0.5602304574676086,0.5322995357771209,0.13241539726953855,0.5386674500762975
시흥4동,0.7938386844415786,0.3594908544367341,0.7472822835931364,0.43915987654307664
시흥5동,0.6945728904309629,0.5710132078150165,0.68170541947688,0.789830486505671
여의동,0.05348035384610794,0.5541168223796722,0.42855498969951444,0.687598079652756
당산1동,0.4373455271794803,0.5468387472552497,0.781523001441946,0.8792497735805409
당산2동,0.310760087659652,0.9402385265250311,0.1259339138901019,0.6794207715784101
양평1동,0.022270112761779703,0.8567945653822936,0.12917664400676054,0.7965887492887841
양평2동,0.37773971873914114,0.5565526970798721,0.705959811137862,0.8067429486960723
신길1동,0.2551784224239012,0.04580612096844383,0.3167731825290825,0.6984278310400229
신길3동,0.08235132176199012,0.3576682313114965,0.7664517301155948,0.46827755569464646
신길4동,0.44905570012410945,0.2545540031808141,0.4223554196346324,0.421893128460872
신길5동,0.5447905861097183,0.6514350254080421,0.6347473158077455,0.25685281994463816
신길6동,0.4436147783166915,0.29755575359178077,0.5889973761618882,0.05474071289047511
신길7동,0.12358044393111955,0.47373574383324324,0.3021990627108925,0.9735668686328198
대림1동,0.8080815850888661,0.5035719325843737,0.2074994913031446,0.2780926669092443
대림2동,0.9352432429675189,0.6112463293229172,0.8797679795531764,0.42680660018130423
대림3동,0.49433351607206466,0.40871819826465616,0.8195333674472409,0.9956866131830805
영등포본동,0.45864696169790653,0.11591505354786114,0.030324977243692097,0.9942256286669373
영등포동,0.6911114587791926,0.34263609552298335,0.39997032986936476,0.3988212345522302
도림동,0.38901733089386115,0.15199150732785827,0.3944825997250554,0.8703236550729806
문래동,0.5469155472658398,0.22448173902611168,0.6635807984119522,0.9465080754428546
노량진2동,0.4606583547236638,0.013693537865032357,0.2729379101109247,0.7831445207300928
상도1동,0.8843685618303947,0.7427122063213437,0.05407607339953413,0.506392853918015
상도2동,0.30219150089825897,0.9629736184366962,0.5774148689150476,0.16742439877462323
상도3동,0.20633374536197469,0.4151616488805496,0.8338212302155229,0.06858876149615467
상도4동,0.7220018226291971,0.8701337682556763,0.3683362163957704,0.39681775945178743
사당1동,0.14396012465574615,0.8396082997516923,0.23036459881048443,0.050706312813769694
사당3동,0.8017328636731927,0.31311863222092384,0.45838830371448147,0.6499194987903879
사당4동,0.40746313994837313,0.36359806578640885,0.23314024839770575,0.11460222248733376
사당5동,0.8873857987635381,0.0925162940091967,0.3350459939540078,0.30887095858899927
대방동,0.6964493497710905,0.5288939563656319,0.011557997202507053,0.07046555900828011
신대방1동,0.7289515816145822,0.6637096435486818,0.4181694592048437,0.14372446209233458
신대방2동,0.6970718279133354,0.8688173828441332,0.37936348265317155,0.4492217149685045
흑석동,0.019689543256595443,0.379581579913822,0.2067519063463218,0.44077113129740264
노량진1동,0.14367035630537806,0.7702809620305611,0.11367435242243662,0.25095196895900684
사당2동,0.281517376632325,0.3955231971076335,0.4479487411105981,0.6254530692373774
보라매동,0.3580908619374189,0.9890127332195046,0.015825299216628008,0.5908019532868937
청림동,0.7168573659550861,0.6575232040014263,0.4914345479444301,0.32520371198314735
행운동,0.5241272386032858,0.27797409493291636,0.5630390777303187,0.5644735965664509
낙성대동,0.3387966701742434,0.7180700547729217,0.11358296708618776,0.27510753843280644
중앙동,0.45356047953795686,0.02008943823686493,0.43620062834660966,0.11898555579295811
인헌동,0.4934148885273928,0.7648721483271536,0.8248189281906497,0.6427616084550439
남현동,0.3495687604222193,0.5033632824172445,0.2647784780229061,0.5886656793240153
서원동,0.23402704860701462,0.20188629428744276,0.4743240002694219,0.000779973672400569
신원동,0.5527795950333998,0.6660201133421694,0.4699359179665411,0.6372903103784275
서림동,0.45422077886806644,0.07893321217464999,0.7131212924475451,0.2526428816337404
신사동,0.8772779734269641,0.8216406760140007,0.795182762218583,0.5033677936703436
신림동,0.770952742057743,0.3533150919492738,0.001666072642033667,0.4943143915675592
난향동,0.2487525480098416,0.8622378694751301,0.35934909686661665,0.28756025543895536
조원동,0.3169766163597708,0.09717538302060913,0.4489732610466669,0.960285973347555
대학동,0.8796523296488742,0.11931700910854659,0.16029333663554723,0.41377587125319015
은천동,0.05995699962235845,0.25798019954793705,0.8012644608950464,0.7961534755838655
성현동,0.9024196097378155,0.4340714028815964,0.6077325244004599,0.9568352593757482
청룡동,0.557291344437198,0.14985848752263398,0.27378272628531386,0.025490811939144042
난곡동,0.530316892926446,0.9760646876581249,0.9744199883673451,0.4565593897318413
삼성동,0.04260267826992803,0.7518525835874084,0.7487704265232765,0.9414048008409146
미성동,0.6510900104536734,0.060293823302921434,0.08992248315941287,0.17679713718373702
서초1동,0.5116048592540899,0.16335843032266428,0.9230341986057863,0.8869141401941014
서초2동,0.3588652083907231,0.49247915956859256,0.7824236262669868,0.9658079533622402
서초3동,0.8393749772470631,0.24349508855466495,0.4054020519068172,0.682015836899038
서초4동,0.5846833781017932,0.5159418432098902,0.7203134242717795,0.6806497925918156
잠원동,0.4483648440229574,0.6041088768005684,0.01981275348393674,0.20670534902181137
반포본동,0.5961882809352941,0.7195211100263902,0.4155282085209959,0.48080818904318623
반포1동,0.1498365737628039,0.689409259662683,0.6123679287902891,0.007009428888111957
반포2동,0.8325865480660266,0.8064763296359004,0.2954311924673524,0.8676060124726486
반포3동,0.526511454130742,0.8187598300532213,0.06444916447166715,0.5961691162040171
반포4동,0.7752743174220431,0.2806763603570107,0.7625600575692045,0.18328799118878047
방배본동,0.8802039086162323,0.1109270381046149,0.22165997189016828,0.6583782486317284
방배1동,0.20095446091659253,0.4416911010423046,0.9234922952217437,0.03978717367110618
방배2동,0.5986164788324088,0.06768833928664353,0.22586284669723744,0.14920961021384294
방배3동,0.6497920375965865,0.07144017170253847,0.17736646515583876,0.08061547977583006
방배4동,0.4399377889370719,0.609089593992669,0.8474971562963484,0.01941587024164637
양재1동,0.7117959925161953,0.8808779795411668,0.8695840948600154,0.5261066433738175
양재2동,0.26460072911253585,0.29124178661857203,0.9707755236890954,0.19730774090893088
내곡동,0.5046234229783659,0.5624795591640638,0.4385066554429158,0.036970096152061926
신사동,0.19949827046088264,0.028279942009855064,0.6984776177814633,0.35902078234461887
논현1동,0.5165805615728116,0.3238392925938506,0.8094885861179195,0.9400210721826822
논현2동,0.740563250028678,0.5715128745885601,0.7100988860857567,0.18092737586954977
삼성1동,0.48423437430798943,0.9222380033477005,0.4702749106789389,0.05543299393308554
삼성2동,0.8171557368965592,0.8225901174775868,0.18210246243988681,0.26577092463675545
대치1동,0.29871314966067053,0.28442086020765256,0.7048450545869795,0.9620557315788774
대치2동,0.4298528094896342,0.6912653572930433,0.7472859444433863,0.060069029779348915
대치4동,0.14269928283804645,0.973644903169527,0.9538658943463832,0.5052936926510425
역삼1동,0.7752727529894369,0.5297090886578316,0.7497211694616056,0.23556249037819033
역삼2동,0.1979830203218671,0.4424813185986297,0.12660653447862225,0.5025082063315526
도곡1동,0.31724727024970323,0.620658899639123,0.4384172217537281,0.002021943897956846
도곡2동,0.3743941391957737,0.5718288255888513,0.3136479598368831,0.6445577259516629
개포1동,0.2549991489972119,0.3941205007331421,0.5781847599637576,0.18009144606993466
개포2동,0.6923574987911082,0.6374368658854129,0.6590344116123051,0.906565280245033
개포4동,0.4826909764862739,0.5493557591941638,0.37779093368000505,0.10340056469770853
일원본동,0.6207964835856371,0.3170966635800402,0.08050065089531744,0.15707498252044239
일원1동,0.00730481773375391,0.9912750126133538,0.16424436523621944,0.7952179468952363
일원2동,0.022499257716934284,0.2378548351823757,0.7830615865210371,0.7917350726797173
수서동,0.07451972988087852,0.940206481297654,0.007267577430192018,0.07250289199605842
세곡동,0.5965027636087747,0.9140273288642246,0.6159783000657553,0.41767117952874666
압구정동,0.017487887638852895,0.3645151424860902,0.860866038920021,0.3955297529827375
청담동,0.559864995228148,0.7960011785999727,0.33200196719596886,0.24406709679419503
풍납1동,0.3469917340283357,0.7170236374812828,0.6020026846818195,0.5929521533295412
풍납2동,0.8861977512731852,0.530757805002142,0.29609690060272553,0.46707397101538284
거여1동,0.879223523858756,0.3751305773688345,0.2336522008540255,0.06917291092512035
거여2동,0.16657488694218625,0.7621764999431175,0.38941865083128324,0.891596528539293
마천1동,0.49595218963203314,0.48819608748728527,0.29480929577635684,0.8348960953156201
마천2동,0.8852468531035809,0.8952824857961064,0.007497424183477652,0.9438960991422424
방이1동,0.02366860362028711,0.5782835474471543,0.8716526954239804,0.10567445819601962
방이2동,0.6847448693410331,0.2703144884977624,0.35565515242718515,0.8275020472182908
오륜동,0.8832187930944043,0.3266224439267942,0.9302736508300405,0.7358493317447842
오금동,0.6911960480916682,0.3595785484163465,0.27643569075801555,0.9413041225976014
송파1동,0.7932562769830978,0.7061406587649884,0.5270703613434622,0.5262731860916868
송파2동,0.27584542597411255,0.31974877018804815,0.6684461036211792,0.017781598243432617
석촌동,0.3771045157128483,0.02742993746403921,0.361519516869961,0.38112337461581125
삼전동,0.6405930985548247,0.9098417376496559,0.5086790853912844,0.3114210068415113
가락본동,0.6984543880972931,0.8478191063889259,0.46303260526132406,0.29744909732938707
가락1동,0.2041463930540829,0.11817644083509193,0.9129439565523547,0.5494872387979647
가락2동,0.5235036522584169,0.4108570072131309,0.8283538284046899,0.4145577466716234
문정1동,0.880092391998129,0.7720972189873977,0.9568475727317269,0.1355073190403222
문정2동,0.45334642324713614,0.2305908294638075,0.776910441735523,0.9071832455544321
장지동,0.6183518454106176,0.20984634472462171,0.7890840667738632,0.26373250556782657
위례동,0.6939384117009356,0.7716171689766855,0.6795322299172314,0.7528783174004712
잠실본동,0.8701803019627661,0.25398595836674165,0.49620517802002195,0.9786902753698077
잠실2동,0.711323945997518,0.7576380314853497,0.6475491693959676,0.5278321720068929
잠실3동,0.28889391868921876,0.7287094958548388,0.43848035264083784,0.606759606901371
잠실4동,0.10025031235478277,0.06404485071605048,0.6187250685052637,0.3538027288683916
잠실6동,0.44696458163523234,0.20150993995552002,0.9972521835084401,0.18715850282390578
잠실7동,0.8593340688495328,0.18383750018901246,0.11531300429570268,0.011539805337881348
길동,0.6188605436558704,0.5703573572319486,0.4291944420355306,0.29016460574259506
강일동,0.3567556089401337,0.8284403215358239,0.49963753641154063,0.7032486919962566
명일1동,0.8318034184212574,0.3989559503926904,0.8195329716635852,0.2692691744318557
명일2동,0.6172150953061489,0.64753008400002,0.20221068068040982,0.38972421388967116
고덕1동,0.6081579230928367,0.40858531870507964,0.7076545131897971,0.25049058215832953
고덕2동,0.6314532046850011,0.8691664909910263,0.5031323360870029,0.8272179605352568
암사1동,0.015684463124524983,0.5741706701046296,0.3578876902794603,0.5823087476159122
암사2동,0.2713212337370029,0.36587785432331354,0.7063394131810525,0.4573331571044583
암사3동,0.276879432254437,0.9472731253189585,0.30083682284919944,0.10784362001945491
천호1동,0.6608564550760094,0.8399196493478325,0.3049113611627694,0.674456092342714
천호2동,0.37350735810190505,0.13607002114257738,0.7882527656955884,0.39643032916473353
천호3동,0.26225957562042057,0.3342559345714371,0.171278493351124,0.5955823137878453
성내1동,0.1266307128483578,0.38863285166753936,0.22797587329419144,0.6232169983357806
성내2동,0.9783819729505736,0.49579969146442393,0.13657240905936785,0.691130631004883
성내3동,0.08088218299382366,0.4735520181915822,0.10907918906382508,0.31996285526968804
둔촌1동,0.8795604864266657,0.4190958076711384,0.5630441082053798,0.6294310228629424
둔촌2동,0.9843231143334398,0.9844787393718699,0.8266054192728504,0.6798087822602279
상일1동,0.4794605245355694,0.8305512397480135,0.6860716755601975,0.3019429200215291
상일2동,0.11510986566625103,0.6310079108529578,0.21265966351453547,0.2615083628249991
