,구이름,행정동,SUBWAY_NUM,STARBUCKS_NUM,SPORT_NUM,SAFE_DLVR_NUM,MC_NUM,KINDER_NUM,KIDS_NUM,GYM_NUM,GOLF_NUM,ACADEMY_NUM,ANIMAL_HSPT_NUM,BIKE_NUM,CAFE,CAR_SHR_NUM,CCTV_NUM,CHILD_MED_NUM,CON_NUM,DPTM_NUM
0,종로구,청운효자동,0.1111111111111111,0.1111111111111111,0.0,1.0,0.0,0.0,0.0,0.0,0.0,18.0,4.0,4.555555555555555,37.22222222222222,0.3333333333333333,54.888888888888886,7.111111111111111,2.0,0.0
1,종로구,사직동,1.1111111111111112,7.111111111111111,0.0,0.0,0.0,10.0,0.0,18.0,3.0,19.0,2.0,10.555555555555555,98.22222222222223,4.333333333333334,39.888888888888886,10.11111111111111,10.0,0.0
2,종로구,삼청동,0.0,1.0,1.0,0.0,0.0,10.0,0.0,3.0,0.0,2.0,0.0,7.0,52.0,1.0,22.0,1.0,1.0,0.0
3,종로구,부암동,0.0,0.0,0.0,0.0,0.0,0.0,0.0,2.0,2.0,24.0,6.0,5.0,30.0,5.0,41.0,5.0,4.0,0.0
4,종로구,평창동,0.0,1.0,0.0,0.0,0.0,0.0,0.0,5.0,5.0,28.0,0.0,7.0,36.0,0.0,21.0,10.0,3.0,0.0
5,종로구,무악동,0.0,0.0,0.0,0.0,0.0,10.0,0.0,0.0,1.0,20.0,0.0,3.0,10.0,1.0,13.0,3.0,1.0,0.0
6,종로구,교남동,0.0,4.0,0.0,0.0,0.0,30.0,1.0,2.0,0.0,20.0,2.0,5.0,18.0,0.0,9.0,6.0,5.0,0.0
7,종로구,가회동,0.0,2.0,0.0,0.0,0.0,0.0,0.0,1.0,0.0,2.0,0.0,4.0,53.0,0.0,33.0,3.0,4.0,0.0
8,종로구,종로1.2.3.4가동,5.111111111111111,13.11111111111111,0.0,0.0,1.0,50.0,1.0,10.0,5.0,101.25,0.0,26.305555555555557,238.47222222222223,17.333333333333336,75.38888888888889,20.11111111111111,28.25,0.0
9,종로구,종로5.6가동,3.0,0.0,0.0,0.0,0.0,20.0,0.0,0.0,0.0,7.0,0.0,8.0,62.0,0.0,38.0,33.0,0.0,0.0
10,종로구,이화동,1.0,4.0,0.0,0.0,1.0,0.0,0.0,3.0,1.0,8.0,0.0,4.0,59.0,7.0,35.0,5.0,4.0,0.0
11,종로구,혜화동,0.0,2.0,0.0,1.0,1.0,0.0,0.0,5.0,0.0,40.25,2.0,8.75,68.25,2.0,70.5,28.0,8.25,0.0
12,종로구,창신제1동,0.1111111111111111,0.0,0.0,0.1111111111111111,0.1111111111111111,0.0,0.0,0.3333333333333333,0.1111111111111111,1.4444444444444444,0.2222222222222222,0.8888888888888888,4.0,0.0,4.333333333333333,3.222222222222222,0.7777777777777778,0.0
13,종로구,창신제2동,0.1111111111111111,0.0,0.0,0.1111111111111111,0.1111111111111111,0.0,0.0,0.3333333333333333,0.1111111111111111,1.4444444444444444,0.2222222222222222,0.8888888888888888,4.0,0.0,4.333333333333333,3.222222222222222,0.7777777777777778,0.0
14,종로구,창신제3동,0.1111111111111111,0.0,0.0,0.1111111111111111,0.1111111111111111,0.0,0.0,0.3333333333333333,0.1111111111111111,1.4444444444444444,0.2222222222222222,0.8888888888888888,4.0,0.0,4.333333333333333,3.222222222222222,0.7777777777777778,0.0
15,종로구,숭인제1동,0.5,0.25,0.0,0.5,0.0,2.5,0.0,1.25,0.5,4.0,1.0,1.0,5.25,1.0,8.75,5.25,2.25,0.0
16,종로구,숭인제2동,0.5,0.25,0.0,0.5,0.0,2.5,0.0,1.25,0.5,4.0,1.0,1.0,5.25,1.0,8.75,5.25,2.25,0.0
17,중구,소공동,2.0,8.0,0.0,0.0,0.0,10.0,0.0,5.75,3.0,8.25,0.0,7.0,103.0,8.25,75.5,19.25,21.5,1.25
18,중구,회현동,1.0,7.25,0.0,0.0,0.0,20.0,0.0,3.5,0.0,0.75,0.0,10.5,90.25,6.75,77.5,15.75,14.75,0.25
19,중구,명동,2.0,17.25,0.0,1.0,3.0,0.0,0.0,17.0,3.0,15.5,0.0,24.5,257.0,6.5,104.25,42.5,41.5,0.5
20,중구,필동,2.25,2.25,0.25,0.5,0.0,0.0,0.0,2.25,1.0,5.5,3.0,5.5,76.0,3.75,72.75,11.25,14.75,0.0
21,중구,장충동,0.25,1.0,0.25,0.5,0.0,0.0,0.0,0.0,0.0,1.25,0.5,2.25,14.5,1.5,41.0,3.0,3.5,0.0
22,중구,광희동,0.0,3.25,0.0,0.0,0.0,0.0,1.0,1.0,2.0,3.25,0.5,5.25,125.25,5.25,86.5,18.25,19.0,0.0
23,중구,을지로동,4.0,3.0,0.0,0.0,0.0,0.0,0.0,2.0,3.0,1.0,6.0,5.0,112.0,2.0,57.0,28.0,18.0,0.0
24,중구,신당동,2.138888888888889,2.0277777777777777,0.0,0.1388888888888889,0.0,0.5555555555555556,0.027777777777777776,3.5555555555555554,1.0555555555555556,2.611111111111111,0.5,0.3888888888888889,19.055555555555557,3.361111111111111,29.916666666666664,10.472222222222221,6.25,0.0
25,중구,다산동,0.1388888888888889,0.027777777777777776,0.0,0.1388888888888889,0.0,0.5555555555555556,0.027777777777777776,0.5555555555555556,0.05555555555555555,2.611111111111111,0.5,0.3888888888888889,4.055555555555555,0.3611111111111111,8.916666666666666,3.472222222222222,1.25,0.0
26,중구,약수동,0.1388888888888889,0.027777777777777776,0.0,0.1388888888888889,0.0,0.5555555555555556,0.027777777777777776,0.5555555555555556,0.05555555555555555,2.611111111111111,0.5,0.3888888888888889,4.055555555555555,0.3611111111111111,8.916666666666666,3.472222222222222,1.25,0.0
27,중구,청구동,0.1388888888888889,0.027777777777777776,0.0,0.1388888888888889,0.0,0.5555555555555556,0.027777777777777776,0.5555555555555556,0.05555555555555555,2.611111111111111,0.5,0.3888888888888889,4.055555555555555,0.3611111111111111,8.916666666666666,3.472222222222222,1.25,0.0
28,중구,신당제5동,0.1388888888888889,0.027777777777777776,0.0,0.1388888888888889,0.0,0.5555555555555556,0.027777777777777776,0.5555555555555556,0.05555555555555555,2.611111111111111,0.5,0.3888888888888889,4.055555555555555,0.3611111111111111,8.916666666666666,3.472222222222222,1.25,0.0
29,중구,동화동,0.1388888888888889,0.027777777777777776,0.0,0.1388888888888889,0.0,0.5555555555555556,0.027777777777777776,0.5555555555555556,0.05555555555555555,2.611111111111111,0.5,0.3888888888888889,4.055555555555555,0.3611111111111111,8.916666666666666,3.472222222222222,1.25,0.0
30,중구,황학동,0.0,1.0,0.0,0.0,0.0,20.0,1.0,6.0,3.0,3.0,6.0,1.0,21.0,2.0,60.0,7.0,8.0,0.0
31,중구,중림동,0.0,0.0,0.0,0.0,0.0,0.0,0.0,2.0,0.0,12.0,2.0,8.0,25.0,4.0,95.0,14.0,8.0,0.0
32,용산구,후암동,0.0,0.0,0.0,0.0,0.0,10.0,0.0,1.0,1.0,28.0,4.0,2.0,14.0,3.0,24.0,5.0,8.0,0.0
33,용산구,용산2가동,0.0,1.0,0.0,0.0,0.0,0.0,0.0,1.0,0.0,5.0,4.0,6.0,15.0,2.0,34.0,1.0,10.0,0.0
34,용산구,남영동,0.0,5.0,0.0,1.0,1.0,0.0,1.0,8.0,3.0,17.0,0.0,6.0,43.0,7.0,13.0,4.0,14.0,0.0
35,용산구,청파동,0.0,3.0,0.0,1.0,0.0,0.0,0.0,4.0,3.0,11.0,2.0,4.0,57.0,7.0,35.0,1.0,11.0,0.0
36,용산구,원효로제1동,0.0,1.0,0.0,1.0,0.0,20.0,0.0,6.0,3.0,24.0,6.0,9.0,26.0,4.0,16.0,5.0,9.0,0.0
37,용산구,원효로제2동,0.0,0.0,0.0,0.0,0.0,10.0,0.0,1.0,3.0,26.0,4.0,7.0,16.0,2.0,24.0,1.0,8.0,0.0
38,용산구,효창동,0.0,1.0,0.0,2.0,0.0,20.0,0.0,1.0,0.0,22.0,4.0,2.0,8.0,1.0,13.0,2.0,5.0,0.0
39,용산구,용문동,0.0,0.0,0.0,0.0,0.0,10.0,0.0,0.0,0.0,21.0,2.0,1.0,13.0,3.0,12.0,2.0,4.0,0.0
40,용산구,한강로동,7.0,6.0,0.0,0.0,0.0,50.0,4.0,8.0,4.0,11.0,4.0,23.0,120.0,13.0,36.0,3.0,19.0,1.0
41,용산구,이촌제1동,0.0,0.5,0.75,0.0,0.0,10.0,0.0,1.5,1.0,11.0,2.0,2.75,4.25,0.25,7.0,2.25,1.75,0.0
42,용산구,이촌제2동,0.0,0.5,0.75,0.0,0.0,10.0,0.0,1.5,1.0,11.0,2.0,2.75,4.25,0.25,7.0,2.25,1.75,0.0
43,용산구,이태원제1동,0.25,0.5,0.0,0.25,0.0,5.0,0.0,2.25,0.25,2.5,1.5,1.5,10.5,1.5,12.25,1.25,4.25,0.0
44,용산구,이태원제2동,0.25,0.5,0.0,0.25,0.0,5.0,0.0,2.25,0.25,2.5,1.5,1.5,10.5,1.5,12.25,1.25,4.25,0.0
45,용산구,한남동,2.0,2.0,1.0,1.0,0.0,10.0,0.0,26.0,3.0,19.0,10.0,13.0,66.0,9.0,43.0,5.0,11.0,0.0
46,용산구,서빙고동,1.0,1.0,0.0,0.0,0.0,10.0,0.0,3.0,1.0,14.0,0.0,7.0,10.0,0.0,34.0,0.0,5.0,0.0
47,용산구,보광동,0.0,0.0,0.0,1.0,0.0,0.0,0.0,4.0,0.0,14.0,4.0,1.0,10.0,4.0,51.0,3.0,5.0,0.0
48,성동구,왕십리제2동,0.25,0.5,0.0,0.25,0.0,10.0,0.0,2.0,1.0,17.5,1.5,2.0,7.0,0.5,7.25,1.25,2.75,0.0
49,성동구,왕십리도선동,0.25,1.5,0.0,0.25,0.0,20.0,0.0,11.0,2.0,42.5,5.5,6.0,30.0,3.5,42.25,20.25,11.75,0.0
50,성동구,마장동,1.0,0.0,0.0,0.0,0.0,0.0,0.0,2.0,4.0,24.0,2.0,10.0,9.0,5.0,92.0,20.0,7.0,0.0
51,성동구,사근동,1.4444444444444444,0.2222222222222222,0.0,1.2222222222222223,0.1111111111111111,2.2222222222222223,0.2222222222222222,1.222222222222222,0.6666666666666666,16.77777777777778,1.7777777777777777,4.444444444444445,15.555555555555557,4.777777777777778,36.0,6.777777777777778,9.88888888888889,0.0
52,성동구,행당제1동,0.4444444444444444,0.2222222222222222,0.0,0.2222222222222222,0.1111111111111111,2.2222222222222223,0.2222222222222222,1.222222222222222,0.6666666666666666,14.777777777777779,1.7777777777777777,1.4444444444444444,6.555555555555556,0.7777777777777778,7.0,4.777777777777778,2.888888888888889,0.0
53,성동구,행당제2동,0.4444444444444444,0.2222222222222222,0.0,0.2222222222222222,0.1111111111111111,2.2222222222222223,0.2222222222222222,1.222222222222222,0.6666666666666666,14.777777777777779,1.7777777777777777,1.4444444444444444,6.555555555555556,0.7777777777777778,7.0,4.777777777777778,2.888888888888889,0.0
54,성동구,응봉동,0.0,0.0,1.0,0.0,0.0,0.0,0.0,0.0,3.0,23.0,0.0,3.0,2.0,0.0,24.0,4.0,3.0,0.0
55,성동구,금호1가동,1.0,0.0,2.0,0.0,0.0,10.0,0.0,3.0,2.0,44.0,0.0,1.0,12.0,0.0,16.0,20.0,3.0,0.0
56,성동구,금호2.3가동,0.0,0.0,0.0,1.0,0.0,0.0,0.0,2.0,1.0,38.0,4.0,5.0,16.0,2.0,43.0,30.0,6.0,0.0
57,성동구,금호4가동,0.0,1.0,0.0,0.0,0.0,0.0,0.0,3.0,2.0,30.0,6.0,5.0,12.0,3.0,33.0,24.0,5.0,0.0
58,성동구,옥수동,2.0,1.0,0.0,0.0,0.0,20.0,0.0,11.0,3.0,60.0,8.0,2.0,16.0,3.0,14.0,28.0,7.0,0.0
59,성동구,성수1가제1동,0.25,0.5,0.0,0.5,0.0,5.0,0.25,3.25,1.75,13.75,1.5,3.75,26.75,1.25,14.5,9.0,6.0,0.0
60,성동구,성수1가제2동,0.25,0.5,0.0,0.5,0.0,5.0,0.25,3.25,1.75,13.75,1.5,3.75,26.75,1.25,14.5,9.0,6.0,0.0
61,성동구,성수2가제1동,0.0,1.0,0.0,0.5,0.25,2.5,0.25,4.75,2.25,8.0,1.0,4.0,29.75,1.5,24.0,12.0,10.75,0.0
62,성동구,성수2가제3동,0.0,1.0,0.0,0.5,0.25,2.5,0.25,4.75,2.25,8.0,1.0,4.0,29.75,1.5,24.0,12.0,10.75,0.0
63,성동구,송정동,0.0,0.0,0.0,0.0,0.0,0.0,0.0,0.25,0.0,1.5,0.5,1.5,2.5,0.75,7.5,1.0,1.25,0.0
64,성동구,용답동,2.0,0.0,4.0,1.0,0.0,10.0,0.0,3.25,2.0,12.5,0.5,11.5,27.5,6.75,47.5,13.0,9.25,0.0
65,광진구,화양동,2.0,3.0,0.0,1.0,1.0,0.0,1.0,16.0,4.0,27.0,4.0,9.0,95.0,7.0,40.0,12.0,33.0,0.0
66,광진구,군자동,0.0,2.0,0.0,0.0,0.0,40.0,1.0,13.0,3.0,29.0,4.0,11.0,46.0,3.0,48.0,8.0,11.0,0.0
67,광진구,중곡제1동,0.0,0.125,0.0,0.3125,0.0,1.25,0.25,1.6875,0.625,8.875,0.875,0.625,6.625,0.5,8.75,2.3125,3.1875,0.0
68,광진구,중곡제2동,0.0,0.125,0.0,0.3125,0.0,1.25,0.25,1.6875,0.625,8.875,0.875,0.625,6.625,0.5,8.75,2.3125,3.1875,0.0
69,광진구,중곡제3동,0.0,0.125,0.0,0.3125,0.0,1.25,0.25,1.6875,0.625,8.875,0.875,0.625,6.625,0.5,8.75,2.3125,3.1875,0.0
70,광진구,중곡제4동,0.0,0.125,0.0,0.3125,0.0,1.25,0.25,1.6875,0.625,8.875,0.875,0.625,6.625,0.5,8.75,2.3125,3.1875,0.0
71,광진구,능동,2.0,0.0,0.0,0.0,0.0,10.0,0.0,4.0,2.0,12.0,4.0,6.0,28.0,1.0,37.0,3.0,14.0,0.0
72,광진구,광장동,0.0,1.0,0.0,0.0,0.0,50.0,0.0,10.0,3.0,111.0,6.0,8.0,38.0,1.0,33.0,6.0,13.0,0.0
73,광진구,자양제1동,0.0,0.3125,0.0,0.3125,0.0625,5.0,0.3125,2.5,1.3125,13.0,1.125,1.5,9.0625,1.5,9.8125,1.5,3.6875,0.0625
74,광진구,자양제2동,0.0,0.3125,0.0,0.3125,0.0625,5.0,0.3125,2.5,1.3125,13.0,1.125,1.5,9.0625,1.5,9.8125,1.5,3.6875,0.0625
75,광진구,자양제3동,0.0,0.3125,0.0,0.3125,0.0625,5.0,0.3125,2.5,1.3125,13.0,1.125,1.5,9.0625,1.5,9.8125,1.5,3.6875,0.0625
76,광진구,자양제4동,0.0,0.3125,0.0,0.3125,0.0625,5.0,0.3125,2.5,1.3125,13.0,1.125,1.5,9.0625,1.5,9.8125,1.5,3.6875,0.0625
77,광진구,구의제1동,0.2222222222222222,0.3333333333333333,0.0,0.3333333333333333,0.0,7.777777777777778,0.0,4.555555555555555,2.0,28.0,0.8888888888888888,2.2222222222222223,15.333333333333334,1.0,17.22222222222222,3.5555555555555554,5.666666666666667,0.0
78,광진구,구의제2동,0.2222222222222222,0.3333333333333333,0.0,0.3333333333333333,0.0,7.777777777777778,0.0,4.555555555555555,2.0,28.0,0.8888888888888888,2.2222222222222223,15.333333333333334,1.0,17.22222222222222,3.5555555555555554,5.666666666666667,0.0
79,광진구,구의제3동,0.2222222222222222,0.3333333333333333,0.0,0.3333333333333333,0.0,7.777777777777778,0.0,4.555555555555555,2.0,28.0,0.8888888888888888,2.2222222222222223,15.333333333333334,1.0,17.22222222222222,3.5555555555555554,5.666666666666667,0.0
80,동대문구,용신동,5.0,1.0,0.0,1.0,0.0,30.0,0.0,10.0,9.0,41.0,8.0,14.0,57.0,11.0,120.0,16.0,32.0,0.0
81,동대문구,제기동,0.0,0.0,0.0,1.0,0.0,10.0,0.0,9.0,2.0,35.0,0.0,5.0,29.0,3.0,96.0,6.0,17.0,0.0
82,동대문구,전농제1동,0.0,0.25,0.0,0.25,0.25,17.5,0.25,2.5,1.0,25.5,1.5,4.25,15.25,2.5,27.0,9.75,7.25,0.0
83,동대문구,전농제2동,0.0,0.25,0.0,0.25,0.25,17.5,0.25,2.5,1.0,25.5,1.5,4.25,15.25,2.5,27.0,9.75,7.25,0.0
84,동대문구,답십리제1동,0.0,0.25,0.0,0.25,0.0,20.0,0.25,3.5,1.5,24.5,3.0,2.75,10.25,1.75,25.25,12.0,6.75,0.0
85,동대문구,답십리제2동,0.0,0.25,0.0,0.25,0.0,20.0,0.25,3.5,1.5,24.5,3.0,2.75,10.25,1.75,25.25,12.0,6.75,0.0
86,동대문구,장안제1동,0.0,0.25,0.25,0.5,0.25,22.5,0.75,6.75,4.0,53.0,4.0,2.75,21.75,3.25,31.5,13.0,14.25,0.0
87,동대문구,장안제2동,0.0,0.25,0.25,0.5,0.25,22.5,0.75,6.75,4.0,53.0,4.0,2.75,21.75,3.25,31.5,13.0,14.25,0.0
88,동대문구,청량리동,0.0,0.0,0.0,2.0,0.0,0.0,0.0,7.0,0.0,23.0,4.0,10.0,16.0,4.0,43.0,13.0,7.0,0.0
89,동대문구,회기동,0.0,3.0,0.0,1.0,0.0,0.0,0.0,11.0,1.0,14.0,2.0,3.0,38.0,3.0,62.0,8.0,11.0,0.0
90,동대문구,휘경제1동,0.75,0.0,0.0,0.5,0.0,10.0,0.25,3.0,1.5,12.25,1.0,3.5,9.25,1.0,25.5,7.25,5.25,0.0
91,동대문구,휘경제2동,0.75,0.0,0.0,0.5,0.0,10.0,0.25,3.0,1.5,12.25,1.0,3.5,9.25,1.0,25.5,7.25,5.25,0.0
92,동대문구,이문제1동,0.5,0.5,0.0,0.25,0.0,15.0,0.0,1.5,0.25,17.25,1.0,2.25,10.5,1.0,23.5,9.0,4.5,0.0
93,동대문구,이문제2동,0.5,0.5,0.0,0.25,0.0,15.0,0.0,1.5,0.25,17.25,1.0,2.25,10.5,1.0,23.5,9.0,4.5,0.0
94,중랑구,면목제2동,0.08333333333333333,0.027777777777777776,0.0,0.1111111111111111,0.0,3.3333333333333335,0.05555555555555555,0.6666666666666666,0.2222222222222222,4.75,0.6666666666666666,0.6944444444444445,3.4444444444444446,0.4444444444444444,15.666666666666666,1.222222222222222,2.4166666666666665,0.0
95,중랑구,면목제4동,0.08333333333333333,0.027777777777777776,0.0,0.1111111111111111,0.0,3.3333333333333335,0.05555555555555555,0.6666666666666666,0.2222222222222222,4.75,0.6666666666666666,0.6944444444444445,3.4444444444444446,0.4444444444444444,15.666666666666666,1.222222222222222,2.4166666666666665,0.0
96,중랑구,면목제5동,0.08333333333333333,0.027777777777777776,0.0,0.1111111111111111,0.0,3.3333333333333335,0.05555555555555555,0.6666666666666666,0.2222222222222222,4.75,0.6666666666666666,0.6944444444444445,3.4444444444444446,0.4444444444444444,15.666666666666666,1.222222222222222,2.4166666666666665,0.0
97,중랑구,면목본동,0.08333333333333333,0.027777777777777776,0.0,0.1111111111111111,0.0,3.3333333333333335,0.05555555555555555,0.6666666666666666,0.2222222222222222,4.75,0.6666666666666666,0.6944444444444445,3.4444444444444446,0.4444444444444444,15.666666666666666,1.222222222222222,2.4166666666666665,0.0
98,중랑구,면목제7동,0.08333333333333333,0.027777777777777776,0.0,0.1111111111111111,0.0,3.3333333333333335,0.05555555555555555,0.6666666666666666,0.2222222222222222,4.75,0.6666666666666666,0.6944444444444445,3.4444444444444446,0.4444444444444444,15.666666666666666,1.222222222222222,2.4166666666666665,0.0
99,중랑구,면목제3.8동,0.08333333333333333,0.027777777777777776,0.0,0.1111111111111111,0.0,3.3333333333333335,0.05555555555555555,0.6666666666666666,0.2222222222222222,4.75,0.6666666666666666,0.6944444444444445,3.4444444444444446,0.4444444444444444,15.666666666666666,1.222222222222222,2.4166666666666665,0.0
100,중랑구,상봉제1동,1.25,0.75,0.0,0.25,0.25,12.5,0.75,4.0,0.75,11.5,1.5,4.25,15.25,2.25,28.75,7.0,8.0,0.0
101,중랑구,상봉제2동,1.25,0.75,0.0,0.25,0.25,12.5,0.75,4.0,0.75,11.5,1.5,4.25,15.25,2.25,28.75,7.0,8.0,0.0
102,중랑구,중화제1동,0.75,0.25,0.0,0.25,0.0,5.0,0.25,1.75,0.75,11.5,2.5,2.25,10.25,1.25,36.5,5.75,8.0,0.0
103,중랑구,중화제2동,0.75,0.25,0.0,0.25,0.0,5.0,0.25,1.75,0.75,11.5,2.5,2.25,10.25,1.25,36.5,5.75,8.0,0.0
104,중랑구,묵제1동,0.25,0.25,0.0,0.0,0.0,17.5,0.5,1.75,1.0,16.5,1.5,2.25,10.25,1.75,30.25,4.0,5.75,0.0
105,중랑구,묵제2동,0.25,0.25,0.0,0.0,0.0,17.5,0.5,1.75,1.0,16.5,1.5,2.25,10.25,1.75,30.25,4.0,5.75,0.0
106,중랑구,망우본동,0.25,0.25,0.0,0.0,0.25,17.5,0.25,2.0,0.75,16.25,1.0,3.25,17.0,1.5,38.25,7.5,8.75,0.0
107,중랑구,망우제3동,0.25,0.25,0.0,0.0,0.25,17.5,0.25,2.0,0.75,16.25,1.0,3.25,17.0,1.5,38.25,7.5,8.75,0.0
108,중랑구,신내1동,0.25,0.25,0.0,0.0,0.25,32.5,0.5,2.25,1.5,41.25,2.5,4.25,11.75,1.0,22.0,10.25,5.5,0.0
109,중랑구,신내2동,0.25,0.25,0.0,0.0,0.25,32.5,0.5,2.25,1.5,41.25,2.5,4.25,11.75,1.0,22.0,10.25,5.5,0.0
110,성북구,성북동,0.0,1.0,0.0,0.0,1.0,0.0,0.0,6.0,1.0,49.0,4.0,13.0,43.0,1.0,138.0,3.0,10.0,0.0
111,성북구,삼선동,0.0,1.0277777777777777,0.0,0.0,0.0,10.555555555555555,0.027777777777777776,6.083333333333334,1.1388888888888888,74.55555555555556,4.055555555555555,5.138888888888889,46.361111111111114,7.111111111111111,110.44444444444444,17.083333333333336,13.083333333333332,0.0
112,성북구,동선동,0.0,2.0277777777777777,0.0,0.0,0.0,0.5555555555555556,2.0277777777777777,11.083333333333334,1.1388888888888888,90.55555555555556,6.055555555555555,6.138888888888889,69.36111111111111,5.111111111111111,89.44444444444444,7.083333333333333,11.083333333333334,0.0
113,성북구,돈암제1동,0.0,0.027777777777777776,0.0,0.0,0.0,0.5555555555555556,0.027777777777777776,0.08333333333333333,0.1388888888888889,2.555555555555556,0.05555555555555555,0.1388888888888889,0.3611111111111111,0.1111111111111111,1.4444444444444444,0.08333333333333333,0.08333333333333333,0.0
114,성북구,돈암제2동,0.0,0.027777777777777776,0.0,0.0,0.0,0.5555555555555556,0.027777777777777776,0.08333333333333333,0.1388888888888889,2.555555555555556,0.05555555555555555,0.1388888888888889,0.3611111111111111,0.1111111111111111,1.4444444444444444,0.08333333333333333,0.08333333333333333,0.0
115,성북구,안암동,0.0,3.0,0.0,1.0,1.0,10.0,0.0,8.0,0.0,10.0,0.0,6.0,68.0,3.0,56.0,4.0,21.0,0.0
116,성북구,보문동,0.0,0.0,0.0,1.0,0.0,10.0,0.0,5.0,1.0,22.0,4.0,2.0,21.0,4.0,77.0,3.0,10.0,0.0
117,성북구,정릉제1동,0.1111111111111111,0.25,0.0,0.1736111111111111,0.0,12.569444444444445,0.2638888888888889,1.7083333333333335,0.986111111111111,28.145833333333336,1.6388888888888888,1.986111111111111,10.104166666666668,1.4375,29.145833333333332,3.4236111111111107,4.458333333333334,0.1111111111111111
118,성북구,정릉제2동,0.0,0.027777777777777776,0.0,0.0625,0.0,3.6805555555555554,0.1527777777777778,0.7083333333333334,0.7638888888888888,11.368055555555555,0.3055555555555556,0.7638888888888888,4.548611111111111,0.5486111111111112,22.256944444444443,1.6458333333333333,2.4583333333333335,0.0
119,성북구,정릉제3동,0.0,0.0,0.0,0.0625,0.0,3.125,0.125,0.625,0.625,8.8125,0.25,0.625,4.1875,0.4375,20.8125,1.5625,2.375,0.0
120,성북구,정릉제4동,0.0,0.0,0.0,0.0625,0.0,3.125,0.125,0.625,0.625,8.8125,0.25,0.625,4.1875,0.4375,20.8125,1.5625,2.375,0.0
121,성북구,길음제1동,0.1111111111111111,0.2222222222222222,0.0,0.1111111111111111,0.0,8.88888888888889,0.1111111111111111,1.0,0.2222222222222222,16.77777777777778,1.3333333333333333,1.222222222222222,5.555555555555556,0.8888888888888888,6.888888888888889,1.7777777777777777,2.0,0.1111111111111111
122,성북구,길음제2동,0.2222222222222222,0.4444444444444444,0.0,0.1111111111111111,0.0,11.11111111111111,0.4444444444444444,2.111111111111111,0.8888888888888888,27.666666666666664,2.4444444444444446,2.2222222222222223,11.777777777777779,1.8888888888888888,24.444444444444443,3.4444444444444446,4.222222222222222,0.1111111111111111
123,성북구,종암동,1.0,2.0,0.0,1.0,1.0,50.0,2.0,7.0,6.0,89.0,6.0,5.0,35.0,5.0,134.0,19.0,17.0,0.0
124,성북구,월곡제1동,0.1111111111111111,0.2222222222222222,0.0,0.0,0.0,2.2222222222222223,0.3333333333333333,1.1111111111111112,0.6666666666666666,10.888888888888888,1.1111111111111112,1.0,6.222222222222222,1.0,17.555555555555554,1.6666666666666667,2.2222222222222223,0.0
125,성북구,월곡제2동,1.1111111111111112,0.2222222222222222,0.0,0.0,0.0,12.222222222222221,0.3333333333333333,2.111111111111111,3.6666666666666665,26.888888888888886,1.1111111111111112,2.0,18.22222222222222,2.0,83.55555555555556,2.666666666666667,7.222222222222222,0.0
126,성북구,장위제1동,0.0,0.1111111111111111,0.0,0.2222222222222222,0.0,7.777777777777778,0.0,0.5555555555555556,0.1111111111111111,7.0,1.1111111111111112,0.7777777777777778,4.555555555555555,0.1111111111111111,39.11111111111111,0.3333333333333333,2.777777777777778,0.0
127,성북구,장위제2동,0.0,0.1111111111111111,0.0,0.2222222222222222,0.0,7.777777777777778,0.0,0.5555555555555556,0.1111111111111111,7.0,1.1111111111111112,0.7777777777777778,4.555555555555555,0.1111111111111111,39.11111111111111,0.3333333333333333,2.777777777777778,0.0
128,성북구,장위제3동,0.0,0.1111111111111111,0.0,0.2222222222222222,0.0,7.777777777777778,0.0,0.5555555555555556,0.1111111111111111,7.0,1.1111111111111112,0.7777777777777778,4.555555555555555,0.1111111111111111,39.11111111111111,0.3333333333333333,2.777777777777778,0.0
129,성북구,석관동,0.0,0.0,0.0,1.0,0.0,50.0,2.0,6.0,2.0,47.0,4.0,7.0,30.0,3.0,155.0,3.0,11.0,0.0
130,강북구,삼양동,0.16,0.12,0.0,0.08,0.08,6.8,0.2,0.8800000000000001,0.12,10.08,1.2,0.8800000000000001,4.36,0.96,9.120000000000001,1.8800000000000001,2.04,0.0
131,강북구,미아동,0.16,0.12,0.0,0.08,0.08,6.8,0.2,0.8800000000000001,0.12,10.08,1.2,0.8800000000000001,4.36,0.96,9.120000000000001,1.8800000000000001,2.04,0.0
132,강북구,송중동,0.16,0.12,0.0,0.08,0.08,6.8,0.2,0.8800000000000001,0.12,10.08,1.2,0.8800000000000001,4.36,0.96,9.120000000000001,1.8800000000000001,2.04,0.0
133,강북구,송천동,0.16,0.12,0.0,0.08,0.08,6.8,0.2,0.8800000000000001,0.12,10.08,1.2,0.8800000000000001,4.36,0.96,9.120000000000001,1.8800000000000001,2.04,0.0
134,강북구,삼각산동,0.16,0.12,0.0,0.08,0.08,6.8,0.2,0.8800000000000001,0.12,10.08,1.2,0.8800000000000001,4.36,0.96,9.120000000000001,1.8800000000000001,2.04,0.0
135,강북구,번1동,0.1111111111111111,0.1111111111111111,0.0,0.2222222222222222,0.2222222222222222,3.3333333333333335,0.1111111111111111,0.7777777777777778,0.6666666666666666,7.222222222222222,0.6666666666666666,2.444444444444444,4.0,0.4444444444444444,11.555555555555555,1.4444444444444444,2.888888888888889,0.0
136,강북구,번2동,0.1111111111111111,0.1111111111111111,0.0,0.2222222222222222,0.2222222222222222,3.3333333333333335,0.1111111111111111,0.7777777777777778,0.6666666666666666,7.222222222222222,0.6666666666666666,2.444444444444444,4.0,0.4444444444444444,11.555555555555555,1.4444444444444444,2.888888888888889,0.0
137,강북구,번3동,0.1111111111111111,0.1111111111111111,0.0,0.2222222222222222,0.2222222222222222,3.3333333333333335,0.1111111111111111,0.7777777777777778,0.6666666666666666,7.222222222222222,0.6666666666666666,2.444444444444444,4.0,0.4444444444444444,11.555555555555555,1.4444444444444444,2.888888888888889,0.0
138,강북구,수유1동,0.0,0.0,0.0,0.16,0.0,1.6,0.12,0.64,0.16,4.64,0.64,0.76,3.8,0.4,7.92,0.6799999999999999,2.04,0.0
139,강북구,수유2동,0.0,0.0,0.0,0.16,0.0,1.6,0.12,0.64,0.16,4.64,0.64,0.76,3.8,0.4,7.92,0.6799999999999999,2.04,0.0
140,강북구,수유3동,0.0,0.0,0.0,0.16,0.0,1.6,0.12,0.64,0.16,4.64,0.64,0.76,3.8,0.4,7.92,0.6799999999999999,2.04,0.0
141,강북구,우이동,1.0,0.0,0.0,1.16,0.0,1.6,0.12,0.64,0.16,10.64,0.64,6.76,13.8,1.4,34.92,1.68,9.04,0.0
142,강북구,인수동,0.0,0.0,0.0,0.16,0.0,1.6,0.12,0.64,0.16,4.64,0.64,0.76,3.8,0.4,7.92,0.6799999999999999,2.04,0.0
143,도봉구,창제1동,0.08,0.08,0.0,0.27999999999999997,0.0,5.2,0.12,1.24,0.48,8.2,0.5599999999999999,1.28,4.4399999999999995,0.32,4.2,0.48,1.8800000000000001,0.0
144,도봉구,창제2동,0.08,0.08,0.0,0.27999999999999997,0.0,5.2,0.12,1.24,0.48,8.2,0.5599999999999999,1.28,4.4399999999999995,0.32,4.2,0.48,1.8800000000000001,0.0
145,도봉구,창제3동,0.08,0.08,0.0,0.27999999999999997,0.0,5.2,0.12,1.24,0.48,8.2,0.5599999999999999,1.28,4.4399999999999995,0.32,4.2,0.48,1.8800000000000001,0.0
146,도봉구,창제4동,0.08,0.08,0.0,0.27999999999999997,0.0,5.2,0.12,1.24,0.48,8.2,0.5599999999999999,1.28,4.4399999999999995,0.32,4.2,0.48,1.8800000000000001,0.0
147,도봉구,창제5동,0.08,0.08,0.0,0.27999999999999997,0.0,5.2,0.12,1.24,0.48,8.2,0.5599999999999999,1.28,4.4399999999999995,0.32,4.2,0.48,1.8800000000000001,0.0
148,도봉구,도봉제1동,0.25,0.0,0.0,0.5,0.25,15.0,0.0,1.75,1.75,7.5,2.0,4.5,10.75,0.75,13.5,0.5,7.0,0.0
149,도봉구,도봉제2동,0.25,0.0,0.0,0.5,0.25,15.0,0.0,1.75,1.75,7.5,2.0,4.5,10.75,0.75,13.5,0.5,7.0,0.0
150,도봉구,쌍문제1동,0.0625,0.0,0.0,0.0,0.0625,3.125,0.0,1.25,0.375,9.625,0.875,1.0,4.125,0.5,3.875,0.25,2.5,0.0
151,도봉구,쌍문제2동,0.0625,0.0,0.0,0.0,0.0625,3.125,0.0,1.25,0.375,9.625,0.875,1.0,4.125,0.5,3.875,0.25,2.5,0.0
152,도봉구,쌍문제3동,0.0625,0.0,0.0,0.0,0.0625,3.125,0.0,1.25,0.375,9.625,0.875,1.0,4.125,0.5,3.875,0.25,2.5,0.0
153,도봉구,쌍문제4동,0.0625,0.0,0.0,0.0,0.0625,3.125,0.0,1.25,0.375,9.625,0.875,1.0,4.125,0.5,3.875,0.25,2.5,0.0
154,도봉구,방학제1동,0.1111111111111111,0.1111111111111111,0.0,0.2222222222222222,0.0,10.0,0.2222222222222222,2.111111111111111,1.1111111111111112,11.444444444444445,1.5555555555555556,2.3333333333333335,7.333333333333333,0.8888888888888888,8.0,0.5555555555555556,4.555555555555555,0.0
155,도봉구,방학제2동,0.1111111111111111,0.1111111111111111,0.0,0.2222222222222222,0.0,10.0,0.2222222222222222,2.111111111111111,1.1111111111111112,11.444444444444445,1.5555555555555556,2.3333333333333335,7.333333333333333,0.8888888888888888,8.0,0.5555555555555556,4.555555555555555,0.0
156,도봉구,방학제3동,0.1111111111111111,0.1111111111111111,0.0,0.2222222222222222,0.0,10.0,0.2222222222222222,2.111111111111111,1.1111111111111112,11.444444444444445,1.5555555555555556,2.3333333333333335,7.333333333333333,0.8888888888888888,8.0,0.5555555555555556,4.555555555555555,0.0
157,노원구,월계1동,0.2222222222222222,0.4444444444444444,0.0,0.2222222222222222,0.0,10.0,0.4444444444444444,1.222222222222222,0.7777777777777778,9.0,1.1111111111111112,2.3333333333333335,6.222222222222222,1.0,14.888888888888888,0.8888888888888888,3.111111111111111,0.0
158,노원구,월계2동,0.2222222222222222,0.4444444444444444,0.0,0.2222222222222222,0.0,10.0,0.4444444444444444,1.222222222222222,0.7777777777777778,9.0,1.1111111111111112,2.3333333333333335,6.222222222222222,1.0,14.888888888888888,0.8888888888888888,3.111111111111111,0.0
159,노원구,월계3동,0.2222222222222222,0.4444444444444444,0.0,0.2222222222222222,0.0,10.0,0.4444444444444444,1.222222222222222,0.7777777777777778,9.0,1.1111111111111112,2.3333333333333335,6.222222222222222,1.0,14.888888888888888,0.8888888888888888,3.111111111111111,0.0
160,노원구,공릉1동,0.75,0.75,0.0,0.75,0.25,27.5,0.25,5.0,2.75,34.5,4.0,5.75,31.0,2.25,22.5,4.5,12.25,0.0
161,노원구,공릉2동,0.75,0.75,0.0,0.75,0.25,27.5,0.25,5.0,2.75,34.5,4.0,5.75,31.0,2.25,22.5,4.5,12.25,0.0
162,노원구,하계1동,0.25,0.0,0.0,0.0,0.25,5.0,0.0,0.75,1.5,18.0,0.0,1.75,9.25,1.0,11.25,1.5,2.25,0.0
163,노원구,하계2동,0.25,0.0,0.0,0.0,0.25,5.0,0.0,0.75,1.5,18.0,0.0,1.75,9.25,1.0,11.25,1.5,2.25,0.0
164,노원구,중계본동,0.0625,0.0625,0.0,0.0,0.0625,1.875,0.375,1.125,1.0625,32.625,1.25,1.5,6.75,0.75,7.0625,0.4375,1.75,0.0625
165,노원구,중계1동,0.0625,0.0625,0.0,0.0,0.0625,1.875,0.375,1.125,1.0625,32.625,1.25,1.5,6.75,0.75,7.0625,0.4375,1.75,0.0625
166,노원구,중계4동,0.0625,0.0625,0.0,0.0,0.0625,1.875,0.375,1.125,1.0625,32.625,1.25,1.5,6.75,0.75,7.0625,0.4375,1.75,0.0625
167,노원구,중계2.3동,0.0625,0.0625,0.0,0.0,0.0625,1.875,0.375,1.125,1.0625,32.625,1.25,1.5,6.75,0.75,7.0625,0.4375,1.75,0.0625
168,노원구,상계1동,0.09375,0.09375,0.015625,0.0625,0.03125,2.96875,0.046875,0.75,0.328125,6.5,0.625,0.671875,3.546875,0.4375,5.171875,0.546875,1.34375,0.015625
169,노원구,상계2동,0.09375,0.09375,0.015625,0.0625,0.03125,2.96875,0.046875,0.75,0.328125,6.5,0.625,0.671875,3.546875,0.4375,5.171875,0.546875,1.34375,0.015625
170,노원구,상계3.4동,0.09375,0.09375,0.015625,0.0625,0.03125,2.96875,0.046875,0.75,0.328125,6.5,0.625,0.671875,3.546875,0.4375,5.171875,0.546875,1.34375,0.015625
171,노원구,상계5동,0.09375,0.09375,0.015625,0.0625,0.03125,2.96875,0.046875,0.75,0.328125,6.5,0.625,0.671875,3.546875,0.4375,5.171875,0.546875,1.34375,0.015625
172,노원구,상계6.7동,0.09375,0.09375,0.015625,0.0625,0.03125,2.96875,0.046875,0.75,0.328125,6.5,0.625,0.671875,3.546875,0.4375,5.171875,0.546875,1.34375,0.015625
173,노원구,상계8동,0.09375,0.09375,0.015625,0.0625,0.03125,2.96875,0.046875,0.75,0.328125,6.5,0.625,0.671875,3.546875,0.4375,5.171875,0.546875,1.34375,0.015625
174,노원구,상계9동,0.09375,0.09375,0.015625,0.0625,0.03125,2.96875,0.046875,0.75,0.328125,6.5,0.625,0.671875,3.546875,0.4375,5.171875,0.546875,1.34375,0.015625
175,노원구,상계10동,0.09375,0.09375,0.015625,0.0625,0.03125,2.96875,0.046875,0.75,0.328125,6.5,0.625,0.671875,3.546875,0.4375,5.171875,0.546875,1.34375,0.015625
176,은평구,녹번동,2.0,1.0,0.0,1.0,0.0,30.0,0.0,4.0,5.0,64.0,6.0,10.0,31.0,8.0,183.0,26.0,18.0,0.0
177,은평구,불광제1동,0.0,0.25,0.0,0.5,0.0,17.5,0.0,3.25,1.75,28.25,2.5,5.25,9.5,3.75,41.5,16.25,5.25,0.0
178,은평구,불광제2동,0.0,0.25,0.0,0.5,0.0,17.5,0.0,3.25,1.75,28.25,2.5,5.25,9.5,3.75,41.5,16.25,5.25,0.0
179,은평구,갈현제1동,0.5,0.25,0.0,0.75,0.0,15.0,0.25,3.75,2.0,38.5,2.5,1.25,12.75,1.0,43.5,14.0,6.25,0.0
180,은평구,갈현제2동,0.5,0.25,0.0,0.75,0.0,15.0,0.25,3.75,2.0,38.5,2.5,1.25,12.75,1.0,43.5,14.0,6.25,0.0
181,은평구,구산동,0.0,0.0,0.0,1.0,1.0,40.0,0.0,3.0,3.0,72.0,2.0,1.0,24.0,5.0,95.0,32.0,10.0,0.0
182,은평구,대조동,2.0,1.0,0.0,1.0,0.0,10.0,0.0,12.0,2.0,55.0,10.0,3.0,36.0,4.0,68.0,62.0,19.0,0.0
183,은평구,응암제1동,0.0,0.2222222222222222,0.0,0.1111111111111111,0.1111111111111111,15.555555555555555,0.4444444444444444,3.0,0.6666666666666666,19.22222222222222,2.0,2.3333333333333335,8.11111111111111,1.4444444444444444,26.666666666666668,17.444444444444446,2.888888888888889,0.0
184,은평구,응암제2동,0.0,0.2222222222222222,0.0,0.1111111111111111,0.1111111111111111,15.555555555555555,0.4444444444444444,3.0,0.6666666666666666,19.22222222222222,2.0,2.3333333333333335,8.11111111111111,1.4444444444444444,26.666666666666668,17.444444444444446,2.888888888888889,0.0
185,은평구,응암제3동,0.0,0.2222222222222222,0.0,0.1111111111111111,0.1111111111111111,15.555555555555555,0.4444444444444444,3.0,0.6666666666666666,19.22222222222222,2.0,2.3333333333333335,8.11111111111111,1.4444444444444444,26.666666666666668,17.444444444444446,2.888888888888889,0.0
186,은평구,역촌동,0.0,0.0,0.0,1.0,0.0,30.0,0.0,14.0,4.0,116.0,6.0,9.0,37.0,6.0,99.0,28.0,14.0,0.0
187,은평구,신사제1동,0.25,0.0,0.0,0.5,0.0,12.5,0.0,1.5,0.25,23.75,1.5,1.25,5.5,1.75,31.0,7.25,4.25,0.0
188,은평구,신사제2동,0.25,0.0,0.0,0.5,0.0,12.5,0.0,1.5,0.25,23.75,1.5,1.25,5.5,1.75,31.0,7.25,4.25,0.0
189,은평구,증산동,1.0,0.0,0.0,1.0,0.0,20.0,0.0,3.0,5.0,42.0,6.0,3.0,10.0,5.0,62.0,18.0,5.0,0.0
190,은평구,수색동,1.0,1.0,0.0,0.0,0.0,20.0,0.0,0.0,0.0,8.0,0.0,3.0,8.0,1.0,24.0,13.0,3.0,0.0
191,은평구,진관동,0.0,2.0,0.0,0.0,0.0,170.0,2.0,7.0,4.0,177.0,12.0,33.0,54.0,12.0,34.0,37.0,13.0,0.0
192,서대문구,천연동,0.0,0.0,0.0,0.0,0.0,0.0,0.0,3.0,2.0,47.0,4.0,4.0,13.0,5.0,13.0,5.0,4.0,0.0
193,서대문구,북아현동,0.0,0.25,0.0,0.5,0.0,17.5,0.0,0.25,0.0,11.25,1.5,0.75,5.75,1.0,7.25,0.0,3.5,0.0
194,서대문구,충현동,0.0,3.25,0.0,0.5,0.0,17.5,0.0,3.25,4.0,18.25,1.5,9.75,48.75,8.0,23.25,0.0,16.5,0.0
195,서대문구,신촌동,2.0,11.0,0.0,1.0,1.0,0.0,2.0,11.0,0.0,71.0,0.0,16.0,157.0,20.0,59.0,4.0,41.0,1.0
196,서대문구,연희동,0.0,2.0,0.0,1.0,0.0,10.0,0.0,11.0,1.0,64.0,8.0,13.0,91.0,4.0,55.0,4.0,27.0,0.0
197,서대문구,홍제제1동,0.2222222222222222,0.1111111111111111,0.0,0.2222222222222222,0.1111111111111111,6.666666666666667,0.0,1.1111111111111112,0.4444444444444444,14.555555555555555,0.6666666666666666,0.6666666666666666,4.444444444444445,0.8888888888888888,8.333333333333334,3.4444444444444446,3.222222222222222,0.0
198,서대문구,홍제제3동,0.2222222222222222,0.1111111111111111,0.0,0.2222222222222222,0.1111111111111111,6.666666666666667,0.0,1.1111111111111112,0.4444444444444444,14.555555555555555,0.6666666666666666,0.6666666666666666,4.444444444444445,0.8888888888888888,8.333333333333334,3.4444444444444446,3.222222222222222,0.0
199,서대문구,홍제제2동,0.2222222222222222,0.1111111111111111,0.0,0.2222222222222222,0.1111111111111111,6.666666666666667,0.0,1.1111111111111112,0.4444444444444444,14.555555555555555,0.6666666666666666,0.6666666666666666,4.444444444444445,0.8888888888888888,8.333333333333334,3.4444444444444446,3.222222222222222,0.0
200,서대문구,홍은제1동,0.0,0.0,0.0,0.75,0.0,15.0,0.0,1.5,1.5,26.75,1.0,2.75,10.75,2.0,16.5,1.25,8.75,0.0
201,서대문구,홍은제2동,0.0,0.0,0.0,0.75,0.0,15.0,0.0,1.5,1.5,26.75,1.0,2.75,10.75,2.0,16.5,1.25,8.75,0.0
202,서대문구,남가좌제1동,0.0,0.5,0.0,1.0,0.25,22.5,0.25,2.0,0.25,23.5,2.5,3.5,14.0,2.5,8.5,2.75,6.0,0.0
203,서대문구,남가좌제2동,0.0,0.5,0.0,1.0,0.25,22.5,0.25,2.0,0.25,23.5,2.5,3.5,14.0,2.5,8.5,2.75,6.0,0.0
204,서대문구,북가좌제1동,0.0,0.25,0.0,0.0,0.0,0.0,0.25,2.5,0.0,32.0,2.5,3.5,9.75,1.5,12.25,3.5,6.0,0.0
205,서대문구,북가좌제2동,0.0,0.25,0.0,0.0,0.0,0.0,0.25,2.5,0.0,32.0,2.5,3.5,9.75,1.5,12.25,3.5,6.0,0.0
206,마포구,아현동,0.5,0.8611111111111112,0.0,0.0,0.0,21.111111111111114,0.5,2.9444444444444446,1.1666666666666667,29.638888888888893,3.0555555555555554,1.3888888888888888,11.88888888888889,1.972222222222222,28.27777777777778,2.861111111111111,3.9722222222222223,0.0
207,마포구,공덕동,0.5,2.1944444444444446,0.0,0.1111111111111111,0.0,18.88888888888889,0.5,6.722222222222222,2.722222222222222,43.083333333333336,4.833333333333334,2.611111111111111,24.555555555555554,6.416666666666667,36.27777777777778,8.527777777777779,6.972222222222222,0.0
208,마포구,도화동,0.0,0.3333333333333333,0.0,0.1111111111111111,0.0,2.2222222222222223,0.0,1.222222222222222,1.1666666666666665,7.027777777777778,0.4444444444444444,0.5833333333333333,5.694444444444444,1.7777777777777777,8.805555555555557,1.5833333333333333,2.2222222222222223,0.0
209,마포구,용강동,0.1111111111111111,1.4444444444444444,0.0,0.2222222222222222,0.0,27.77777777777778,0.0,6.111111111111112,5.5,42.583333333333336,3.3333333333333335,3.2500000000000004,19.47222222222222,3.3333333333333335,54.80555555555556,4.583333333333333,9.888888888888888,0.0
210,마포구,대흥동,0.3611111111111111,0.6111111111111112,0.0,0.6111111111111112,0.0,3.611111111111111,0.0,2.9444444444444446,0.7222222222222222,31.22222222222222,2.2222222222222223,3.5555555555555554,15.75,2.4722222222222223,19.694444444444443,1.3333333333333333,4.944444444444445,0.0
211,마포구,염리동,0.0,0.1111111111111111,0.0,0.0,0.0,11.11111111111111,0.0,1.4444444444444444,0.6666666666666667,12.88888888888889,1.5555555555555554,0.8888888888888888,6.888888888888889,1.222222222222222,13.777777777777779,1.1111111111111112,2.2222222222222223,0.0
212,마포구,신수동,0.1111111111111111,0.3611111111111111,0.0,0.3611111111111111,0.0,6.111111111111111,0.0,3.4444444444444446,1.7222222222222223,42.47222222222222,2.7222222222222223,4.055555555555555,13.0,3.4722222222222223,31.694444444444443,1.0833333333333333,6.194444444444445,0.0
213,마포구,서강동,0.0,2.0,0.0,0.0,0.0,32.5,0.0,9.25,5.0,76.0,4.0,5.0,42.0,6.0,62.0,4.0,14.0,0.0
214,마포구,서교동,0.25,8.25,0.0,3.25,1.0,10.0,1.0,37.75,4.0,202.75,17.5,10.5,248.75,23.0,119.0,7.25,48.75,0.0
215,마포구,합정동,0.0,2.0,0.0,0.0,0.0,20.0,0.0,11.0,1.0,30.0,4.0,7.0,67.0,5.0,58.0,13.0,12.0,0.0
216,마포구,망원제1동,0.0,0.25,1.25,0.25,0.25,7.5,0.25,2.25,0.25,19.0,2.5,1.75,20.75,3.25,23.0,2.5,5.5,0.0
217,마포구,망원제2동,0.0,0.25,1.25,0.25,0.25,7.5,0.25,2.25,0.25,19.0,2.5,1.75,20.75,3.25,23.0,2.5,5.5,0.0
218,마포구,연남동,0.0,0.0,0.0,2.0,0.0,10.0,0.0,4.0,0.0,18.0,0.0,3.0,90.0,3.0,58.0,3.0,15.0,0.0
219,마포구,성산제1동,0.0,0.0,0.25,0.5,0.0,5.0,1.0,2.25,1.75,24.5,2.5,3.75,11.5,4.0,28.5,1.5,6.25,0.0
220,마포구,성산제2동,0.0,0.0,0.25,0.5,0.0,5.0,1.0,3.25,1.75,54.5,2.5,3.75,15.5,5.0,46.5,3.5,9.25,0.0
221,마포구,상암동,0.0,5.0,3.0,1.0,1.0,110.0,0.0,17.0,6.0,105.0,8.0,28.0,100.0,21.0,58.0,9.0,20.0,0.0
222,양천구,목1동,0.08,0.4,0.04,0.16,0.04,3.2,0.2,2.6399999999999997,1.0,42.08,1.6800000000000002,1.8,7.32,1.04,6.92,7.12,2.6,0.08
223,양천구,목2동,0.08,0.4,0.04,0.16,0.04,3.2,0.2,2.6399999999999997,1.0,42.08,1.6800000000000002,1.8,7.32,1.04,6.92,7.12,2.6,0.08
224,양천구,목3동,0.08,0.4,0.04,0.16,0.04,3.2,0.2,2.6399999999999997,1.0,42.08,1.6800000000000002,1.8,7.32,1.04,6.92,7.12,2.6,0.08
225,양천구,목4동,0.08,0.4,0.04,0.16,0.04,3.2,0.2,2.6399999999999997,1.0,42.08,1.6800000000000002,1.8,7.32,1.04,6.92,7.12,2.6,0.08
226,양천구,목5동,0.08,0.4,0.04,0.16,0.04,3.2,0.2,2.6399999999999997,1.0,42.08,1.6800000000000002,1.8,7.32,1.04,6.92,7.12,2.6,0.08
227,양천구,신월1동,0.0,0.04081632653061224,0.04081632653061224,0.10204081632653061,0.04081632653061224,2.0408163265306123,0.04081632653061224,0.2653061224489796,0.24489795918367346,4.816326530612245,0.4897959183673469,0.5918367346938777,1.836734693877551,0.32653061224489793,3.7551020408163263,2.5510204081632653,1.3061224489795917,0.0
228,양천구,신월2동,0.0,0.04081632653061224,0.04081632653061224,0.10204081632653061,0.04081632653061224,2.0408163265306123,0.04081632653061224,0.2653061224489796,0.24489795918367346,4.816326530612245,0.4897959183673469,0.5918367346938777,1.836734693877551,0.32653061224489793,3.7551020408163263,2.5510204081632653,1.3061224489795917,0.0
229,양천구,신월3동,0.0,0.04081632653061224,0.04081632653061224,0.10204081632653061,0.04081632653061224,2.0408163265306123,0.04081632653061224,0.2653061224489796,0.24489795918367346,4.816326530612245,0.4897959183673469,0.5918367346938777,1.836734693877551,0.32653061224489793,3.7551020408163263,2.5510204081632653,1.3061224489795917,0.0
230,양천구,신월4동,0.0,0.04081632653061224,0.04081632653061224,0.10204081632653061,0.04081632653061224,2.0408163265306123,0.04081632653061224,0.2653061224489796,0.24489795918367346,4.816326530612245,0.4897959183673469,0.5918367346938777,1.836734693877551,0.32653061224489793,3.7551020408163263,2.5510204081632653,1.3061224489795917,0.0
231,양천구,신월5동,0.0,0.04081632653061224,0.04081632653061224,0.10204081632653061,0.04081632653061224,2.0408163265306123,0.04081632653061224,0.2653061224489796,0.24489795918367346,4.816326530612245,0.4897959183673469,0.5918367346938777,1.836734693877551,0.32653061224489793,3.7551020408163263,2.5510204081632653,1.3061224489795917,0.0
232,양천구,신월6동,0.0,0.04081632653061224,0.04081632653061224,0.10204081632653061,0.04081632653061224,2.0408163265306123,0.04081632653061224,0.2653061224489796,0.24489795918367346,4.816326530612245,0.4897959183673469,0.5918367346938777,1.836734693877551,0.32653061224489793,3.7551020408163263,2.5510204081632653,1.3061224489795917,0.0
233,양천구,신월7동,0.0,0.04081632653061224,0.04081632653061224,0.10204081632653061,0.04081632653061224,2.0408163265306123,0.04081632653061224,0.2653061224489796,0.24489795918367346,4.816326530612245,0.4897959183673469,0.5918367346938777,1.836734693877551,0.32653061224489793,3.7551020408163263,2.5510204081632653,1.3061224489795917,0.0
234,양천구,신정1동,0.08333333333333333,0.1111111111111111,0.027777777777777776,0.05555555555555555,0.027777777777777776,6.111111111111111,0.1111111111111111,1.361111111111111,0.75,24.0,0.8888888888888888,1.222222222222222,4.416666666666667,0.7222222222222222,4.305555555555555,2.3333333333333335,2.0,0.0
235,양천구,신정2동,0.08333333333333333,0.1111111111111111,0.027777777777777776,0.05555555555555555,0.027777777777777776,6.111111111111111,0.1111111111111111,1.361111111111111,0.75,24.0,0.8888888888888888,1.222222222222222,4.416666666666667,0.7222222222222222,4.305555555555555,2.3333333333333335,2.0,0.0
236,양천구,신정3동,0.08333333333333333,0.1111111111111111,0.027777777777777776,0.05555555555555555,0.027777777777777776,6.111111111111111,0.1111111111111111,1.361111111111111,0.75,24.0,0.8888888888888888,1.222222222222222,4.416666666666667,0.7222222222222222,4.305555555555555,2.3333333333333335,2.0,0.0
237,양천구,신정4동,0.08333333333333333,0.1111111111111111,0.027777777777777776,0.05555555555555555,0.027777777777777776,6.111111111111111,0.1111111111111111,1.361111111111111,0.75,24.0,0.8888888888888888,1.222222222222222,4.416666666666667,0.7222222222222222,4.305555555555555,2.3333333333333335,2.0,0.0
238,양천구,신정6동,0.08333333333333333,0.1111111111111111,0.027777777777777776,0.05555555555555555,0.027777777777777776,6.111111111111111,0.1111111111111111,1.361111111111111,0.75,24.0,0.8888888888888888,1.222222222222222,4.416666666666667,0.7222222222222222,4.305555555555555,2.3333333333333335,2.0,0.0
239,양천구,신정7동,0.08333333333333333,0.1111111111111111,0.027777777777777776,0.05555555555555555,0.027777777777777776,6.111111111111111,0.1111111111111111,1.361111111111111,0.75,24.0,0.8888888888888888,1.222222222222222,4.416666666666667,0.7222222222222222,4.305555555555555,2.3333333333333335,2.0,0.0
240,강서구,염창동,0.0,2.0,0.0,0.0,1.0,41.25,4.0625,16.25,8.3125,134.5625,6.375,12.25,53.875,3.6875,28.0,40.375,15.125,0.0
241,강서구,등촌제1동,0.1111111111111111,0.5555555555555556,0.0,0.0,0.1111111111111111,7.777777777777778,0.2222222222222222,4.111111111111112,2.111111111111111,20.77777777777778,1.1111111111111112,2.3333333333333335,15.555555555555555,1.6666666666666667,9.0,8.777777777777777,4.888888888888888,0.0
242,강서구,등촌제2동,0.1111111111111111,0.5555555555555556,0.0,0.0,0.1111111111111111,7.777777777777778,0.2222222222222222,4.111111111111112,2.111111111111111,20.77777777777778,1.1111111111111112,2.3333333333333335,15.555555555555555,1.6666666666666667,9.0,8.777777777777777,4.888888888888888,0.0
243,강서구,등촌제3동,0.1111111111111111,0.5555555555555556,0.0,0.0,0.1111111111111111,7.777777777777778,0.2222222222222222,4.111111111111112,2.111111111111111,20.77777777777778,1.1111111111111112,2.3333333333333335,15.555555555555555,1.6666666666666667,9.0,8.777777777777777,4.888888888888888,0.0
244,강서구,화곡제1동,0.015625,0.09375,0.0,0.140625,0.015625,2.5,0.078125,0.875,0.25,5.328125,0.5625,0.4375,4.109375,0.59375,5.015625,2.734375,1.625,0.0
245,강서구,화곡제2동,0.015625,0.09375,0.0,0.140625,0.015625,2.5,0.078125,0.875,0.25,5.328125,0.5625,0.4375,4.109375,0.59375,5.015625,2.734375,1.625,0.0
246,강서구,화곡제3동,0.015625,0.09375,0.0,0.140625,0.015625,2.5,0.078125,0.875,0.25,5.328125,0.5625,0.4375,4.109375,0.59375,5.015625,2.734375,1.625,0.0
247,강서구,화곡제4동,0.015625,0.09375,0.0,0.140625,0.015625,2.5,0.078125,0.875,0.25,5.328125,0.5625,0.4375,4.109375,0.59375,5.015625,2.734375,1.625,0.0
248,강서구,화곡본동,0.015625,0.09375,0.0,0.140625,0.015625,2.5,0.078125,0.875,0.25,5.328125,0.5625,0.4375,4.109375,0.59375,5.015625,2.734375,1.625,0.0
249,강서구,화곡제6동,0.015625,0.09375,0.0,0.140625,0.015625,2.5,0.078125,0.875,0.25,5.328125,0.5625,0.4375,4.109375,0.59375,5.015625,2.734375,1.625,0.0
250,강서구,화곡제8동,0.015625,0.09375,0.0,0.140625,0.015625,2.5,0.078125,0.875,0.25,5.328125,0.5625,0.4375,4.109375,0.59375,5.015625,2.734375,1.625,0.0
251,강서구,가양제1동,0.0625,0.4375,0.125,0.0,0.0,13.125,0.1875,5.0,0.8125,16.5,1.125,5.1875,21.3125,1.3125,8.4375,8.625,4.25,0.0
252,강서구,가양제2동,0.0,0.0,0.0,0.0,0.0,1.25,0.0625,1.25,0.3125,2.5625,0.375,1.25,2.875,0.6875,2.0,2.375,1.125,0.0
253,강서구,가양제3동,0.0,0.0,0.0,0.0,0.0,1.25,0.0625,1.25,0.3125,2.5625,0.375,1.25,2.875,0.6875,2.0,2.375,1.125,0.0
254,강서구,발산제1동,0.0625,0.9375,0.125,0.5,0.0,14.375,0.625,7.75,2.0,87.9375,3.75,10.1875,39.4375,3.875,19.9375,21.5,9.375,0.0
255,강서구,우장산동,0.015625,0.59375,0.0,0.640625,0.015625,5.0,0.578125,4.875,1.75,78.328125,3.5625,3.6875,21.109375,1.84375,16.515625,17.984375,5.875,0.0
256,강서구,공항동,0.75,0.5625,0.125,0.3125,0.25,15.0,0.5625,5.6875,1.75,25.1875,2.0,7.0,37.625,3.8125,18.125,15.8125,11.125,0.0
257,강서구,방화제1동,0.75,0.5625,0.125,0.3125,0.25,15.0,0.5625,5.6875,1.75,25.1875,2.0,7.0,34.625,2.8125,18.125,14.8125,11.125,0.0
258,강서구,방화제2동,1.4375,0.125,0.0,0.0625,0.0,3.125,0.4375,0.9375,0.5,6.75,0.75,5.0625,9.9375,1.9375,21.4375,3.3125,2.25,0.0
259,강서구,방화제3동,0.4375,0.125,0.0,0.0625,0.0,3.125,0.4375,0.9375,0.5,6.75,0.75,1.0625,6.9375,0.9375,6.4375,3.3125,2.25,0.0
260,구로구,신도림동,2.0,3.0,1.0,0.0,1.0,40.0,2.0,8.0,7.0,102.0,10.0,9.0,49.0,5.0,78.0,61.0,17.0,1.0
261,구로구,구로제1동,0.16,0.27999999999999997,0.0,0.24,0.04,4.0,0.08,1.56,0.8,7.08,0.5599999999999999,1.48,8.92,1.56,29.360000000000003,10.24,3.72,0.04
262,구로구,구로제2동,0.16,0.27999999999999997,0.0,0.24,0.04,4.0,0.08,1.56,0.8,7.08,0.5599999999999999,1.48,8.92,1.56,29.360000000000003,10.24,3.72,0.04
263,구로구,구로제3동,0.16,0.27999999999999997,0.0,0.24,0.04,4.0,0.08,1.56,0.8,7.08,0.5599999999999999,1.48,8.92,1.56,29.360000000000003,10.24,3.72,0.04
264,구로구,구로제4동,0.16,0.27999999999999997,0.0,0.24,0.04,4.0,0.08,1.56,0.8,7.08,0.5599999999999999,1.48,8.92,1.56,29.360000000000003,10.24,3.72,0.04
265,구로구,구로제5동,0.16,0.27999999999999997,0.0,0.24,0.04,4.0,0.08,1.56,0.8,7.08,0.5599999999999999,1.48,8.92,1.56,29.360000000000003,10.24,3.72,0.04
266,구로구,가리봉동,0.0,0.0,0.0,1.0,0.0,0.0,0.0,1.0,0.0,3.0,0.0,1.0,9.0,2.0,208.0,11.0,7.0,0.0
267,구로구,고척제1동,0.0,0.25,0.5,0.5,0.25,25.0,0.75,3.25,3.5,23.25,2.5,2.5,11.75,1.75,78.5,21.25,8.25,0.0
268,구로구,고척제2동,0.0,0.25,0.5,0.5,0.25,25.0,0.75,3.25,3.5,23.25,2.5,2.5,11.75,1.75,78.5,21.25,8.25,0.0
269,구로구,개봉제1동,0.1111111111111111,0.0,0.0,0.1111111111111111,0.0,12.222222222222221,0.2222222222222222,1.6666666666666667,0.5555555555555556,14.222222222222221,1.3333333333333333,1.222222222222222,7.888888888888889,1.0,32.11111111111111,14.666666666666666,3.888888888888889,0.0
270,구로구,개봉제2동,0.1111111111111111,0.0,0.0,0.1111111111111111,0.0,12.222222222222221,0.2222222222222222,1.6666666666666667,0.5555555555555556,14.222222222222221,1.3333333333333333,1.222222222222222,7.888888888888889,1.0,32.11111111111111,14.666666666666666,3.888888888888889,0.0
271,구로구,개봉제3동,0.1111111111111111,0.0,0.0,0.1111111111111111,0.0,12.222222222222221,0.2222222222222222,1.6666666666666667,0.5555555555555556,14.222222222222221,1.3333333333333333,1.222222222222222,7.888888888888889,1.0,32.11111111111111,14.666666666666666,3.888888888888889,0.0
272,구로구,오류제1동,0.0,0.5,0.0,0.25,0.0,5.0,0.0,2.5,0.5,14.75,1.5,3.0,9.75,2.0,72.25,19.25,6.75,0.0
273,구로구,오류제2동,0.0,0.5,0.0,0.25,0.0,15.0,0.0,4.5,0.5,58.75,3.5,12.0,19.75,5.0,94.25,39.25,9.75,0.0
274,구로구,수궁동,0.0,0.0,0.0,2.0,0.0,0.0,1.0,2.0,1.0,30.0,2.0,4.0,21.0,3.0,134.0,17.0,17.0,0.0
275,구로구,항동,0.0,0.0,0.0,0.0,0.0,100.0,0.0,4.0,0.0,34.0,4.0,15.0,16.0,0.0,13.0,4.0,11.0,0.0
276,금천구,가산동,3.0,9.0,0.0,1.0,4.0,10.0,4.0,24.0,13.0,36.0,2.0,27.0,212.0,19.0,93.0,19.0,85.0,0.0
277,금천구,독산제1동,0.0,0.0625,0.0,0.3125,0.0,10.0,0.1875,1.3125,0.875,8.0625,1.125,2.0625,7.625,1.3125,33.6875,2.75,4.5625,0.0
278,금천구,독산제2동,0.0,0.0625,0.0,0.3125,0.0,10.0,0.1875,1.3125,0.875,8.0625,1.125,2.0625,7.625,1.3125,33.6875,2.75,4.5625,0.0
279,금천구,독산제3동,0.0,0.0625,0.0,0.3125,0.0,10.0,0.1875,1.3125,0.875,8.0625,1.125,2.0625,7.625,1.3125,33.6875,2.75,4.5625,0.0
280,금천구,독산제4동,0.0,0.0625,0.0,0.3125,0.0,10.0,0.1875,1.3125,0.875,8.0625,1.125,2.0625,7.625,1.3125,33.6875,2.75,4.5625,0.0
281,금천구,시흥제1동,0.04,0.08,0.0,0.16,0.04,4.0,0.0,0.9199999999999999,0.24,6.32,0.5599999999999999,0.8800000000000001,3.5200000000000005,0.64,17.96,2.52,2.04,0.0
282,금천구,시흥제2동,0.04,0.08,0.0,0.16,0.04,4.0,0.0,0.9199999999999999,0.24,6.32,0.5599999999999999,0.8800000000000001,3.5200000000000005,0.64,17.96,2.52,2.04,0.0
283,금천구,시흥제3동,0.04,0.08,0.0,0.16,0.04,4.0,0.0,0.9199999999999999,0.24,6.32,0.5599999999999999,0.8800000000000001,3.5200000000000005,0.64,17.96,2.52,2.04,0.0
284,금천구,시흥제4동,0.04,0.08,0.0,0.16,0.04,4.0,0.0,0.9199999999999999,0.24,6.32,0.5599999999999999,0.8800000000000001,3.5200000000000005,0.64,17.96,2.52,2.04,0.0
285,금천구,시흥제5동,0.04,0.08,0.0,0.16,0.04,4.0,0.0,0.9199999999999999,0.24,6.32,0.5599999999999999,0.8800000000000001,3.5200000000000005,0.64,17.96,2.52,2.04,0.0
286,영등포구,영등포본동,0.3112244897959184,0.02040816326530612,0.25,0.6020408163265306,0.02040816326530612,8.26530612244898,0.25,1.0510204081632653,0.7040816326530612,9.857142857142858,0.9897959183673469,2.1581632653061225,8.729591836734693,0.7857142857142857,13.86734693877551,6.530612244897959,3.2653061224489797,0.25
287,영등포구,영등포동,1.25,8.0,0.25,0.5,1.0,25.0,3.25,13.5,3.5,69.0,10.5,16.75,140.75,10.5,150.5,97.0,45.0,1.25
288,영등포구,여의동,4.0,19.0,0.0,0.0,1.0,70.0,0.0,27.0,25.0,100.0,6.0,44.0,255.0,11.0,106.0,80.0,53.0,1.0
289,영등포구,당산제1동,2.0,1.0,0.0,1.0,0.0,0.0,0.0,8.0,4.0,31.0,2.0,5.0,53.0,6.0,33.0,33.0,24.0,0.0
290,영등포구,당산제2동,2.0,3.0,0.0,1.0,0.0,20.0,1.0,19.0,9.0,99.0,6.0,12.0,67.0,7.0,57.0,70.0,28.0,0.0
291,영등포구,도림동,0.0,0.0,0.0,1.0,0.0,0.0,0.0,4.0,2.0,27.0,2.0,5.0,20.0,0.0,43.0,16.0,10.0,0.0
292,영등포구,문래동,1.0,3.0,2.0,0.0,0.0,30.0,0.0,15.0,10.0,82.0,4.0,8.0,87.0,4.0,36.0,78.0,28.0,0.0
293,영등포구,양평제1동,0.0,1.0,0.0,0.0,0.25,0.0,0.0,4.25,3.0,22.5,4.0,9.25,31.0,3.5,30.5,22.75,10.25,0.0
294,영등포구,양평제2동,1.0,3.0,5.0,0.0,0.25,0.0,0.0,7.25,5.0,28.5,2.0,6.25,44.0,0.5,26.5,20.75,21.25,0.0
295,영등포구,신길제1동,0.061224489795918366,0.02040816326530612,0.0,0.10204081632653061,0.02040816326530612,3.2653061224489797,0.0,0.5510204081632654,0.20408163265306123,3.857142857142857,0.4897959183673469,0.40816326530612246,1.9795918367346939,0.2857142857142857,3.3673469387755106,2.5306122448979593,1.2653061224489797,0.0
296,영등포구,신길제3동,0.061224489795918366,0.02040816326530612,0.0,0.10204081632653061,0.02040816326530612,3.2653061224489797,0.0,0.5510204081632654,0.20408163265306123,3.857142857142857,0.4897959183673469,0.40816326530612246,1.9795918367346939,0.2857142857142857,3.3673469387755106,2.5306122448979593,1.2653061224489797,0.0
297,영등포구,신길제4동,0.061224489795918366,0.02040816326530612,0.0,0.10204081632653061,0.02040816326530612,3.2653061224489797,0.0,0.5510204081632654,0.20408163265306123,3.857142857142857,0.4897959183673469,0.40816326530612246,1.9795918367346939,0.2857142857142857,3.3673469387755106,2.5306122448979593,1.2653061224489797,0.0
298,영등포구,신길제5동,0.18622448979591838,0.02040816326530612,0.125,0.22704081632653061,0.02040816326530612,7.64030612244898,0.0,0.8635204081632654,0.7040816326530612,7.607142857142858,0.7397959183673469,1.0331632653061225,5.792091836734694,0.4732142857142857,10.80484693877551,7.718112244897959,3.0778061224489797,0.0
299,영등포구,신길제6동,0.061224489795918366,0.02040816326530612,0.0,0.10204081632653061,0.02040816326530612,3.2653061224489797,0.0,0.5510204081632654,0.20408163265306123,3.857142857142857,0.4897959183673469,0.40816326530612246,1.9795918367346939,0.2857142857142857,3.3673469387755106,2.5306122448979593,1.2653061224489797,0.0
300,영등포구,신길제7동,0.061224489795918366,0.02040816326530612,0.0,0.10204081632653061,0.02040816326530612,3.2653061224489797,0.0,0.5510204081632654,0.20408163265306123,3.857142857142857,0.4897959183673469,0.40816326530612246,1.9795918367346939,0.2857142857142857,3.3673469387755106,2.5306122448979593,1.2653061224489797,0.0
301,영등포구,대림제1동,0.125,0.0,0.125,0.125,0.0,4.375,0.0,0.3125,0.5,3.75,0.25,0.625,3.8125,0.1875,7.4375,5.1875,1.8125,0.0
302,영등포구,대림제2동,0.125,0.0,0.125,0.125,0.0,4.375,0.0,0.3125,0.5,3.75,0.25,0.625,3.8125,0.1875,7.4375,5.1875,1.8125,0.0
303,영등포구,대림제3동,0.125,0.0,0.125,0.125,0.0,4.375,0.0,0.3125,0.5,3.75,0.25,0.625,3.8125,0.1875,7.4375,5.1875,1.8125,0.0
304,동작구,노량진제1동,0.5,0.5,3.5,0.75,0.25,15.0,0.0,3.75,0.0,57.0,0.5,3.5,23.5,3.25,43.0,6.25,8.75,0.0
305,동작구,노량진제2동,0.5,0.5,0.5,0.75,0.25,5.0,0.0,2.75,0.0,39.0,0.5,1.5,19.5,1.25,25.0,3.25,4.75,0.0
306,동작구,상도제1동,0.125,1.1875,0.0,0.3125,0.0625,5.0,0.0625,4.1875,0.625,32.8125,4.625,1.5625,31.625,4.3125,45.625,9.5,15.4375,0.0
307,동작구,상도제2동,0.125,0.1875,0.0,0.3125,0.0625,5.0,0.0625,1.1875,0.625,10.8125,0.625,0.5625,5.625,1.3125,15.625,3.5,2.4375,0.0
308,동작구,상도제3동,0.125,0.1875,0.0,0.3125,0.0625,5.0,0.0625,1.1875,0.625,10.8125,0.625,0.5625,5.625,1.3125,15.625,3.5,2.4375,0.0
309,동작구,상도제4동,0.125,0.1875,0.0,0.3125,0.0625,5.0,0.0625,1.1875,0.625,10.8125,0.625,0.5625,5.625,1.3125,15.625,3.5,2.4375,0.0
310,동작구,흑석동,0.0,1.0,0.0,0.0,1.0,50.0,0.0,5.0,3.0,58.0,4.0,11.0,41.0,8.0,60.0,7.0,11.0,0.0
311,동작구,사당제1동,0.12,0.12,0.0,0.16,0.04,3.6,0.04,0.64,0.36,7.640000000000001,0.64,0.48,4.96,0.48,7.76,2.3600000000000003,1.72,0.0
312,동작구,사당제2동,0.12,0.12,0.0,0.16,0.04,13.6,1.04,1.6400000000000001,0.36,11.64,0.64,1.48,7.96,1.48,23.759999999999998,2.3600000000000003,3.7199999999999998,0.0
313,동작구,사당제3동,0.12,0.12,0.0,0.16,0.04,3.6,0.04,0.64,0.36,7.640000000000001,0.64,0.48,4.96,0.48,7.76,2.3600000000000003,1.72,0.0
314,동작구,사당제4동,0.12,0.12,0.0,0.16,0.04,3.6,0.04,0.64,0.36,7.640000000000001,0.64,0.48,4.96,0.48,7.76,2.3600000000000003,1.72,0.0
315,동작구,사당제5동,0.12,0.12,0.0,0.16,0.04,3.6,0.04,0.64,0.36,7.640000000000001,0.64,0.48,4.96,0.48,7.76,2.3600000000000003,1.72,0.0
316,동작구,대방동,2.0,0.0,0.0,1.0,0.0,30.0,2.0,13.0,5.0,138.0,4.0,10.0,31.0,6.0,70.0,24.0,15.0,0.0
317,동작구,신대방제1동,0.0,0.25,0.5,0.25,0.0,10.0,0.25,3.25,2.5,22.25,0.0,3.5,16.0,2.0,20.5,6.0,5.25,0.0
318,동작구,신대방제2동,0.0,0.25,0.5,0.25,0.0,10.0,0.25,3.25,2.5,22.25,0.0,3.5,16.0,2.0,20.5,6.0,5.25,0.0
319,관악구,보라매동,0.037037037037037035,0.08641975308641975,0.0,0.0617283950617284,0.0,1.9753086419753088,0.037037037037037035,0.8765432098765432,0.32098765432098764,4.555555555555555,0.3703703703703704,0.5802469135802469,3.4691358024691357,0.43209876543209874,4.049382716049383,1.8395061728395063,1.567901234567901,0.0
320,관악구,청림동,0.037037037037037035,0.08641975308641975,0.0,0.0617283950617284,0.0,1.9753086419753088,0.037037037037037035,0.8765432098765432,0.32098765432098764,4.555555555555555,0.3703703703703704,0.5802469135802469,3.4691358024691357,0.43209876543209874,4.049382716049383,1.8395061728395063,1.567901234567901,0.0
321,관악구,성현동,0.037037037037037035,0.08641975308641975,0.0,0.0617283950617284,0.0,1.9753086419753088,0.037037037037037035,0.8765432098765432,0.32098765432098764,4.555555555555555,0.3703703703703704,0.5802469135802469,3.4691358024691357,0.43209876543209874,4.049382716049383,1.8395061728395063,1.567901234567901,0.0
322,관악구,행운동,0.037037037037037035,0.08641975308641975,0.0,0.0617283950617284,0.0,1.9753086419753088,0.037037037037037035,0.8765432098765432,0.32098765432098764,4.555555555555555,0.3703703703703704,0.5802469135802469,3.4691358024691357,0.43209876543209874,4.049382716049383,1.8395061728395063,1.567901234567901,0.0
323,관악구,낙성대동,0.037037037037037035,0.08641975308641975,0.0,0.0617283950617284,0.0,1.9753086419753088,0.037037037037037035,0.8765432098765432,0.32098765432098764,4.555555555555555,0.3703703703703704,0.5802469135802469,3.4691358024691357,0.43209876543209874,4.049382716049383,1.8395061728395063,1.567901234567901,0.0
324,관악구,청룡동,0.037037037037037035,0.08641975308641975,0.0,0.0617283950617284,0.0,1.9753086419753088,0.037037037037037035,0.8765432098765432,0.32098765432098764,4.555555555555555,0.3703703703703704,0.5802469135802469,3.4691358024691357,0.43209876543209874,4.049382716049383,1.8395061728395063,1.567901234567901,0.0
325,관악구,은천동,0.037037037037037035,0.08641975308641975,0.0,0.0617283950617284,0.0,1.9753086419753088,0.037037037037037035,0.8765432098765432,0.32098765432098764,4.555555555555555,0.3703703703703704,0.5802469135802469,3.4691358024691357,0.43209876543209874,4.049382716049383,1.8395061728395063,1.567901234567901,0.0
326,관악구,중앙동,0.037037037037037035,0.08641975308641975,0.0,0.0617283950617284,0.0,1.9753086419753088,0.037037037037037035,0.8765432098765432,0.32098765432098764,4.555555555555555,0.3703703703703704,0.5802469135802469,3.4691358024691357,0.43209876543209874,4.049382716049383,1.8395061728395063,1.567901234567901,0.0
327,관악구,인헌동,0.037037037037037035,0.08641975308641975,0.0,0.0617283950617284,0.0,1.9753086419753088,0.037037037037037035,0.8765432098765432,0.32098765432098764,4.555555555555555,0.3703703703703704,0.5802469135802469,3.4691358024691357,0.43209876543209874,4.049382716049383,1.8395061728395063,1.567901234567901,0.0
328,관악구,남현동,0.0,1.0,0.0,1.0,0.0,0.0,1.0,5.0,2.0,24.0,2.0,2.0,25.0,5.0,11.0,14.0,13.0,0.0
329,관악구,서원동,0.008264462809917356,0.03305785123966942,0.0,0.08264462809917356,0.008264462809917356,0.8264462809917356,0.01652892561983471,0.5454545454545454,0.11570247933884298,2.4628099173553717,0.21487603305785125,0.38016528925619836,2.487603305785124,0.3305785123966942,3.8595041322314048,1.0743801652892562,1.322314049586777,0.0
330,관악구,신원동,0.008264462809917356,0.03305785123966942,0.0,0.08264462809917356,0.008264462809917356,0.8264462809917356,0.01652892561983471,0.5454545454545454,0.11570247933884298,2.4628099173553717,0.21487603305785125,0.38016528925619836,2.487603305785124,0.3305785123966942,3.8595041322314048,1.0743801652892562,1.322314049586777,0.0
331,관악구,서림동,0.008264462809917356,0.03305785123966942,0.0,0.08264462809917356,0.008264462809917356,0.8264462809917356,0.01652892561983471,0.5454545454545454,0.11570247933884298,2.4628099173553717,0.21487603305785125,0.38016528925619836,2.487603305785124,0.3305785123966942,3.8595041322314048,1.0743801652892562,1.322314049586777,0.0
332,관악구,신사동,0.008264462809917356,0.03305785123966942,0.0,0.08264462809917356,0.008264462809917356,0.8264462809917356,0.01652892561983471,0.5454545454545454,0.11570247933884298,2.4628099173553717,0.21487603305785125,0.38016528925619836,2.487603305785124,0.3305785123966942,3.8595041322314048,1.0743801652892562,1.322314049586777,0.0
333,관악구,신림동,0.008264462809917356,0.03305785123966942,0.0,0.08264462809917356,0.008264462809917356,0.8264462809917356,0.01652892561983471,0.5454545454545454,0.11570247933884298,2.4628099173553717,0.21487603305785125,0.38016528925619836,2.487603305785124,0.3305785123966942,3.8595041322314048,1.0743801652892562,1.322314049586777,0.0
334,관악구,난향동,0.008264462809917356,0.03305785123966942,0.0,0.08264462809917356,0.008264462809917356,0.8264462809917356,0.01652892561983471,0.5454545454545454,0.11570247933884298,2.4628099173553717,0.21487603305785125,0.38016528925619836,2.487603305785124,0.3305785123966942,3.8595041322314048,1.0743801652892562,1.322314049586777,0.0
335,관악구,조원동,0.008264462809917356,0.03305785123966942,0.0,0.08264462809917356,0.008264462809917356,0.8264462809917356,0.01652892561983471,0.5454545454545454,0.11570247933884298,2.4628099173553717,0.21487603305785125,0.38016528925619836,2.487603305785124,0.3305785123966942,3.8595041322314048,1.0743801652892562,1.322314049586777,0.0
336,관악구,대학동,0.008264462809917356,0.03305785123966942,0.0,0.08264462809917356,0.008264462809917356,0.8264462809917356,0.01652892561983471,0.5454545454545454,0.11570247933884298,2.4628099173553717,0.21487603305785125,0.38016528925619836,2.487603305785124,0.3305785123966942,3.8595041322314048,1.0743801652892562,1.322314049586777,0.0
337,관악구,삼성동,0.008264462809917356,0.03305785123966942,0.0,0.08264462809917356,0.008264462809917356,0.8264462809917356,0.01652892561983471,0.5454545454545454,0.11570247933884298,2.4628099173553717,0.21487603305785125,0.38016528925619836,2.487603305785124,0.3305785123966942,3.8595041322314048,1.0743801652892562,1.322314049586777,0.0
338,관악구,미성동,0.008264462809917356,0.03305785123966942,0.0,0.08264462809917356,0.008264462809917356,0.8264462809917356,0.01652892561983471,0.5454545454545454,0.11570247933884298,2.4628099173553717,0.21487603305785125,0.38016528925619836,2.487603305785124,0.3305785123966942,3.8595041322314048,1.0743801652892562,1.322314049586777,0.0
339,관악구,난곡동,0.008264462809917356,0.03305785123966942,0.0,0.08264462809917356,0.008264462809917356,0.8264462809917356,0.01652892561983471,0.5454545454545454,0.11570247933884298,2.4628099173553717,0.21487603305785125,0.38016528925619836,2.487603305785124,0.3305785123966942,3.8595041322314048,1.0743801652892562,1.322314049586777,0.0
340,서초구,서초1동,0.3125,1.3125,0.0,0.0,0.1875,11.25,0.25,7.5,4.1875,32.4375,1.5,1.8125,22.875,2.3125,10.3125,6.9375,7.5,0.0
341,서초구,서초2동,0.3125,1.3125,0.0,0.0,0.1875,11.25,0.25,7.5,4.1875,32.4375,1.5,1.8125,22.875,2.3125,10.3125,6.9375,7.5,0.0
342,서초구,서초3동,0.3680555555555556,1.5625,0.05555555555555555,0.05555555555555555,0.2152777777777778,15.13888888888889,0.2777777777777778,9.055555555555555,5.131944444444445,44.076388888888886,2.4444444444444446,2.6458333333333335,28.708333333333332,2.7847222222222223,13.92361111111111,9.631944444444445,9.38888888888889,0.0
343,서초구,서초4동,0.3125,1.3125,0.0,0.0,0.1875,11.25,0.25,7.5,4.1875,32.4375,1.5,1.8125,22.875,2.3125,10.3125,6.9375,7.5,0.0
344,서초구,잠원동,0.25,1.25,0.0,0.0,0.0,12.5,0.0,4.0,3.25,70.75,2.5,3.25,15.75,1.25,16.0,14.5,5.5,0.25
345,서초구,반포본동,0.375,0.5625,0.3125,0.125,0.0,5.625,0.125,2.4375,1.5,26.75,1.375,1.5625,8.8125,0.75,7.1875,6.4375,2.875,0.0625
346,서초구,반포1동,0.375,0.5625,0.3125,0.125,0.0,5.625,0.125,2.4375,1.5,26.75,1.375,1.5625,8.8125,0.75,7.1875,6.4375,2.875,0.0625
347,서초구,반포2동,0.375,0.5625,0.3125,0.125,0.0,5.625,0.125,2.4375,1.5,26.75,1.375,1.5625,8.8125,0.75,7.1875,6.4375,2.875,0.0625
348,서초구,반포3동,0.25,1.25,0.0,0.0,0.0,12.5,0.0,4.0,3.25,70.75,2.5,3.25,15.75,1.25,16.0,14.5,5.5,0.25
349,서초구,반포4동,0.375,0.5625,0.3125,0.125,0.0,5.625,0.125,2.4375,1.5,26.75,1.375,1.5625,8.8125,0.75,7.1875,6.4375,2.875,0.0625
350,서초구,방배본동,0.05555555555555555,0.25,0.05555555555555555,0.05555555555555555,0.027777777777777776,3.888888888888889,0.027777777777777776,1.5555555555555556,0.9444444444444445,11.638888888888888,0.9444444444444445,0.8333333333333334,5.833333333333333,0.47222222222222227,3.611111111111111,2.6944444444444446,1.888888888888889,0.0
351,서초구,방배1동,0.05555555555555555,0.25,0.05555555555555555,0.05555555555555555,0.027777777777777776,3.888888888888889,0.027777777777777776,1.5555555555555556,0.9444444444444445,11.638888888888888,0.9444444444444445,0.8333333333333334,5.833333333333333,0.47222222222222227,3.611111111111111,2.6944444444444446,1.888888888888889,0.0
352,서초구,방배2동,0.05555555555555555,0.25,0.05555555555555555,0.05555555555555555,0.027777777777777776,3.888888888888889,0.027777777777777776,1.5555555555555556,0.9444444444444445,11.638888888888888,0.9444444444444445,0.8333333333333334,5.833333333333333,0.47222222222222227,3.611111111111111,2.6944444444444446,1.888888888888889,0.0
353,서초구,방배3동,0.05555555555555555,0.25,0.05555555555555555,0.05555555555555555,0.027777777777777776,3.888888888888889,0.027777777777777776,1.5555555555555556,0.9444444444444445,11.638888888888888,0.9444444444444445,0.8333333333333334,5.833333333333333,0.47222222222222227,3.611111111111111,2.6944444444444446,1.888888888888889,0.0
354,서초구,방배4동,0.05555555555555555,0.25,0.05555555555555555,0.05555555555555555,0.027777777777777776,3.888888888888889,0.027777777777777776,1.5555555555555556,0.9444444444444445,11.638888888888888,0.9444444444444445,0.8333333333333334,5.833333333333333,0.47222222222222227,3.611111111111111,2.6944444444444446,1.888888888888889,0.0
355,서초구,양재1동,0.75,0.75,0.25,0.75,0.5,27.5,0.25,13.0,5.75,97.25,6.5,15.0,72.5,7.5,38.75,42.5,23.25,0.0
356,서초구,양재2동,0.75,0.75,0.25,0.75,0.5,7.5,0.25,5.0,4.75,26.25,2.5,8.0,44.5,4.5,16.75,13.5,13.25,0.0
357,서초구,내곡동,0.0,1.0,0.0,0.0,0.0,30.0,0.0,0.0,0.0,26.0,2.0,18.0,28.0,0.0,13.0,22.0,7.0,0.0
358,강남구,신사동,0.25,2.25,0.0,0.25,0.5,2.5,0.0,14.75,7.25,126.5,5.0,3.25,65.0,2.0,72.0,4.25,16.5,0.75
359,강남구,논현1동,0.75,3.0,0.0,0.25,0.5,2.5,0.0,19.25,12.0,44.5,5.5,2.75,67.75,6.0,125.5,2.0,25.75,0.0
360,강남구,논현2동,0.75,3.0,0.0,0.25,0.5,2.5,0.0,19.25,12.0,44.5,5.5,2.75,67.75,6.0,125.5,2.0,25.75,0.0
361,강남구,압구정동,0.25,2.25,0.0,0.25,0.5,2.5,0.0,14.75,7.25,126.5,5.0,3.25,65.0,2.0,72.0,4.25,16.5,0.75
362,강남구,청담동,0.0,6.0,0.0,0.0,1.0,10.0,3.0,60.0,28.0,119.0,24.0,5.0,101.0,3.0,214.0,5.0,41.0,1.0
363,강남구,삼성1동,0.5,3.75,0.0,0.0,0.5,10.0,0.0,9.5,9.75,35.25,4.0,4.5,57.0,4.75,74.0,0.5,17.75,0.25
364,강남구,삼성2동,0.5,3.75,0.0,0.0,0.5,10.0,0.0,9.5,9.75,35.25,4.0,4.5,57.0,4.75,74.0,0.5,17.75,0.25
365,강남구,대치1동,0.125,1.0,0.0,0.125,0.0625,5.0,0.0625,3.625,3.25,101.25,1.0,1.25,15.625,1.25,22.9375,0.6875,5.25,0.0625
366,강남구,대치2동,0.125,1.0,0.0,0.125,0.0625,5.0,0.0625,3.625,3.25,101.25,1.0,1.25,15.625,1.25,22.9375,0.6875,5.25,0.0625
367,강남구,대치4동,0.125,1.0,0.0,0.125,0.0625,5.0,0.0625,3.625,3.25,101.25,1.0,1.25,15.625,1.25,22.9375,0.6875,5.25,0.0625
368,강남구,역삼1동,1.0,6.25,0.0,0.5,0.5,15.0,0.5,22.5,16.5,97.0,7.5,5.75,125.75,9.5,107.5,3.5,40.5,0.0
369,강남구,역삼2동,1.0,6.25,0.0,0.5,0.5,15.0,0.5,22.5,16.5,97.0,7.5,5.75,125.75,9.5,107.5,3.5,40.5,0.0
370,강남구,도곡1동,0.75,0.5,0.0,0.5,0.0,0.0,0.25,6.75,6.0,40.5,2.5,2.25,20.75,1.75,41.5,2.25,6.75,0.0
371,강남구,도곡2동,0.75,0.5,0.0,0.5,0.0,0.0,0.25,6.75,6.0,40.5,2.5,2.25,20.75,1.75,41.5,2.25,6.75,0.0
372,강남구,개포1동,0.125,0.0625,0.0,0.0,0.0,1.875,0.0,0.75,0.875,12.1875,1.0,1.375,4.3125,0.6875,20.625,0.8125,1.8125,0.0
373,강남구,개포2동,0.3125,0.0625,0.0,0.0625,0.0,3.75,0.0625,1.1875,1.6875,18.8125,1.5,2.0625,6.625,0.875,26.8125,1.0625,2.625,0.0
374,강남구,개포4동,0.125,0.0625,0.0,0.0,0.0,1.875,0.0,0.75,0.875,12.1875,1.0,1.375,4.3125,0.6875,20.625,0.8125,1.8125,0.0
375,강남구,세곡동,0.0,1.0,0.0,0.0,0.0,30.0,3.0,4.0,4.0,87.0,8.0,19.0,40.0,4.0,97.0,7.0,23.0,0.0
376,강남구,일원본동,0.4097222222222222,0.2222222222222222,0.0,0.0625,0.0,4.097222222222222,0.0625,0.8819444444444444,1.4791666666666665,9.73611111111111,0.7222222222222222,1.3541666666666665,6.3125,0.6319444444444444,13.965277777777779,0.3611111111111111,2.2569444444444446,0.0
377,강남구,일원1동,0.4097222222222222,0.2222222222222222,0.0,0.0625,0.0,4.097222222222222,0.0625,0.8819444444444444,1.4791666666666665,9.73611111111111,0.7222222222222222,1.3541666666666665,6.3125,0.6319444444444444,13.965277777777779,0.3611111111111111,2.2569444444444446,0.0
378,강남구,일원2동,0.4375,1.0625,0.0,0.1875,0.0625,8.75,0.125,4.8125,4.9375,120.0625,2.5,3.3125,22.25,2.125,49.75,1.75,7.875,0.0625
379,강남구,수서동,0.2222222222222222,0.2222222222222222,0.0,0.0,0.0,2.2222222222222223,0.0,0.4444444444444444,0.6666666666666666,3.111111111111111,0.2222222222222222,0.6666666666666666,4.0,0.4444444444444444,7.777777777777778,0.1111111111111111,1.4444444444444444,0.0
380,송파구,풍납1동,0.0,0.0,0.0,0.0,0.0,10.0,0.0,1.5,0.75,22.75,1.0,3.75,5.5,0.75,6.75,1.5,2.75,0.0
381,송파구,풍납2동,0.0,0.0,0.0,0.0,0.0,10.0,0.0,1.5,0.75,22.75,1.0,3.75,5.5,0.75,6.75,1.5,2.75,0.0
382,송파구,거여1동,0.1111111111111111,0.1111111111111111,0.0,0.2222222222222222,0.0,22.222222222222225,0.0,1.222222222222222,0.5555555555555556,11.0,1.3333333333333333,1.4444444444444444,2.888888888888889,0.2222222222222222,1.4444444444444444,2.111111111111111,1.7777777777777777,0.0
383,송파구,거여2동,0.1111111111111111,0.1111111111111111,0.0,0.2222222222222222,0.0,22.222222222222225,0.0,1.222222222222222,0.5555555555555556,11.0,1.3333333333333333,1.4444444444444444,2.888888888888889,0.2222222222222222,1.4444444444444444,2.111111111111111,1.7777777777777777,0.0
384,송파구,마천1동,0.0,0.25,0.0,0.25,0.0,0.0,0.0,0.5,0.75,12.75,1.0,2.5,5.25,1.75,6.25,3.5,2.5,0.0
385,송파구,마천2동,0.0,0.25,0.0,0.25,0.0,0.0,0.0,0.5,0.75,12.75,1.0,2.5,5.25,1.75,6.25,3.5,2.5,0.0
386,송파구,방이1동,0.4444444444444444,0.4444444444444444,0.1111111111111111,0.1111111111111111,0.0,4.444444444444445,0.6666666666666666,3.4444444444444446,1.888888888888889,30.222222222222225,1.3333333333333333,3.0,9.0,1.222222222222222,3.222222222222222,2.2222222222222223,3.4444444444444446,0.0
387,송파구,방이2동,0.4444444444444444,0.4444444444444444,0.1111111111111111,0.1111111111111111,0.0,4.444444444444445,0.6666666666666666,3.4444444444444446,1.888888888888889,30.222222222222225,1.3333333333333333,3.0,9.0,1.222222222222222,3.222222222222222,2.2222222222222223,3.4444444444444446,0.0
388,송파구,오륜동,0.4444444444444444,0.4444444444444444,0.1111111111111111,0.1111111111111111,0.0,4.444444444444445,0.6666666666666666,3.4444444444444446,1.888888888888889,30.222222222222225,1.3333333333333333,3.0,9.0,1.222222222222222,3.222222222222222,2.2222222222222223,3.4444444444444446,0.0
389,송파구,오금동,2.0,1.0,0.0,0.0,0.0,70.0,0.0,12.0,13.0,148.0,16.0,13.0,28.0,4.0,25.0,5.0,16.0,0.0
390,송파구,송파1동,0.0,0.5,0.0,0.25,0.25,7.5,0.0,7.75,2.25,41.0,4.5,2.25,17.25,1.5,5.75,4.0,4.75,0.0
391,송파구,송파2동,0.0,0.5,0.0,0.25,0.25,7.5,0.0,7.75,2.25,41.0,4.5,2.25,17.25,1.5,5.75,4.0,4.75,0.0
392,송파구,석촌동,2.0,1.0,0.0,1.0,0.0,30.0,1.0,18.0,6.0,112.0,10.0,3.0,39.0,5.0,21.0,15.0,19.0,0.0
393,송파구,삼전동,0.0,1.0,0.0,2.0,0.0,20.0,0.0,19.0,8.0,127.0,10.0,5.0,30.0,5.0,14.0,11.0,14.0,0.0
394,송파구,가락본동,0.5555555555555556,0.4444444444444444,0.0,0.1111111111111111,0.1111111111111111,17.77777777777778,0.1111111111111111,2.2222222222222223,2.111111111111111,24.555555555555557,1.1111111111111112,2.0,11.222222222222221,1.0,4.222222222222222,3.4444444444444446,3.0,0.0
395,송파구,가락1동,0.5555555555555556,0.4444444444444444,0.0,0.1111111111111111,0.1111111111111111,17.77777777777778,0.1111111111111111,2.2222222222222223,2.111111111111111,24.555555555555557,1.1111111111111112,2.0,11.222222222222221,1.0,4.222222222222222,3.4444444444444446,3.0,0.0
396,송파구,가락2동,0.5555555555555556,0.4444444444444444,0.0,0.1111111111111111,0.1111111111111111,17.77777777777778,0.1111111111111111,2.2222222222222223,2.111111111111111,24.555555555555557,1.1111111111111112,2.0,11.222222222222221,1.0,4.222222222222222,3.4444444444444446,3.0,0.0
397,송파구,문정1동,0.0,0.5555555555555556,0.0,0.2222222222222222,0.0,5.555555555555556,0.2222222222222222,3.888888888888889,1.7777777777777777,17.666666666666668,1.7777777777777777,3.0,17.444444444444446,1.888888888888889,1.6666666666666667,2.0,3.5555555555555554,0.0
398,송파구,문정2동,0.2222222222222222,0.6666666666666667,0.0,0.2222222222222222,0.0,20.0,0.3333333333333333,4.777777777777778,1.7777777777777777,31.555555555555557,2.2222222222222223,5.555555555555555,20.444444444444446,2.555555555555556,2.7777777777777777,3.4444444444444446,4.555555555555555,0.0
399,송파구,장지동,0.2222222222222222,0.6666666666666667,0.0,0.2222222222222222,0.0,20.0,0.3333333333333333,4.777777777777778,1.7777777777777777,31.555555555555557,2.2222222222222223,5.555555555555555,20.444444444444446,2.555555555555556,2.7777777777777777,3.4444444444444446,4.555555555555555,0.0
400,송파구,위례동,0.3333333333333333,0.2222222222222222,0.0,0.2222222222222222,0.0,36.66666666666667,0.1111111111111111,2.1111111111111107,0.5555555555555556,24.888888888888886,1.7777777777777777,4.0,5.888888888888889,0.8888888888888888,2.5555555555555554,3.5555555555555554,2.7777777777777777,0.0
401,송파구,잠실본동,0.25,0.1875,0.75,0.0,0.125,0.0,0.1875,2.625,0.9375,17.5,1.25,1.875,6.875,0.6875,3.0,2.25,1.5,0.0625
402,송파구,잠실2동,0.25,0.1875,0.75,0.0,0.125,0.0,0.1875,2.625,0.9375,17.5,1.25,1.875,6.875,0.6875,3.0,2.25,1.5,0.0625
403,송파구,잠실3동,0.25,0.1875,0.75,0.0,0.125,0.0,0.1875,2.625,0.9375,17.5,1.25,1.875,6.875,0.6875,3.0,2.25,1.5,0.0625
404,송파구,잠실4동,0.5,0.75,0.0,0.0,0.0,5.0,0.25,3.75,1.25,27.25,1.5,3.5,15.75,1.75,5.5,3.0,1.75,0.25
405,송파구,잠실6동,0.5,0.75,0.0,0.0,0.0,5.0,0.25,3.75,1.25,27.25,1.5,3.5,15.75,1.75,5.5,3.0,1.75,0.25
406,송파구,잠실7동,0.25,0.1875,0.75,0.0,0.125,0.0,0.1875,2.625,0.9375,17.5,1.25,1.875,6.875,0.6875,3.0,2.25,1.5,0.0625
407,강동구,강일동,0.0,1.0,0.0,0.0,0.0,70.0,0.0,3.0,1.0,80.0,4.0,15.0,16.0,10.0,16.0,9.0,16.0,0.0
408,강동구,상일제1동,0.0,0.25,0.0,0.0,0.25,32.5,0.0,1.25,1.5,9.25,1.0,3.0,9.75,0.5,10.25,5.0,4.0,0.0
409,강동구,상일제2동,0.0,0.25,0.0,0.0,0.25,32.5,0.0,1.25,1.5,9.25,1.0,3.0,9.75,0.5,10.25,5.0,4.0,0.0
410,강동구,명일제1동,0.25,0.75,0.0,0.5,0.0,5.0,0.75,4.25,3.0,85.75,1.5,3.25,17.5,2.75,14.5,2.25,5.0,0.0
411,강동구,명일제2동,0.25,0.75,0.0,0.5,0.0,5.0,0.75,4.25,3.0,85.75,1.5,3.25,17.5,2.75,14.5,2.25,5.0,0.0
412,강동구,고덕제1동,0.0,0.25,0.0,0.0,0.0,20.0,0.25,1.5,0.25,27.5,2.0,3.75,11.5,0.5,22.5,1.75,3.5,0.0
413,강동구,고덕제2동,0.0,0.25,0.0,0.0,0.0,20.0,0.25,1.5,0.25,27.5,2.0,3.75,11.5,0.5,22.5,1.75,3.5,0.0
414,강동구,암사제1동,0.1111111111111111,0.1111111111111111,0.0,0.2222222222222222,0.0,3.3333333333333335,0.4444444444444444,1.7777777777777777,0.8888888888888888,21.88888888888889,1.1111111111111112,1.222222222222222,7.777777777777778,0.4444444444444444,14.777777777777779,1.222222222222222,3.6666666666666665,0.0
415,강동구,암사제2동,0.1111111111111111,0.1111111111111111,0.0,0.2222222222222222,0.0,3.3333333333333335,0.4444444444444444,1.7777777777777777,0.8888888888888888,21.88888888888889,1.1111111111111112,1.222222222222222,7.777777777777778,0.4444444444444444,14.777777777777779,1.222222222222222,3.6666666666666665,0.0
416,강동구,암사제3동,0.1111111111111111,0.1111111111111111,0.0,0.2222222222222222,0.0,3.3333333333333335,0.4444444444444444,1.7777777777777777,0.8888888888888888,21.88888888888889,1.1111111111111112,1.222222222222222,7.777777777777778,0.4444444444444444,14.777777777777779,1.222222222222222,3.6666666666666665,0.0
417,강동구,천호제1동,0.1111111111111111,0.4444444444444444,0.0,0.3333333333333333,0.1111111111111111,7.777777777777778,0.6666666666666666,1.5555555555555556,0.7777777777777778,13.777777777777779,0.8888888888888888,1.6666666666666667,14.555555555555555,1.888888888888889,29.555555555555557,1.3333333333333333,7.555555555555556,0.1111111111111111
418,강동구,천호제2동,0.1111111111111111,0.4444444444444444,0.0,0.3333333333333333,0.1111111111111111,7.777777777777778,0.6666666666666666,1.5555555555555556,0.7777777777777778,13.777777777777779,0.8888888888888888,1.6666666666666667,14.555555555555555,1.888888888888889,29.555555555555557,1.3333333333333333,7.555555555555556,0.1111111111111111
419,강동구,천호제3동,0.1111111111111111,0.4444444444444444,0.0,0.3333333333333333,0.1111111111111111,7.777777777777778,0.6666666666666666,1.5555555555555556,0.7777777777777778,13.777777777777779,0.8888888888888888,1.6666666666666667,14.555555555555555,1.888888888888889,29.555555555555557,1.3333333333333333,7.555555555555556,0.1111111111111111
420,강동구,성내제1동,0.4444444444444444,0.4444444444444444,0.0,0.2222222222222222,0.0,5.555555555555556,0.2222222222222222,3.3333333333333335,1.5555555555555556,21.11111111111111,1.7777777777777777,2.0,15.888888888888888,2.2222222222222223,17.333333333333332,1.3333333333333333,6.444444444444444,0.0
421,강동구,성내제2동,0.4444444444444444,0.4444444444444444,0.0,0.2222222222222222,0.0,5.555555555555556,0.2222222222222222,3.3333333333333335,1.5555555555555556,21.11111111111111,1.7777777777777777,2.0,15.888888888888888,2.2222222222222223,17.333333333333332,1.3333333333333333,6.444444444444444,0.0
422,강동구,성내제3동,0.4444444444444444,0.4444444444444444,0.0,0.2222222222222222,0.0,5.555555555555556,0.2222222222222222,3.3333333333333335,1.5555555555555556,21.11111111111111,1.7777777777777777,2.0,15.888888888888888,2.2222222222222223,17.333333333333332,1.3333333333333333,6.444444444444444,0.0
423,강동구,길동,0.0,2.0,0.0,1.0,0.0,20.0,1.0,18.0,9.0,100.0,16.0,9.0,63.0,10.0,119.0,10.0,38.0,0.0
424,강동구,둔촌제1동,0.25,0.0,0.0,0.0,0.25,0.0,0.0,2.0,1.5,19.0,1.5,2.75,8.75,1.0,16.25,0.0,4.25,0.0
425,강동구,둔촌제2동,0.25,0.0,0.0,0.0,0.25,0.0,0.0,2.0,1.5,19.0,1.5,2.75,8.75,1.0,16.25,0.0,4.25,0.0
