,개방자치단체코드,관리번호,인허가일자,인허가취소일자,영업상태코드,영업상태명,상세영업상태코드,상세영업상태명,폐업일자,휴업시작일자,휴업종료일자,재개업일자,전화번호,소재지면적,소재지우편번호,지번주소,도로명주소,도로명우편번호,사업장명,최종수정일자,데이터갱신구분,데이터갱신일자,업태구분명,좌표정보(X),좌표정보(Y),위생업태명,남성종사자수,여성종사자수,영업장주변구분명,등급구분명,급수시설구분명,총인원,본사종업원수,공장사무직종업원수,공장판매직종업원수,공장생산직종업원수,건물소유구분명,보증액,월세액,다중이용업소여부,시설총규모,전통업소지정번호,전통업소주된음식,홈페이지
740,3240000,3240000-104-2015-00198,20151130,,1,영업/정상,1,영업,,,,,,422.3,134861.0,서울특별시 강동구 천호동 31-10번지 ,서울특별시 강동구 양재대로 1587 1~2층 (천호동),5307.0,맥도날드 굽은다리역 DT,20180500000000.0,I,59:59.0,패스트푸드,212568.2793,449457.6855,패스트푸드,,,,,,,,,,,,,,Y,422.3,,,
896,3240000,3240000-104-2014-00179,20141211,,1,영업/정상,1,영업,,,,,,265.09,134090.0,서울특별시 강동구 상일동 502번지 ,서울특별시 강동구 상일로6길 39 1층 (상일동),5288.0,맥도날드 상일점,20180500000000.0,I,59:59.0,패스트푸드,215407.8639,449741.6748,패스트푸드,,,,,,,,,,,,,,N,265.09,,,
3946,3060000,3060000-104-1999-08866,19991125,,1,영업/정상,1,영업,,,,,234230272,254.87,131865.0,서울특별시 중랑구 신내동 666 신아타운,서울특별시 중랑구 봉화산로 194 신아타운 12층 110214215호 지하2~3층 일부호 (신내동),2076.0,한국맥도날드신내점,20220600000000.0,U,06:00.0,패스트푸드,208295.0998,456014.9992,,,,,,,,,,,,,,,,,,,
3947,3070000,3070000-104-1999-09710,19990911,,1,영업/정상,1,영업,,,,,02 9268184,209.46,136075.0,서울특별시 성북구 안암동5가 102-33 방주빌딩,서울특별시 성북구 고려대로24길 42 (안암동5가),2855.0,한국맥도날드안암점,20220600000000.0,U,06:00.0,패스트푸드,202514.2864,453570.8313,,,,,,,,,,,,,,,,,,,
3949,3210000,3210000-104-1999-14265,19990910,,1,영업/정상,1,영업,,,,,02  61913500,377.19,137889.0,서울특별시 서초구 양재동 24 양재동스포타임 신관 1층2층,서울특별시 서초구 강남대로 213 12층 (양재동 양재동스포타임 신관 ),6749.0,한국맥도날드 양재점,20220600000000.0,U,06:00.0,패스트푸드,203028.5209,442302.8893,,,,,,,,,,,,,,,,,,,
3950,3210000,3210000-104-1999-14258,19990909,,1,영업/정상,1,영업,,,,,070 70170332,372.8,137842.0,서울특별시 서초구 방배동 909-9 유경빌딩,서울특별시 서초구 방배로 81 B1~2층 (방배동),6686.0,한국맥도날드 방배점,20220600000000.0,U,06:00.0,패스트푸드,199677.2376,442162.4017,,,,,,,,,,,,,,,,,,,
4062,3120000,3120000-104-2016-00185,20161024,,1,영업/정상,1,영업,,,,,070 70170485,435.82,120857.0,서울특별시 서대문구 홍제동 253-11 1~3층,서울특별시 서대문구 통일로 442-1 1~3층 (홍제동),3629.0,한국맥도날드(유) 홍제역점,20220600000000.0,U,06:00.0,패스트푸드,195044.1288,454043.2641,,,,,,,,,,,,,,,,,,,
4065,3170000,3170000-104-2015-00036,20150514,,1,영업/정상,1,영업,,,,,070 72090520,359.48,153858.0,서울특별시 금천구 시흥동 903-4 지상1층,서울특별시 금천구 시흥대로 184 지상1층 (시흥동),8630.0,한국맥도날드(유) 서울시흥DT점,20220600000000.0,U,06:00.0,패스트푸드,191316.7037,438703.2422,,,,,,,,,,,,,,,,,,,
4068,3140000,3140000-104-2013-00117,20131122,,1,영업/정상,1,영업,,,,,070 70176853,481.75,158830.0,서울특별시 양천구 신월동 199-3 한국맥도날드 신월점,서울특별시 양천구 남부순환로 404 한국맥도날드 신월점 1~2층 (신월동),7915.0,한국맥도날드(유)신월디티점,20220600000000.0,U,06:00.0,패스트푸드,184978.7939,447700.789,,,,,,,,,,,,,,,,,,,
4072,3120000,3120000-104-2012-00147,20121217,,1,영업/정상,1,영업,,,,,,409.48,120834.0,서울특별시 서대문구 창천동 33-12,서울특별시 서대문구 연세로 33 지하1~지상2층 (창천동),3788.0,한국맥도날드(유)연세대점,20220600000000.0,U,06:00.0,패스트푸드,194336.3961,450703.601,,,,,,,,,,,,,,,,,,,
4103,3010000,3010000-104-2009-00305,20091111,,1,영업/정상,1,영업,,,,,,339.72,100842.0,서울특별시 중구 을지로1가 32 지상12층,서울특별시 중구 남대문로9길 51 (을지로1가지상12층),4523.0,한국맥도날드서울시청점,20220600000000.0,U,07:00.0,패스트푸드,198118.8801,451614.3629,,,,,,,,,,,,,,,,,,,
4105,3000000,3000000-104-1999-10897,19991123,,1,영업/정상,1,영업,,,,,261913500,342.6,110809.0,서울특별시 종로구 동숭동 1-34,서울특별시 종로구 대학로 130 (동숭동),3086.0,한국맥도날드대학로점,20220600000000.0,U,07:00.0,패스트푸드,200117.747,453398.7071,,,,,,,,,,,,,,,,,,,
4110,3220000,3220000-104-2010-00447,20101222,,1,영업/정상,1,영업,,,,,,295.71,135998.0,서울특별시 강남구 대치동 938-22 타워엠프리스,서울특별시 강남구 도곡로 409 한티역점 맥도날드 지하1층지상1층 (대치동),6207.0,한국맥도날드 한티역점,20220900000000.0,U,03:00.0,패스트푸드,204808.885,443909.675,,,,,,,,,,,,,,,,,,,
4111,3220000,3220000-104-2010-00440,20101217,,1,영업/정상,1,영업,,,,,,184.37,135918.0,서울특별시 강남구 역삼동 707-27 1층 103호,서울특별시 강남구 테헤란로 326 (역삼동1층 103호),6211.0,한국맥도날드(유) 선릉점,20220600000000.0,U,07:00.0,패스트푸드,204090.7365,444591.7765,,,,,,,,,,,,,,,,,,,
4113,3010000,3010000-104-2010-00193,20101111,,1,영업/정상,1,영업,,,,,23184897,305.18,100021.0,서울특별시 중구 명동1가 48-2 외8필지 53-10외 6필지 1층,서울특별시 중구 명동7길 8 (명동1가외8필지 53-10외 6필지 1층),4534.0,맥도날드(Mcdonald),20220600000000.0,U,07:00.0,패스트푸드,198562.7545,451322.8305,,,,,,,,,,,,,,,,,,,
4197,3190000,3190000-104-2014-00160,20141203,,1,영업/정상,1,영업,,,,,,365.85,156030.0,서울특별시 동작구 상도동 505-5,서울특별시 동작구 사당로 22 지하1층지상1층2층 (상도동),7027.0,한국맥도날드(유) 숭실대점,20220600000000.0,U,08:00.0,패스트푸드,196119.0131,443657.4761,,,,,,,,,,,,,,,,,,,
4198,3230000,3230000-104-2013-00121,20130808,,1,영업/정상,1,영업,,,,,070 70184500,322.0,138850.0,서울특별시 송파구 송파동 84 지상12층,서울특별시 송파구 백제고분로 390 지상12층 (송파동),5667.0,한국맥도날드(유) 석촌역점,20220600000000.0,U,08:00.0,패스트푸드,209578.1392,444870.2168,,,,,,,,,,,,,,,,,,,
4277,3130000,3130000-104-2017-00233,20170622,,1,영업/정상,1,영업,,,,,,398.08,121820.0,서울특별시 마포구 망원동 377-19 1~2층,서울특별시 마포구 월드컵로 81 (망원동 1~2층),4012.0,한국맥도날드(유)망원점,20220600000000.0,U,08:00.0,패스트푸드,191952.5137,450424.8559,,,,,,,,,,,,,,,,,,,
4280,3180000,3180000-104-2016-00010,20160127,,1,영업/정상,1,영업,,,,,,336.88,150842.0,서울특별시 영등포구 신길동 505 1~2층,서울특별시 영등포구 여의대방로 145 1~2층 (신길동),7392.0,한국맥도날드(유)보라매점,20220600000000.0,U,08:00.0,패스트푸드,192857.9283,444236.2008,,,,,,,,,,,,,,,,,,,
4283,3240000,3240000-104-2015-00205,20151209,,1,영업/정상,1,영업,,,,,070 72090555,425.69,134822.0,서울특별시 강동구 둔촌동 517-2,서울특별시 강동구 양재대로 1382 1~2층 (둔촌동),5372.0,한국맥도날드(유)서울둔촌DT점,20220600000000.0,U,08:00.0,패스트푸드,212072.3499,447462.2047,,,,,,,,,,,,,,,,,,,
4286,3230000,3230000-104-2015-00014,20150120,,1,영업/정상,1,영업,,,,,070 70184500,398.49,138865.0,서울특별시 송파구 잠실동 305-15 지상12층,서울특별시 송파구 도곡로 434 지상12층 (잠실동),5573.0,한국맥도날드(유) 송파 잠실DT점,20220600000000.0,U,08:00.0,패스트푸드,206739.7759,444692.4715,,,,,,,,,,,,,,,,,,,
4287,3100000,3100000-104-2014-00172,20141204,,1,영업/정상,1,영업,,,,,7070184500,455.19,139837.0,서울특별시 노원구 상계동 1022 1층 2층,서울특별시 노원구 동일로 1612 1층 2층 (상계동),1631.0,한국맥도날드(유)상계DT점,20220600000000.0,U,08:00.0,패스트푸드,204887.0277,463332.5979,,,,,,,,,,,,,,,,,,,
4290,3070000,3070000-104-2002-00085,20021108,,1,영업/정상,1,영업,,,,,02 9091705,398.53,136858.0,서울특별시 성북구 종암동 10-15,서울특별시 성북구 종암로 58 (종암동),2800.0,한국맥도날드종암SK점,20220600000000.0,U,08:00.0,패스트푸드,203113.8852,454810.9484,,,,,,,,,,,,,,,,,,,
4292,3230000,3230000-104-2001-16700,20010818,,1,영업/정상,1,영업,,,,,237028320,427.0,138861.0,서울특별시 송파구 잠실동 181-9 맥스빌딩,서울특별시 송파구 올림픽로 108 맥스빌딩 지하11층2층 (잠실동),5557.0,한국맥도날드신천점,20220600000000.0,U,08:00.0,패스트푸드,207248.4045,445470.7501,,,,,,,,,,,,,,,,,,,
4293,3150000,3150000-104-2001-09157,20010716,,1,영업/정상,1,영업,,,,,7070170576,423.96,157812.0,서울특별시 강서구 공항동 45-38 (지상 1~3층),서울특별시 강서구 공항대로 21 1~3층 (공항동),7619.0,한국맥도날드송정역점,20220600000000.0,U,08:00.0,패스트푸드,183118.2809,451070.8308,,,,,,,,,,,,,,,,,,,
4294,3100000,3100000-104-1999-06312,19990911,,1,영업/정상,1,영업,,,,,070 70170388,288.49,139860.0,서울특별시 노원구 중계동 359-14 원광빌딩 12층,서울특별시 노원구 중계로 218 원광빌딩 12층 (중계동),1714.0,한국맥도날드중계점,20220600000000.0,U,08:00.0,패스트푸드,206637.8929,460946.5185,,,,,,,,,,,,,,,,,,,
4372,3180000,3180000-104-2012-00152,20120824,,1,영업/정상,1,영업,,,,,7070184500,252.06,150876.0,서울특별시 영등포구 여의도동 23-1 IFC몰 B326호,서울특별시 영등포구 국제금융로 10 지하3층 B326호 (여의도동 IFC몰),7326.0,한국맥도날드(유)여의도점,20220700000000.0,U,05:00.0,패스트푸드,193407.4731,447036.9789,,,,,,,,,,,,,,,,,,,
4384,3170000,3170000-104-2012-00037,20120508,,1,영업/정상,1,영업,,,,,7070172448,284.15,153801.0,서울특별시 금천구 가산동 50-3 대륭포스트타워6차 103-1103-호,서울특별시 금천구 벚꽃로 298 103-1103-2119B102호 (가산동 대륭포스트타워6차),8510.0,한국맥도날드 가산디지털점,20220600000000.0,U,09:00.0,패스트푸드,189662.9592,442139.5145,,,,,,,,,,,,,,,,,,,
4464,3160000,3160000-104-2011-00105,20110812,,1,영업/정상,1,영업,,,,,070 70172423,224.79,152706.0,서울특별시 구로구 신도림동 692 디큐브시티 판매동 지하2층,서울특별시 구로구 경인로 662 판매동 지하2층 (신도림동 디큐브시티),8209.0,한국맥도날드(유) 신도림디큐브점,20220600000000.0,U,09:00.0,패스트푸드,190107.0454,445157.6264,,,,,,,,,,,,,,,,,,,
4546,3110000,3110000-104-2001-08136,20011126,,1,영업/정상,1,영업,,,,,7070184705,132.67,122906.0,서울특별시 은평구 응암동 90-1 은평이마트 3층 8층,서울특별시 은평구 은평로 111 은평이마트 38층 (응암동),3461.0,한국맥도날드 은평이마트점,20220700000000.0,U,06:00.0,패스트푸드,192882.8377,455340.5406,,,,,,,,,,,,,,,,,,,
4624,3220000,3220000-104-2016-00758,20161114,,1,영업/정상,1,영업,,,,,,432.09,135874.0,서울특별시 강남구 삼성동 113-7,서울특별시 강남구 봉은사로 432 지상1 2층 (삼성동),6153.0,한국맥도날드(유) 강남삼성DT점,20220600000000.0,U,09:00.0,패스트푸드,204117.3669,445407.4935,,,,,,,,,,,,,,,,,,,
4627,3000000,3000000-104-2013-00117,20130909,,1,영업/정상,1,영업,,,,,070 70176520,598.08,110522.0,서울특별시 종로구 명륜2가 197-1,서울특별시 종로구 창경궁로 241-1 지하1~지상3층 (명륜2가),3074.0,한국맥도날드(유) 성균관대점,20220600000000.0,U,09:00.0,패스트푸드,199829.5205,453455.2052,,,,,,,,,,,,,,,,,,,
4682,3210000,3210000-104-2013-00088,20130603,,1,영업/정상,1,영업,,,,,,300.4,137881.0,서울특별시 서초구 서초동 1674-5 하림인터내셔날 오피스텔 102호201호,서울특별시 서초구 서초대로 316 102호201호 (서초동 하림인터내셔날 오피스텔 ),6633.0,한국맥도날드(유) 서울교대점,20220600000000.0,U,02:00.0,패스트푸드,201363.295,443540.9145,,,,,,,,,,,,,,,,,,,
4719,3230000,3230000-104-2001-17121,20011231,,1,영업/정상,1,영업,,,,,7070170613,490.0,138812.0,서울특별시 송파구 가락동 193-7,서울특별시 송파구 동남로 196 (가락동),5784.0,한국맥도날드(유) 가락DT점,20220600000000.0,U,02:00.0,패스트푸드,211495.5541,443640.7272,,,,,,,,,,,,,,,,,,,
4820,3220000,3220000-104-2012-00399,20121031,,1,영업/정상,1,영업,,,,,,333.85,135880.0,서울특별시 강남구 삼성동 158-15,서울특별시 강남구 삼성로92길 29 지하1층지상12층 (삼성동),6169.0,한국맥도날드(주)삼성역점,20220600000000.0,U,03:00.0,패스트푸드,205128.1536,445124.2494,,,,,,,,,,,,,,,,,,,
4823,3220000,3220000-104-2000-21679,20000503,,1,영업/정상,1,영업,,,,,234439816,733.97,135954.0,서울특별시 강남구 청담동 87-3,서울특별시 강남구 도산대로 407 123층 (청담동),6014.0,한국맥도날드청담점,20220600000000.0,U,03:00.0,패스트푸드,203493.0852,446834.5248,,,,,,,,,,,,,,,,,,,
4870,3130000,3130000-104-2016-00342,20161019,,1,영업/정상,1,영업,,,,,,379.25,121904.0,서울특별시 마포구 상암동 1602,서울특별시 마포구 월드컵북로 400 (상암동 서울산업진흥원  1층일부),3925.0,한국맥도날드(유)서울상암DMC점,20220600000000.0,U,04:00.0,패스트푸드,190182.0673,453141.6766,,,,,,,,,,,,,,,,,,,
4952,3040000,3040000-104-2012-00043,20120423,,1,영업/정상,1,영업,,,,,7070184500,376.2,143915.0,서울특별시 광진구 화양동 212,서울특별시 광진구 광나루로 392 12층 (화양동),5009.0,맥도날드 어린이대공원점,20220600000000.0,U,05:00.0,패스트푸드,206391.4436,449449.2883,,,,,,,,,,,,,,,,,,,
5523,3170000,3170000-104-2022-00084,20220901,,1,영업/정상,1,영업,,,,,,36.0,153803.0,서울특별시 금천구 가산동 371-6 가산비지니스센터 209호,서울특별시 금천구 가산디지털1로 165 가산비지니스센터 2층 209(일부)호 (가산동),8503.0,한국맥도날드 유한회사 가산비즈니스센터점,20220900000000.0,D,05:00.0,패스트푸드,189410.7795,442005.2626,,,,,,,,,,,,,,,,,,,
6308,3000000,3000000-104-2016-00200,20161223,,1,영업/정상,1,영업,,,,,070 72091543,430.22,110840.0,서울특별시 종로구 창신동 290,서울특별시 종로구 종로 339 12층 (창신동),3104.0,한국맥도날드(유)서울동묘역점,20220600000000.0,U,07:00.0,패스트푸드,201267.2206,452320.2579,,,,,,,,,,,,,,,,,,,
6479,3000000,3000000-104-1999-10684,19990906,,1,영업/정상,1,영업,,,,,02 7429787,314.06,110123.0,서울특별시 종로구 종로3가 10 낙원빌딩,서울특별시 종로구 종로 115 낙원빌딩 1층2층 (종로3가),3139.0,한국맥도날드(유) 종로3가점,20220600000000.0,U,07:00.0,패스트푸드,199088.1049,452035.6308,,,,,,,,,,,,,,,,,,,
9099,3000000,3000000-104-1999-10323,19990330,,3,폐업,2,폐업,20100709.0,,,,02 7321147,,110121.0,서울특별시 종로구 종로1가 32번지 지상1층~지상5층 ,,,한국맥도날드 종로1가점,20100400000000.0,I,59:59.0,패스트푸드,,,패스트푸드,0.0,0.0,유흥업소밀집지역,갑,상수도전용,,,,,,,,,N,203.26,,,
9245,3000000,3000000-104-1999-10697,19990909,,3,폐업,2,폐업,20160328.0,,,,02 7325021,,110122.0,서울특별시 종로구 종로2가 75-2번지 지상1~3층 ,서울특별시 종로구 종로 84 (종로2가지상1~3층),3190.0,한국맥도날드 종로2가점,20160300000000.0,I,59:59.0,패스트푸드,198764.8621,451962.3962,패스트푸드,0.0,0.0,유흥업소밀집지역,우수,상수도전용,,,,,,,,,N,303.62,,,
9411,3000000,3000000-104-2001-12119,20010724,,3,폐업,2,폐업,20120903.0,,,,02 7250416,,110062.0,서울특별시 종로구 신문로2가 12-5번지 ,서울특별시 종로구 새문안로 38 (신문로2가),3184.0,한국맥도날드 정동프라자점,20100400000000.0,I,59:59.0,패스트푸드,197258.4373,451786.4791,패스트푸드,0.0,0.0,기타,기타,상수도전용,,,,,,,,,N,230.0,,,
9528,3000000,3000000-104-1999-10595,19990728,,3,폐업,2,폐업,20180413.0,,,,237028320,,110300.0,서울특별시 종로구 관훈동 198-42번지 지상1층 ,서울특별시 종로구 인사동5길 38 (관훈동지상1층),3149.0,한국맥도날드 관훈점,20180400000000.0,I,59:59.0,패스트푸드,198534.5492,452256.167,패스트푸드,0.0,0.0,기타,기타,상수도전용,,,,,,,,,N,270.78,,,
10075,3000000,3000000-104-2014-00173,20141010,,3,폐업,2,폐업,20180330.0,,,,7072090584,,110062.0,서울특별시 종로구 신문로2가 89-27번지 1층 ,서울특별시 종로구 새문안로 42 1층 (신문로2가),3184.0,한국맥도날드(유) 정동점,20180300000000.0,I,59:59.0,패스트푸드,197301.1261,451816.0382,패스트푸드,,,,,,,,,,,,,,N,288.14,,,
10420,3000000,3000000-104-2014-00205,20141215,,3,폐업,2,폐업,20210914.0,,,,0707209 0603,537.18,110240.0,서울특별시 종로구 안국동 164 ,서울특별시 종로구 율곡로 45 23층 (안국동),3060.0,한국맥도날드(유) 안국역점,20210900000000.0,U,40:00.0,패스트푸드,198548.6642,452679.3141,패스트푸드,0.0,0.0,,,,0.0,0.0,0.0,0.0,0.0,,0.0,0.0,Y,537.18,,,
10998,3010000,3010000-104-2002-00137,20020802,,3,폐업,2,폐업,20051021.0,,,,222662312,6.25,100300.0,서울특별시 중구 초동 18-5번지 (1층) ,,,맥도날드명보점,20020800000000.0,I,59:59.0,패스트푸드,199332.2989,451378.468,패스트푸드,0.0,0.0,,,상수도전용,,,,,,,,,N,6.25,,,
12930,3010000,3010000-104-2009-00336,20091229,,3,폐업,2,폐업,20120326.0,,,,,199.77,100170.0,서울특별시 중구 무교동 7번지 시그너스빌딩지상1층 ,,,한국맥도날드무교점,20100400000000.0,I,59:59.0,패스트푸드,198127.728,451800.7265,패스트푸드,,,,,상수도전용,,,,,,,,,N,199.77,,,
13218,3010000,3010000-104-2000-12557,20000208,,3,폐업,2,폐업,20010117.0,,,,2,330.0,100195.0,서울특별시 중구 을지로5가 40-3번지 지하2층 ,,,(주)신맥한국맥도날드M폴리스점,20010100000000.0,I,59:59.0,패스트푸드,200243.5753,451678.9077,패스트푸드,0.0,0.0,기타,을,상수도전용,,,,,,,,,N,330.0,,,
13997,3010000,3010000-104-1998-00014,19981230,,3,폐업,2,폐업,20031203.0,,,,237028320,184.83,100162.0,서울특별시 중구 봉래동2가 122-11번지 ,,,(주)신맥맥도날드서울역점,20011000000000.0,I,59:59.0,패스트푸드,197230.2061,450446.6844,패스트푸드,,,기타,자율,상수도전용,,,,,,,,,N,184.83,,,
14470,3010000,3010000-104-1999-12211,19990911,,3,폐업,2,폐업,20070123.0,,,,02 7560790,218.05,100021.0,서울특별시 중구 명동1가 59-7번지 ,,,(주)신맥 한국맥도날드 명동2호점,20060900000000.0,I,59:59.0,패스트푸드,198476.0186,451280.3484,패스트푸드,0.0,0.0,기타,기타,상수도전용,,,,,,,,,N,218.05,,,
15040,3010000,3010000-104-1999-11878,19990413,,3,폐업,2,폐업,20070316.0,,,,02 7743805,489.29,100809.0,서울특별시 중구 명동2가 31-1번지 ,,,한국맥도날드명동1호점,20070100000000.0,I,59:59.0,패스트푸드,198619.3882,451135.7403,패스트푸드,0.0,0.0,기타,기타,상수도전용,,,,,,,,,N,489.29,,,
17123,3010000,3010000-104-2012-00121,20120719,,1,영업/정상,1,영업,,,,,23183803,508.71,100053.0,서울특별시 중구 회현동3가 1-5번지 1층~3층 ,서울특별시 중구 퇴계로 116-1 1층~3층 (회현동3가),4631.0,맥도날드 명동2호점,20150700000000.0,I,59:59.0,패스트푸드,198570.7632,450918.4486,패스트푸드,,,,,,,,,,,,,,N,508.71,,,
18292,3020000,3020000-104-2003-00051,20031127,,1,영업/정상,1,영업,,,,,02 3628344,169.2,140821.0,서울특별시 용산구 동자동 43-205 지상1층 110호,서울특별시 용산구 청파로 378 (동자동 지상1층 110호),4301.0,한국맥도날드서울역점,20220600000000.0,U,08:00.0,패스트푸드,197373.8399,450014.5379,,,,,,,,,,,,,,,,,,,
20881,3030000,3030000-104-2008-00078,20081217,,1,영업/정상,1,영업,,,,,7070184500,289.8,133827.0,서울특별시 성동구 성수동2가 333-16 (지상3층),서울특별시 성동구 뚝섬로 379 지상3층 (성수동2가),4781.0,한국맥도날드(성수이마트점),20220600000000.0,U,03:00.0,패스트푸드,204614.2727,448607.4413,,,,,,,,,,,,,,,,,,,
21137,3030000,3030000-104-1999-06329,19991214,,1,영업/정상,1,영업,,,,,7070170469,382.94,133862.0,서울특별시 성동구 행당동 31-7,서울특별시 성동구 왕십리로 227 12층 (행당동 31-7),4764.0,한국맥도날드한양대점,20220600000000.0,U,08:00.0,패스트푸드,203635.3743,450552.5725,,,,,,,,,,,,,,,,,,,
22904,3030000,3030000-104-2001-06839,20010413,,3,폐업,2,폐업,20070327.0,,,,,74.37,133827.0,서울특별시 성동구 성수동2가 333-16번지 ,,,한국맥도날드성수이마트,20070200000000.0,I,59:59.0,패스트푸드,204614.2727,448607.4413,패스트푸드,0.0,0.0,기타,기타,상수도전용,,,,,,,,,N,74.37,,,
23155,3030000,3030000-104-1999-06350,19991224,,3,폐업,2,폐업,20191224.0,,,,070 70170471,315.32,133070.0,서울특별시 성동구 행당동 286-3번지 58596086 ,서울특별시 성동구 왕십리로 321 (행당동58596086),4715.0,한국맥도날드왕십리점,20191200000000.0,U,40:00.0,패스트푸드,202909.9246,451098.9889,패스트푸드,0.0,0.0,기타,기타,상수도전용,,,,,,,,,Y,315.32,,,
24402,3040000,3040000-104-1999-08412,19990514,,1,영업/정상,1,영업,,,,,7070170430,158.79,143851.0,서울특별시 광진구 자양동 216-11,서울특별시 광진구 아차산로 376 (자양동),5051.0,한국맥도날드 구의역점,20220600000000.0,U,08:00.0,패스트푸드,207396.9218,448247.0275,,,,,,,,,,,,,,,,,,,
26814,3040000,3040000-104-1999-08614,19990916,,3,폐업,2,폐업,20120423.0,,,,02 4624213,,143840.0,서울특별시 광진구 군자동 361-24번지 1층2층 ,,,한국맥도날드(화양점),20100400000000.0,I,59:59.0,패스트푸드,206336.8112,449538.2983,패스트푸드,0.0,0.0,주택가주변,기타,상수도전용,,,,,,,,,N,174.68,,,
28562,3050000,3050000-104-2013-00115,20131127,,1,영업/정상,1,영업,,,,,070 70176857,337.08,130839.0,서울특별시 동대문구 장안동 308-4번지 1~2층 ,서울특별시 동대문구 답십리로 291-1 1~2층 (장안동),2523.0,맥도날드 장안사거리점,20190600000000.0,U,40:00.0,패스트푸드,206349.0093,452251.8957,패스트푸드,,,,,,,,,,,,,,Y,337.08,,,
28779,3050000,3050000-104-2001-12491,20010226,,1,영업/정상,1,영업,,,,,222475141,297.0,130854.0,서울특별시 동대문구 전농동 295-96,서울특별시 동대문구 전농로16길 8 (전농동),2506.0,(유)한국맥도날드 전농점,20220600000000.0,U,06:00.0,패스트푸드,205033.6906,452876.4294,,,,,,,,,,,,,,,,,,,
29226,3050000,3050000-104-2014-00156,20141205,,3,폐업,2,폐업,20180330.0,,,,070 72090599,322.0,130872.0,서울특별시 동대문구 회기동 16-49번지 지하1층~지상3층 ,서울특별시 동대문구 경희대로 10 지하1~지상3층 (회기동),2453.0,한국맥도날드(유) 경희대점,20180300000000.0,I,59:59.0,패스트푸드,204582.2622,454454.2623,패스트푸드,,,,,,,,,,,,,,N,322.0,,,
30312,3050000,3050000-104-1997-11188,19970313,,3,폐업,2,폐업,20070522.0,,,,02 9627713,309.62,130851.0,서울특별시 동대문구 전농동 591-1번지 ,,,(주)신맥한국맥도날드청량리점,20000700000000.0,I,59:59.0,패스트푸드,204127.0869,453261.578,패스트푸드,0.0,0.0,기타,기타,상수도전용,,,,,,,,,N,309.62,,,
30755,3050000,3050000-104-2011-00120,20111226,,3,폐업,2,폐업,20180430.0,,,,070 70184500,276.0,130867.0,서울특별시 동대문구 청량리동 268번지 ,서울특별시 동대문구 왕산로 205 지하1~1층 (청량리동 동광빌딩),2490.0,한국맥도날드(유) 청량리점,20180400000000.0,I,59:59.0,패스트푸드,203963.6898,453178.0812,패스트푸드,,,,,,,,,,,,,,N,276.0,,,
30895,3050000,3050000-104-2001-13061,20011217,,3,폐업,2,폐업,20070131.0,,,,,78.0,130851.0,서울특별시 동대문구 전농동 588-1번지 ,,,맥도날드청량리역점,20060900000000.0,I,59:59.0,패스트푸드,204161.6685,453096.4777,패스트푸드,0.0,0.0,유흥업소밀집지역,자율,,,,,,,,,,N,78.0,,,
31774,3060000,3060000-104-1999-08699,19990909,,1,영업/정상,1,영업,,,,,02 4386017,243.6,131861.0,서울특별시 중랑구 상봉동 130-166,서울특별시 중랑구 망우로 202 (상봉동),2120.0,한국맥도날드중랑점,20220600000000.0,U,09:00.0,패스트푸드,206597.5935,454573.2264,,,,,,,,,,,,,,,,,,,
31870,3060000,3060000-104-2000-09240,20000527,,1,영업/정상,1,영업,,,,,02  437 2903,233.58,131809.0,서울특별시 중랑구 망우동 506-1,서울특별시 중랑구 상봉로 118 (망우동 E마트),2169.0,한국맥도날드상봉이마트점,20220600000000.0,U,05:00.0,패스트푸드,208183.5589,454911.2485,,,,,,,,,,,,,,,,,,,
33812,3060000,3060000-104-2012-00075,20121217,,3,폐업,2,폐업,20180316.0,,,,070 70176484,321.86,131881.0,서울특별시 중랑구 중화동 305-42번지 ,서울특별시 중랑구 동일로 799 (중화동),2017.0,한국맥도날드(유)중화점,20180300000000.0,I,59:59.0,패스트푸드,206913.2791,455501.808,패스트푸드,,,,,,,,,,,,,,N,321.86,,,
35125,3070000,3070000-104-1999-09711,19990911,,1,영업/정상,1,영업,,,,,261913500,394.9,136031.0,서울특별시 성북구 동소문동1가 32-3,서울특별시 성북구 동소문로 13 (동소문동1가),2833.0,한국맥도날드(유)삼선점,20220600000000.0,U,08:00.0,패스트푸드,200592.566,454121.5222,,,,,,,,,,,,,,,,,,,
37283,3070000,3070000-104-2015-00174,20151204,,3,폐업,2,폐업,20180330.0,,,,070 70184500,251.0,136051.0,서울특별시 성북구 동선동1가 2-1번지 지상2층 ,서울특별시 성북구 동소문로22길 12 (동선동1가 지상2층),2845.0,한국맥도날드(유) 성신여대점,20180300000000.0,I,59:59.0,패스트푸드,201473.9277,454459.9026,패스트푸드,,,,,,,,,,,,,,Y,251.0,,,
38505,3080000,3080000-104-1999-07507,19990915,,1,영업/정상,1,영업,,,,,02 9029057,281.88,142864.0,서울특별시 강북구 번동 418-18,서울특별시 강북구 도봉로 342 (번동),1063.0,한국맥도날드수유점,20220600000000.0,U,08:00.0,패스트푸드,202227.6761,459509.8333,,,,,,,,,,,,,,,,,,,
38506,3080000,3080000-104-2013-00047,20131113,,1,영업/정상,1,영업,,,,,070 70176856,293.54,142803.0,서울특별시 강북구 미아동 197-5 12층,서울특별시 강북구 도봉로 204 12층 (미아동),1133.0,한국맥도날드유한회사 미아역점,20220600000000.0,U,09:00.0,패스트푸드,202250.0059,458290.5546,,,,,,,,,,,,,,,,,,,
38526,3080000,3080000-104-2015-00076,20150925,,1,영업/정상,1,영업,,,,,070 70184500,386.76,142827.0,서울특별시 강북구 미아동 682-12,서울특별시 강북구 삼양로 158 (미아동),1201.0,한국맥도날드(유) 미아DT점,20220600000000.0,U,09:00.0,패스트푸드,201848.4848,457308.6553,,,,,,,,,,,,,,,,,,,
38599,3080000,3080000-104-2015-00056,20150818,,1,영업/정상,1,영업,,,,,,434.98,142861.0,서울특별시 강북구 번동 106 ,서울특별시 강북구 월계로 191 (번동),1231.0,맥도날드 번동 DT,20210400000000.0,U,40:00.0,패스트푸드,203923.5836,457651.0624,패스트푸드,,,,,상수도전용,,,,,,,,,N,434.98,,,
39976,3080000,3080000-104-1999-07511,19990915,,3,폐업,2,폐업,20200102.0,,,,02 9870858,422.89,142804.0,서울특별시 강북구 미아동 71-5번지 ,서울특별시 강북구 도봉로 48 (미아동),1215.0,한국맥도날드미아점,20200100000000.0,U,40:00.0,패스트푸드,202611.0809,456770.6304,패스트푸드,0.0,0.0,유흥업소밀집지역,자율,상수도전용,,,,,,,,,N,422.89,,,
40779,3090000,3090000-104-2009-00039,20090820,,1,영업/정상,1,영업,,,,,02  907 7005,363.12,132895.0,서울특별시 도봉구 쌍문동 700 외1필지,서울특별시 도봉구 도봉로 541 (쌍문동외1필지),1437.0,맥도날드쌍문DT,20220600000000.0,U,08:00.0,패스트푸드,203211.852,461256.053,,,,,,,,,,,,,,,,,,,
40827,3090000,3090000-104-2015-00002,20150106,,1,영업/정상,1,영업,,,,,02  907 7005,391.92,132820.0,서울특별시 도봉구 도봉동 620-25번지 지상12층 ,서울특별시 도봉구 도봉로 735 지상12층 (도봉동),1349.0,맥도날드방학역DT점,20170200000000.0,I,59:59.0,패스트푸드,203752.4321,463084.9586,패스트푸드,,,,,상수도전용,,,,,,,,,Y,391.92,,,
42077,3090000,3090000-104-1999-04770,19990910,,3,폐업,2,폐업,20051017.0,,,,234946077,183.9,132848.0,서울특별시 도봉구 방학동 665-8번지 ,,,(주)신맥한국맥도날드방학점,19990900000000.0,I,59:59.0,패스트푸드,202972.3887,462259.4178,패스트푸드,0.0,0.0,주택가주변,기타,상수도전용,,,,,,,,,N,183.9,,,
42149,3090000,3090000-104-2003-00052,20031009,,3,폐업,2,폐업,20050613.0,,,,234914806,279.0,132854.0,서울특별시 도봉구 방학동 720-33번지 101호201호 ,,,맥도날드 방학역점,20031000000000.0,I,59:59.0,패스트푸드,204083.7693,462849.0208,패스트푸드,0.0,0.0,,,상수도전용,,,,,,,,,N,279.0,,,
42855,3100000,3100000-104-1999-06282,19990827,,1,영업/정상,1,영업,,,,,070 70170455,252.45,139831.0,서울특별시 노원구 상계동 763-2 장우빌딩 1층,서울특별시 노원구 동일로 1341 장우빌딩 1층 (상계동),1767.0,맥도날드중계역점,20220600000000.0,U,08:00.0,패스트푸드,205408.4238,460663.1593,,,,,,,,,,,,,,,,,,,
42889,3100000,3100000-104-1999-06311,19990911,,1,영업/정상,1,영업,,,,,02 9736303,236.12,139712.0,서울특별시 노원구 하계동 284 세이브존,서울특별시 노원구 한글비석로 57 세이브존 지하2지상1층 (하계동),1784.0,한국맥도날드노원한신점,20220600000000.0,U,08:00.0,패스트푸드,205994.8118,459502.6453,,,,,,,,,,,,,,,,,,,
43029,3100000,3100000-104-2015-00015,20150217,,1,영업/정상,1,영업,,,,,070 72090615,470.47,139804.0,서울특별시 노원구 공릉동 435-2번지 123층 ,서울특별시 노원구 공릉로 231 123층 (공릉동),1833.0,맥도날드,20150200000000.0,I,59:59.0,패스트푸드,206650.9724,458598.9114,패스트푸드,,,,,,,,,,,,,,N,470.47,,,
44321,3100000,3100000-104-1999-06380,19991020,,3,폐업,2,폐업,20030210.0,,,,02 9324826,206.55,139200.0,서울특별시 노원구 상계동 713-0번지 미도파 지동 1호,,,(주)승우식품 맥도날드미도파점,20000400000000.0,I,59:59.0,패스트푸드,205320.2848,461419.8818,패스트푸드,0.0,0.0,유흥업소밀집지역,우수,상수도전용,,,,,,,,,N,206.55,,,
45839,3100000,3100000-104-2000-06606,20000106,,3,폐업,2,폐업,20001123.0,,,,02 9484000,235.26,139220.0,서울특별시 노원구 중계동 517-0번지 ,,,(주)신맥한국맥도날드중계논두렁마트점,20001100000000.0,I,59:59.0,패스트푸드,206132.4325,460549.3112,패스트푸드,0.0,0.0,기타,자율,상수도전용,,,,,,,,,N,235.26,,,
47145,3110000,3110000-104-2002-00002,20020208,,1,영업/정상,1,영업,,,,,02 3881370,415.79,122819.0,서울특별시 은평구 구산동 1-14 (지하1층지상12층),서울특별시 은평구 연서로 131 (구산동 (지하1층지상12층)),3412.0,한국맥도날드구산점,20220600000000.0,U,06:00.0,패스트푸드,192576.5376,456482.157,,,,,,,,,,,,,,,,,,,
50250,3120000,3120000-104-2014-00149,20141027,,1,영업/정상,1,영업,,,,,7070240569,331.55,120806.0,서울특별시 서대문구 남가좌동 324-3번지 ,서울특별시 서대문구 거북골로 25 (남가좌동),3665.0,맥도날드 명지대,20170200000000.0,I,59:59.0,패스트푸드,193283.2982,453073.0201,패스트푸드,,,,,,,,,,,,,,Y,331.55,,,
51930,3120000,3120000-104-2015-00105,20150717,,3,폐업,2,폐업,20180412.0,,,,,404.8,120833.0,서울특별시 서대문구 창천동 18-50번지 지하1지상1 ,서울특별시 서대문구 신촌로 99 지하1지상1층 (창천동),3779.0,한국맥도날드유한회사 신촌점,20180400000000.0,I,59:59.0,패스트푸드,194383.4101,450387.14,패스트푸드,,,,,,,,,,,,,,N,404.8,,,
53488,3120000,3120000-104-2000-10615,20000331,,3,폐업,2,폐업,20170116.0,,,,7070170299,313.4,120857.0,서울특별시 서대문구 홍제동 299-12번지 ,서울특별시 서대문구 통일로 468 (홍제동),3628.0,한국맥도날드홍제점,20160300000000.0,I,59:59.0,패스트푸드,194887.4109,454220.3558,패스트푸드,0.0,0.0,,,,,,,,,,,,N,313.4,,,
53681,3120000,3120000-104-1999-10113,19990920,,3,폐업,2,폐업,20150522.0,,,,070 70170696,365.04,120180.0,서울특별시 서대문구 창천동 18-50번지 5152 29-90 ,서울특별시 서대문구 신촌로 99 (창천동5152 29-90),3779.0,한국맥도날드(유)신촌점,20130600000000.0,I,59:59.0,패스트푸드,194383.4101,450387.14,패스트푸드,0.0,0.0,,,,,,,,,,,,N,365.04,,,
54988,3130000,3130000-104-2015-00009,20150116,,3,폐업,2,폐업,20210128.0,,,,7070184500,277.0,121817.0,서울특별시 마포구 동교동 162-4 남강빌딩 2층일부 ,서울특별시 마포구 양화로 140 (동교동 남강빌딩 2층일부),4050.0,한국맥도날드(유)홍익대점,20210100000000.0,U,40:00.0,패스트푸드,193035.7257,450314.0778,패스트푸드,,,,,,,,,,,,,,N,277.0,,,
55041,3130000,3130000-104-2014-00179,20140729,,3,폐업,2,폐업,20180330.0,,,,,325.94,121805.0,서울특별시 마포구 공덕동 462번지 파크팰리스2차 107108호,서울특별시 마포구 마포대로 143 107108호 (공덕동 마포공덕파크팰리스2차),4143.0,한국맥도날드(유) 애오개점,20180300000000.0,I,59:59.0,패스트푸드,195782.1679,449467.1254,패스트푸드,,,,,,,,,,,,,,N,325.94,,,
55765,3130000,3130000-104-1999-08243,19990625,,3,폐업,2,폐업,20051208.0,,,,02 3327342,180.16,121838.0,서울특별시 마포구 서교동 358-25번지 외1필지 ,,,맥도날드,20001200000000.0,I,59:59.0,패스트푸드,193204.3954,450077.6582,패스트푸드,4.0,4.0,유흥업소밀집지역,자율,상수도전용,,,,,,,,,N,180.16,,,
55978,3130000,3130000-104-2001-08804,20010321,,3,폐업,2,폐업,20170419.0,,,,02 3232722,354.96,121820.0,서울특별시 마포구 망원동 377-19번지 12층 ,서울특별시 마포구 월드컵로 81 (망원동),4012.0,맥도날드망원점,20170400000000.0,I,59:59.0,패스트푸드,191952.5137,450424.8559,패스트푸드,0.0,0.0,주택가주변,기타,상수도전용,,,,,,,,,N,354.96,,,
58619,3130000,3130000-104-2012-00180,20120921,,1,영업/정상,1,영업,,,,,02 03225163,297.0,121841.0,서울특별시 마포구 서교동 490,서울특별시 마포구 양화로 45 2층 232233234235호 (서교동 메세나폴리스),4036.0,한국맥도날드(유) 합정메세나폴리스점,20220600000000.0,U,08:00.0,패스트푸드,192311.6426,449855.6439,,,,,,,,,,,,,,,,,,,
60093,3140000,3140000-104-2013-00006,20130128,,1,영업/정상,1,영업,,,,,,403.04,158840.0,서울특별시 양천구 신월동 525-1 남부주유소 ,서울특별시 양천구 남부순환로 553 남부주유소 1~2층 (신월동),8032.0,맥도날드 신월남부DT점,20211200000000.0,U,40:00.0,패스트푸드,185679.9407,446374.7365,패스트푸드,,,,,,,,,,,,,,Y,403.04,,,
60324,3140000,3140000-104-2000-08005,20000915,,1,영업/정상,1,영업,,,,,226546107,259.0,158878.0,서울특별시 양천구 목동 908-25,서울특별시 양천구 목동서로 45 (목동),7984.0,한국맥도날드(유) 파리공원점,20220600000000.0,U,06:00.0,패스트푸드,189414.4261,448334.8174,,,,,,,,,,,,,,,,,,,
60344,3140000,3140000-104-1999-07542,19991229,,1,영업/정상,1,영업,,,,,7070170475,507.91,158070.0,서울특별시 양천구 신정동 323-20 맥도널드신정점,서울특별시 양천구 목동동로 71 맥도널드신정점 1~2층 (신정동),8093.0,한국맥도날드(유) 양천구청점,20220600000000.0,U,06:00.0,패스트푸드,187816.3733,445928.7034,,,,,,,,,,,,,,,,,,,
61209,3140000,3140000-104-1999-07214,19991008,,3,폐업,2,폐업,20060803.0,,,,02 6968741,161.25,158822.0,서울특별시 양천구 신월동 27-3번지 ,,,(주)신맥한국맥도날드신월점,19991100000000.0,I,59:59.0,패스트푸드,184651.5158,448614.7549,패스트푸드,2.0,4.0,주택가주변,우수,상수도전용,,,,,,,,,N,161.25,,,
61948,3140000,3140000-104-1999-07083,19990819,,3,폐업,2,폐업,20160330.0,,,,02 2608491,287.34,158822.0,서울특별시 양천구 신월동 26번지 1층 ,서울특별시 양천구 화곡로 59 1층 (신월동),7902.0,한국맥도날드신월이마트점,20160300000000.0,I,59:59.0,패스트푸드,184796.9991,448625.3896,패스트푸드,1.0,2.0,주택가주변,기타,상수도전용,,,,,,,,,N,287.34,,,
64283,3150000,3150000-104-2015-00182,20151022,,1,영업/정상,1,영업,,,,,7072090542,414.71,157919.0,서울특별시 강서구 화곡동 1026-0번지 우장산 맥도날드 (1~2층) ,서울특별시 강서구 강서로 216 우장산 맥도날드 1~2층 (화곡동),7698.0,맥도날드 우장산DT,20190100000000.0,U,40:00.0,패스트푸드,185557.1644,449217.9825,패스트푸드,,,,,,,,,,,,,,Y,414.71,,,
64870,3150000,3150000-104-2013-00146,20131021,,1,영업/정상,1,영업,,,,,7070176526,437.5,157839.0,서울특별시 강서구 등촌동 630-0 (지상 1~2층),서울특별시 강서구 양천로 546 1~2층 (등촌동 1동),7550.0,한국맥도날드(유)등촌DT점,20220600000000.0,U,08:00.0,패스트푸드,187539.8427,450678.075,,,,,,,,,,,,,,,,,,,
65196,3150000,3150000-104-2014-00159,20141022,,1,영업/정상,1,영업,,,,,7072090594,387.0,157863.0,서울특별시 강서구 염창동 280-11번지 (지상1~2층) ,서울특별시 강서구 공항대로 599 (염창동(지상1~2층)),,맥도날드 염창디티점,20141000000000.0,I,59:59.0,패스트푸드,188581.7055,449494.3933,패스트푸드,,,,,상수도전용,,,,,,,,,N,387.0,,,
67232,3150000,3150000-104-2003-00025,20030123,,3,폐업,2,폐업,20071211.0,,,,,65.96,157822.0,서울특별시 강서구 과해동 272번지 이마트 3층 ,,,한국맥도날드이마트 김포공항점,20070200000000.0,I,59:59.0,패스트푸드,,,패스트푸드,,,,,,,,,,,,,,N,65.96,,,
67468,3150000,3150000-104-1999-07603,19991004,,3,폐업,2,폐업,20060124.0,,,,02 6956441,295.81,157835.0,서울특별시 강서구 내발산동 719-6번지 ,,,(주)신맥한국맥도날드발산점,20000600000000.0,I,59:59.0,패스트푸드,185431.0666,449714.8138,패스트푸드,12.0,20.0,기타,기타,상수도전용,,,,,,,,,N,295.81,,,
67728,3150000,3150000-104-2001-09121,20011208,,3,폐업,2,폐업,20130902.0,,,,7070184500,210.42,157930.0,서울특별시 강서구 등촌동 678-14번지 (지상 1층) ,서울특별시 강서구 강서로 388 1층 (등촌동 3동),7583.0,한국맥도날드강서그랜드점,20130500000000.0,I,59:59.0,패스트푸드,185732.4244,450884.5288,패스트푸드,0.0,0.0,,,,,,,,,,,,N,210.42,,,
67989,3150000,3150000-104-2001-09095,20011020,,3,폐업,2,폐업,20070130.0,,,,02 6997896,188.0,157927.0,서울특별시 강서구 화곡동 1095번지 ,,,(주)신맥한국맥도날드화곡그랜드마트점,20060900000000.0,I,59:59.0,패스트푸드,186786.6225,450297.7027,패스트푸드,0.0,0.0,,,상수도전용,,,,,,,,,N,188.0,,,
68050,3150000,3150000-104-1999-07599,19991002,,3,폐업,2,폐업,20071217.0,,,,02 6596964,148.56,157807.0,서울특별시 강서구 가양동 1480-0번지 ,,,한국맥도날드 가양점,20070100000000.0,I,59:59.0,패스트푸드,186897.1345,451243.1021,패스트푸드,0.0,0.0,기타,기타,상수도전용,,,,,,,,,N,148.56,,,
69529,3160000,3160000-104-2015-00140,20151217,,1,영업/정상,1,영업,,,,,,412.07,152826.0,서울특별시 구로구 고척동 73-20번지 ,서울특별시 구로구 경인로 393 (고척동),8227.0,맥도날드 고척DT점,20170700000000.0,I,59:59.0,패스트푸드,187866.0032,443910.2655,패스트푸드,,,,,상수도전용,,,,,,,,,N,412.07,,,
69756,3160000,3160000-104-2010-00074,20100714,,1,영업/정상,1,영업,,,,,,195.67,152848.0,서울특별시 구로구 구로동 197-21 태평양물산 1층 103호104호,서울특별시 구로구 디지털로31길 12 1층 103104호 (구로동 태평양물산),8380.0,한국맥도날드 구로디지털점,20220600000000.0,U,08:00.0,패스트푸드,190648.4461,442554.6362,,,,,,,,,,,,,,,,,,,
70849,3160000,3160000-104-2002-00008,20020118,,3,폐업,2,폐업,20190902.0,,,,070 70184500,239.25,152715.0,서울특별시 구로구 구로동 573번지 애경백화점 5층 ,서울특별시 구로구 구로중앙로 152 5층 (구로동 애경백화점),8292.0,한국맥도날드 구로애경점,20190900000000.0,U,40:00.0,패스트푸드,189570.3609,444336.0513,패스트푸드,0.0,0.0,,,상수도전용,,,,,,,,,N,239.25,,,
72399,3160000,3160000-104-1999-07881,19990821,,3,폐업,2,폐업,20110407.0,,,,237028320,142.27,152848.0,서울특별시 구로구 구로동 188-26번지 ,,,한국맥도날드 구로이마트점,20100400000000.0,I,59:59.0,패스트푸드,190901.9779,442466.8134,패스트푸드,3.0,3.0,기타,자율,상수도전용,,,,,,,,,N,142.27,,,
72932,3170000,3170000-104-2011-00110,20111216,,1,영업/정상,1,영업,,,,,7070172433,207.37,153803.0,서울특별시 금천구 가산동 371-6 가산비즈니스센터 103호104호  지상1층,서울특별시 금천구 가산디지털1로 165 (가산동 가산비즈니스센터 103호104호 지상1층),8503.0,한국맥도날드(유) 가산비즈니스센터점,20220600000000.0,U,03:00.0,패스트푸드,189410.7795,442005.2626,,,,,,,,,,,,,,,,,,,
73262,3170000,3170000-104-2013-00067,20130916,,1,영업/정상,1,영업,,,,,7070176527,264.02,153717.0,서울특별시 금천구 가산동 60-22 마리오아울렛 102호,서울특별시 금천구 디지털로 185 지상1층 102호 (가산동 마리오아울렛),8511.0,한국맥도날드(유) 마리오아울렛점,20220600000000.0,U,09:00.0,패스트푸드,189943.2343,441784.2475,,,,,,,,,,,,,,,,,,,
74280,3170000,3170000-104-1999-06043,19990930,,3,폐업,2,폐업,20021216.0,,,,02 8060714,160.34,153858.0,서울특별시 금천구 시흥동 890-7번지 ,,,(주)신맥한국맥도날드시흥점,19990900000000.0,I,59:59.0,패스트푸드,191271.2182,438851.3458,패스트푸드,0.0,0.0,주택가주변,기타,상수도전용,,,,,,,,,N,160.34,,,
75321,3180000,3180000-104-1999-12545,19990813,,1,영업/정상,1,영업,,,,,226326321,546.66,150033.0,서울특별시 영등포구 영등포동3가 10-4 지하1층 지상1~2층,서울특별시 영등포구 경인로 855 (영등포동3가 지하1층 지상1~2층),7304.0,한국맥도날드(유)영등포점,20220600000000.0,U,08:00.0,패스트푸드,191765.2945,446088.5144,,,,,,,,,,,,,,,,,,,
76143,3180000,3180000-104-2013-00104,20130704,,1,영업/정상,1,영업,,,,,,546.45,150103.0,서울특별시 영등포구 양평동3가 80-2 1층2층,서울특별시 영등포구 선유로 195 (양평동3가 1층2층),7211.0,한국맥도날드(유)양평sk점,20220600000000.0,U,09:00.0,패스트푸드,190508.8133,447654.2571,,,,,,,,,,,,,,,,,,,
77705,3180000,3180000-104-1999-12763,19991007,,3,폐업,2,폐업,20160205.0,,,,02 8417564,186.19,150820.0,서울특별시 영등포구 대림동 909-2번지 ,,,한국맥도날드대림점,20130500000000.0,I,59:59.0,패스트푸드,191800.7282,443809.7739,패스트푸드,0.0,0.0,기타,기타,,,,,,,,,,N,186.19,,,
77769,3180000,3180000-104-1999-12611,19990826,,3,폐업,2,폐업,20041005.0,,,,02 7610496,206.55,150887.0,서울특별시 영등포구 여의도동 37-0번지 거평빌딩 1동 ,,,(주)신맥한국맥도날드여의도점,20000600000000.0,I,59:59.0,패스트푸드,193209.2835,446474.9566,패스트푸드,0.0,0.0,기타,기타,,,,,,,,,,N,206.55,,,
78096,3180000,3180000-104-1999-12605,19990826,,3,폐업,2,폐업,20150729.0,,,,226372783,286.28,150810.0,서울특별시 영등포구 당산동6가 331-1번지 ,서울특별시 영등포구 양평로 48 (당산동6가),7222.0,한국맥도날드당산점,20130600000000.0,I,59:59.0,패스트푸드,191205.3171,448034.6549,패스트푸드,0.0,0.0,기타,기타,,,,,,,,,,N,286.28,,,
80951,3180000,3180000-104-2015-00224,20151204,,3,폐업,2,폐업,20180430.0,,,,070 72090556,552.15,150810.0,서울특별시 영등포구 당산동6가 331-6번지 세바빌딩 지하1층~2층 ,서울특별시 영등포구 양평로 46 지하1층~2층 (당산동6가 세바빌딩),7222.0,한국맥도날드(유)당산역점,20180400000000.0,I,59:59.0,패스트푸드,191235.2601,448030.4136,패스트푸드,,,,,,,,,,,,,,N,552.15,,,
81468,3190000,3190000-104-2011-00139,20111227,,1,영업/정상,1,영업,,,,,,213.33,156816.0,서울특별시 동작구 사당동 147-29번지 118119120121122 호 ,서울특별시 동작구 사당로 300 (사당동 118119120121122 호),7013.0,맥도날드 이수점,20180800000000.0,I,59:59.0,패스트푸드,198202.4725,442471.241,패스트푸드,,,,,상수도전용,,,,,,,,,N,213.33,,,
81578,3190000,3190000-104-2011-00087,20110719,,1,영업/정상,1,영업,,,,,02 8123734,294.15,156756.0,서울특별시 동작구 흑석동 221 중앙대학교 102관,서울특별시 동작구 흑석로 84 중앙대학교 102관동 (흑석동),6974.0,맥도날드 중앙대점,20220600000000.0,U,03:00.0,패스트푸드,196122.6786,444705.5302,,,,,,,,,,,,,,,,,,,
82207,3190000,3190000-104-1999-07390,19991011,,1,영업/정상,1,영업,,,,,02 8242508,479.72,156800.0,서울특별시 동작구 노량진동 100-1 2층,서울특별시 동작구 노량진로 158 (노량진동2층),6922.0,한국맥도날드 노량진점,20220600000000.0,U,09:00.0,패스트푸드,194935.9863,445684.8703,,,,,,,,,,,,,,,,,,,
84213,3190000,3190000-104-2000-07857,20000811,,3,폐업,2,폐업,20030822.0,,,,234780655,217.2,156816.0,서울특별시 동작구 사당동 134-3번지 11 ,,,(주)신맥한국맥도날드총신대점,20001100000000.0,I,59:59.0,패스트푸드,198324.7924,442835.2581,패스트푸드,0.0,0.0,기타,자율,상수도전용,,,,,,,,,N,217.2,,,
84771,3200000,3200000-104-1999-09426,19991006,,1,영업/정상,1,영업,,,,,7070170344,457.24,151930.0,서울특별시 관악구 신림동 1641-22,서울특별시 관악구 신림로 310 1층 (신림동),8778.0,한국맥도날드 신림점,20220600000000.0,U,07:00.0,패스트푸드,193754.2678,442204.12,,,,,,,,,,,,,,,,,,,
86370,3200000,3200000-104-2015-00155,20151113,,3,폐업,2,폐업,20180316.0,,,,070 70184500,394.56,151800.0,서울특별시 관악구 남현동 1061-22번지 ,서울특별시 관악구 과천대로 945 1~4층 (남현동),8807.0,맥도날드(사당역점),20180300000000.0,I,59:59.0,패스트푸드,198284.4874,441422.5475,패스트푸드,,,,,상수도전용,,,,,,,,,N,394.56,,,
86892,3200000,3200000-104-2001-11002,20010322,,3,폐업,2,폐업,20180320.0,,,,02 8865184,410.81,151836.0,서울특별시 관악구 봉천동 862-3번지 ,서울특별시 관악구 관악로 173 1층 (봉천동),8787.0,한국맥도날드 서울대역점,20180300000000.0,I,59:59.0,패스트푸드,195707.0473,442058.6332,패스트푸드,0.0,0.0,기타,기타,상수도전용,,,,,,,,,N,410.81,,,
90921,3210000,3210000-104-1999-14267,19990910,,3,폐업,2,폐업,20010330.0,,,,02 5255037,196.17,137866.0,서울특별시 서초구 서초동 1445-15번지 (지하1층) ,,,(주)신맥한국맥도날드아크리스점,20010300000000.0,I,59:59.0,패스트푸드,201545.7216,442423.566,패스트푸드,0.0,0.0,기타,기타,상수도전용,,,,,,,,,N,196.17,,,
90922,3210000,3210000-104-1999-14268,19990910,,3,폐업,2,폐업,20130611.0,,,,234730186,237.86,137861.0,서울특별시 서초구 서초동 1343-4번지 1층 ,서울특별시 서초구 효령로74길 4 1층 (서초동),6727.0,한국맥도날드 서초2호점,20130600000000.0,I,59:59.0,패스트푸드,202276.4998,442839.9964,패스트푸드,0.0,0.0,기타,기타,상수도전용,,,,,,,,,N,237.86,,,
90923,3210000,3210000-104-1999-14266,19990910,,3,폐업,2,폐업,20060329.0,,,,234819786,137.54,137855.0,서울특별시 서초구 서초동 1302-4번지 (1층) ,,,(주)신맥한국맥도날드서초1점,19990900000000.0,I,59:59.0,패스트푸드,201862.3576,444462.6261,패스트푸드,0.0,0.0,주택가주변,기타,상수도전용,,,,,,,,,N,137.54,,,
94705,3210000,3210000-104-2010-00248,20101117,,1,영업/정상,1,영업,,,,,02  61913500,322.45,137872.0,서울특별시 서초구 서초동 1536-1 1층2층,서울특별시 서초구 효령로49길 52 1층2층 (서초동),6670.0,한국맥도날드(유) 서초GS DT점,20220600000000.0,U,03:00.0,패스트푸드,200777.6183,442708.076,,,,,,,,,,,,,,,,,,,
95059,3210000,3210000-104-2009-00192,20090902,,1,영업/정상,1,영업,,,,,070 70184500,472.7,137860.0,서울특별시 서초구 서초동 1338-20 서초현대렉시온 101호,서울특별시 서초구 강남대로 305 101호 (서초동 서초현대렉시온  ),6628.0,한국맥도날드 서초뱅뱅점,20220600000000.0,U,07:00.0,패스트푸드,202638.9488,443109.5099,,,,,,,,,,,,,,,,,,,
95644,3210000,3210000-104-2012-00107,20120713,,1,영업/정상,1,영업,,,,,070 70171446,544.97,137890.0,서울특별시 서초구 양재동 81 12층,서울특별시 서초구 바우뫼로 178 12층 (양재동),6748.0,한국맥도날드(유) 양재SKDT점,20220600000000.0,U,07:00.0,패스트푸드,203432.2273,441767.6731,,,,,,,,,,,,,,,,,,,
96321,3220000,3220000-104-1993-00777,19930730,,3,폐업,2,폐업,19930923.0,,,,205387471,148.61,135836.0,서울특별시 강남구 대치동 506-0번지 ,,,맥도날드대치점,20010800000000.0,I,59:59.0,패스트푸드,205463.235,443326.7471,패스트푸드,0.0,0.0,아파트지역,자율,상수도전용,,,,,,,,,N,148.61,,,
100187,3220000,3220000-104-1999-18320,19990121,,3,폐업,2,폐업,20090918.0,,,,02 5120288,255.44,135892.0,서울특별시 강남구 신사동 579-1번지 1~2층 ,,,한국맥도날드압구정역점,20080300000000.0,I,59:59.0,패스트푸드,202316.93,447103.2,패스트푸드,0.0,0.0,기타,자율,상수도전용,,,,,,,,,N,255.44,,,
101097,3220000,3220000-104-1999-20204,19990917,,3,폐업,2,폐업,20180316.0,,,,02 5387471,295.59,135836.0,서울특별시 강남구 대치동 506-0번지 ,서울특별시 강남구 삼성로 151 (대치동),6291.0,한국맥도날드 대치점,20180300000000.0,I,59:59.0,패스트푸드,205463.235,443326.7471,패스트푸드,0.0,0.0,기타,자율,상수도전용,,,,,,,,,N,295.59,,,
102024,3220000,3220000-104-2002-00166,20020909,,3,폐업,2,폐업,20060922.0,,,,,165.29,135090.0,서울특별시 강남구 삼성동 159-1번지 지하1층 코엑스몰내 밀레21 ,,,(주)신맥한국맥도날드아셈2호점,20020900000000.0,I,59:59.0,패스트푸드,205340.6311,445354.5711,패스트푸드,0.0,0.0,기타,자율,상수도전용,,,,,,,,,N,165.29,,,
102420,3220000,3220000-104-1999-20205,19990917,,3,폐업,2,폐업,20030513.0,,,,02 5146702,147.41,135906.0,서울특별시 강남구 압구정동 494-10번지 지하1층 지상5층 ,,,(주)신맥한국맥도날드갤러리아점,19990900000000.0,I,59:59.0,패스트푸드,,,패스트푸드,0.0,0.0,아파트지역,자율,상수도전용,,,,,,,,,N,147.41,,,
102421,3220000,3220000-104-1999-20207,19990917,,3,폐업,2,폐업,20170916.0,,,,02 5537635,144.34,135931.0,서울특별시 강남구 역삼동 816-0번지 지상1층 ,서울특별시 강남구 강남대로 422 (역삼동지상1층),6129.0,한국맥도날드강남점,20170900000000.0,I,59:59.0,패스트푸드,202310.3114,444240.7983,패스트푸드,0.0,0.0,유흥업소밀집지역,자율,상수도전용,,,,,,,,,N,144.34,,,
102422,3220000,3220000-104-1999-20211,19990917,,3,폐업,2,폐업,20070827.0,,,,02 5734721,229.42,135802.0,서울특별시 강남구 개포동 158-12번지 ,,,한국맥도날드개포점,20070200000000.0,I,59:59.0,패스트푸드,205368.409,442230.9363,패스트푸드,0.0,0.0,기타,자율,상수도전용,,,,,,,,,N,229.42,,,
102626,3220000,3220000-104-1999-21034,19991229,,3,폐업,2,폐업,20011231.0,,,,234616369,276.0,135843.0,서울특별시 강남구 대치동 922-25번지 ,,,맥도날드,20020300000000.0,I,59:59.0,패스트푸드,204564.681,443988.0675,패스트푸드,0.0,0.0,유흥업소밀집지역,자율,상수도전용,,,,,,,,,N,276.0,,,
102766,3220000,3220000-104-2001-23996,20011231,,3,폐업,2,폐업,20091221.0,,,,02 5678960,107.27,135843.0,서울특별시 강남구 대치동 922-25번지 지상1층 ,,,한국맥도날드영동역점,20070200000000.0,I,59:59.0,패스트푸드,204564.681,443988.0675,패스트푸드,0.0,0.0,기타,자율,상수도전용,,,,,,,,,N,107.27,,,
102849,3220000,3220000-104-2000-22183,20000707,,3,폐업,2,폐업,20030916.0,,,,02 5392222,343.53,135875.0,서울특별시 강남구 삼성동 140-25번지 (1~3층) ,,,맥도날드,20000700000000.0,I,59:59.0,패스트푸드,204227.7116,444848.8576,패스트푸드,0.0,0.0,기타,기타,상수도전용,,,,,,,,,N,343.53,,,
103198,3220000,3220000-104-2002-00145,20020816,,3,폐업,2,폐업,20130108.0,,,,37028320,284.6,135924.0,서울특별시 강남구 역삼동 737-0번지 스타타워지하1층2-G호 ,서울특별시 강남구 테헤란로 152 (역삼동스타타워지하1층2-G호),6236.0,한국맥도날드스타타워점,20100400000000.0,I,59:59.0,패스트푸드,203169.2233,444178.3573,패스트푸드,0.0,0.0,기타,자율,상수도전용,,,,,,,,,N,284.6,,,
103298,3220000,3220000-104-2000-21693,20000504,,3,폐업,2,폐업,20130331.0,,,,02 5511077,814.4,135090.0,서울특별시 강남구 삼성동 159-9번지 (매장번호O7) ,,,한국맥도날드아셈점,20100400000000.0,I,59:59.0,패스트푸드,205259.5276,445361.9371,패스트푸드,0.0,0.0,기타,자율,상수도전용,,,,,,,,,N,814.4,,,
104370,3220000,3220000-104-1999-19053,19990429,,3,폐업,2,폐업,20070723.0,,,,237028300,321.38,135897.0,서울특별시 강남구 신사동 661-2번지 ,,,한국맥도날드 압구정점,20070200000000.0,I,59:59.0,패스트푸드,203393.5818,447298.2596,패스트푸드,0.0,0.0,유흥업소밀집지역,자율,상수도전용,,,,,,,,,N,321.38,,,
104380,3220000,3220000-104-2012-00331,20120913,,3,폐업,2,폐업,20180323.0,,,,070 70184500,249.31,135925.0,서울특별시 강남구 역삼동 746번지 지상2층 ,서울특별시 강남구 논현로 419 지상2층 (역삼동),6246.0,한국맥도날드(유) 역삼점,20181000000000.0,U,37:48.0,패스트푸드,203295.2733,443933.5536,패스트푸드,,,,,,,,,,,,,,N,249.31,,,
106319,3220000,3220000-104-2009-00268,20090916,,1,영업/정상,1,영업,,,,,,293.0,135893.0,서울특별시 강남구 신사동 603-2 지하1층지상1층,서울특별시 강남구 논현로 848 지하1층지상1층 (신사동),6022.0,한국맥도날드(유) 압구정CGV점,20220600000000.0,U,03:00.0,패스트푸드,202478.5995,446927.6243,,,,,,,,,,,,,,,,,,,
106461,3220000,3220000-104-2014-00404,20140926,,1,영업/정상,1,영업,,,,,,175.4,135823.0,서울특별시 강남구 논현동 129-1,서울특별시 강남구 논현로 667 1층 (논현동 맥도날드 학동역점),6112.0,한국맥도날드(유) 학동역점,20220600000000.0,U,08:00.0,패스트푸드,202625.9377,445714.8337,,,,,,,,,,,,,,,,,,,
106700,3220000,3220000-104-2013-00461,20131224,,1,영업/정상,1,영업,,,,,,490.13,135887.0,서울특별시 강남구 신사동 514-15 2~3층호,서울특별시 강남구 도산대로 123 2~3층호 (신사동),6035.0,한국맥도날드(유)신사역점,20220600000000.0,U,09:00.0,패스트푸드,201864.3986,446138.7003,,,,,,,,,,,,,,,,,,,
106914,3220000,3220000-104-2012-00224,20120626,,1,영업/정상,1,영업,,,,,25119525,434.3,135830.0,서울특별시 강남구 논현동 242-29 지상12층,서울특별시 강남구 선릉로 667 지상12층 (논현동),6099.0,한국맥도날드(유) 강남구청점,20220600000000.0,U,08:00.0,패스트푸드,203584.6652,446005.0561,,,,,,,,,,,,,,,,,,,
108543,3220000,3220000-104-2013-00412,20131119,,1,영업/정상,1,영업,,,,,070 70176865,450.07,135933.0,서울특별시 강남구 역삼동 822-2 메디타워 2층,서울특별시 강남구 테헤란로 107 2층 (역삼동 메디타워),6134.0,한국맥도날드(유) 강남2호점,20220600000000.0,U,09:00.0,패스트푸드,202464.6086,444055.8372,,,,,,,,,,,,,,,,,,,
109872,3230000,3230000-104-1999-14426,19990930,,3,폐업,2,폐업,20010526.0,,,,02 4204734,270.96,138915.0,서울특별시 송파구 잠실동 40-0번지 ,,,(주)신맥한국맥도날드잠실점,20030500000000.0,I,59:59.0,패스트푸드,208233.927,445435.2576,패스트푸드,0.0,0.0,주택가주변,기타,상수도전용,,,,,,,,,N,270.96,,,
109998,3230000,3230000-104-1999-14424,19990930,,3,폐업,2,폐업,20030415.0,,,,222039666,95.59,138854.0,서울특별시 송파구 송파동 97-17번지 ,,,(주)신맥한국맥도날드송파점,19990900000000.0,I,59:59.0,패스트푸드,209747.7138,444361.117,패스트푸드,0.0,0.0,주택가주변,기타,상수도전용,,,,,,,,,N,95.59,,,
110527,3230000,3230000-104-1999-14432,19991001,,3,폐업,2,폐업,20070723.0,,,,02 4017410,281.4,138825.0,서울특별시 송파구 문정동 42-11번지 ,,,한국맥도날드 문정점,20070100000000.0,I,59:59.0,패스트푸드,210845.0433,443037.0929,패스트푸드,0.0,0.0,주택가주변,자율,상수도전용,,,,,,,,,N,281.4,,,
110528,3230000,3230000-104-1999-14433,19991001,,3,폐업,2,폐업,20110608.0,,,,02 4844783,282.02,138879.0,서울특별시 송파구 풍납동 402-3번지 ,,,한국맥도날드 풍납점,20100400000000.0,I,59:59.0,패스트푸드,210387.9561,447302.6403,패스트푸드,0.0,0.0,주택가주변,자율,상수도전용,,,,,,,,,N,282.02,,,
116977,3240000,3240000-104-2002-13581,20021120,,3,폐업,2,폐업,20160222.0,,,,02  429 4886,96.36,134825.0,서울특별시 강동구 명일동 46-4번지 ,서울특별시 강동구 고덕로 276 (명일동),5269.0,한국맥도날드명일이마트점,20130600000000.0,I,59:59.0,패스트푸드,213700.8777,450278.1009,패스트푸드,0.0,0.0,,,상수도전용,,,,,,,,,N,96.36,,,
117034,3240000,3240000-104-1999-11208,19991224,,3,폐업,2,폐업,20180402.0,,,,7070170477,214.22,134874.0,서울특별시 강동구 천호동 454-1번지 ,서울특별시 강동구 천호대로 1017 (천호동),5328.0,한국맥도날드천호이마트점,20180400000000.0,I,59:59.0,패스트푸드,211025.925,448495.1892,패스트푸드,0.0,0.0,유흥업소밀집지역,기타,상수도전용,,,,,,,,,N,214.22,,,
117131,3240000,3240000-104-2001-13119,20011226,,3,폐업,2,폐업,20180330.0,,,,7070170619,308.8,134815.0,서울특별시 강동구 길동 252-4번지 ,서울특별시 강동구 천호대로 1207 (길동),5350.0,(주)신맥한국맥도날드SK길동점,20180300000000.0,I,59:59.0,패스트푸드,212754.9159,448149.4715,패스트푸드,0.0,0.0,기타,자율,상수도전용,,,,,,,,,Y,308.8,,,
117161,3240000,3240000-104-1999-10918,19990920,,3,폐업,2,폐업,20151218.0,,,,02 4719505,129.1,134846.0,서울특별시 강동구 성내동 440-0번지 ,서울특별시 강동구 양재대로 1319 (성내동),5408.0,한국맥도날드둔촌점,20130600000000.0,I,59:59.0,패스트푸드,211807.6098,446894.68,패스트푸드,0.0,0.0,유흥업소밀집지역,자율,상수도전용,,,,,,,,,N,129.1,,,
117566,3240000,3240000-104-2000-12049,20001212,,3,폐업,2,폐업,20210118.0,,,,070 70170538,306.52,134850.0,서울특별시 강동구 성내동 539-2 ,서울특별시 강동구 성내로 15 (성내동),5392.0,한국맥도날드강동구청점,20210100000000.0,U,40:00.0,패스트푸드,210771.4257,447578.3325,패스트푸드,0.0,0.0,주택가주변,기타,상수도전용,,,,,,,,,N,306.52,,,
118360,3240000,3240000-104-2014-00018,20140224,,3,폐업,2,폐업,20180323.0,,,,,373.63,134859.0,서울특별시 강동구 암사동 501-2번지 12층 ,서울특별시 강동구 올림픽로 778 (암사동 12층),5264.0,한국맥도날드(유) 암사역점,20180300000000.0,I,59:59.0,패스트푸드,211234.4918,449797.99,패스트푸드,,,,,,,,,,,,,,Y,373.63,,,
