,GU,DONG_CODE,DONG,SUBWAY_NUM,STARBUCKS_NUM,SPORT_NUM,SAFE_DLVR_NUM,MC_NUM,KINDER_NUM,KIDS_NUM,GYM_NUM,GOLF_NUM,ACADEMY_NUM,ANIMAL_HSPT_NUM,BIKE_NUM,CAFE,CAR_SHR_NUM,CCTV_NUM,CHILD_MED_NUM,CON_NUM,DPTM_NUM
0,종로구,1111010100,청운동,0,0,0,0,0,0,0,0,0,2,0,2,8,0,12,0,1,0
1,종로구,1111010200,신교동,0,0,0,0,0,0,0,0,0,5,2,0,1,0,14,0,0,0
2,종로구,1111010300,궁정동,0,0,0,0,0,0,0,0,0,0,0,0,1,0,0,0,0,0
3,종로구,1111010400,효자동,0,0,0,0,0,0,0,0,0,0,0,1,5,0,0,0,0,0
4,종로구,1111010500,창성동,0,0,0,0,0,0,0,0,0,1,0,1,3,0,0,2,1,0
5,종로구,1111010800,통인동,0,0,0,0,0,0,0,0,0,5,2,0,4,0,0,0,0,0
6,종로구,1111010900,누상동,0,0,0,0,0,0,0,0,0,1,0,0,1,0,10,0,0,0
7,종로구,1111011000,누하동,0,0,0,0,0,0,0,0,0,2,0,0,8,0,3,2,0,0
8,종로구,1111011100,옥인동,0,0,0,1,0,0,0,0,0,2,0,0,5,0,15,3,0,0
9,종로구,1111011900,세종로,1,1,0,0,0,0,0,0,0,0,0,5,11,3,8,1,0,0
10,종로구,1111010600,통의동,0,1,0,0,0,0,0,1,0,1,0,0,8,0,9,0,0,0
11,종로구,1111010700,적선동,1,2,0,0,0,0,0,1,0,0,0,0,15,1,0,5,0,0
12,종로구,1111011200,체부동,0,0,0,0,0,0,0,0,0,0,0,0,10,0,5,0,2,0
13,종로구,1111011300,필운동,0,0,0,0,0,0,0,0,0,9,0,0,4,0,5,0,1,0
14,종로구,1111011400,내자동,0,0,0,0,0,0,0,2,0,5,2,2,4,0,3,5,0,0
15,종로구,1111011500,사직동,0,1,0,0,0,0,0,2,2,0,0,2,10,0,8,0,1,0
16,종로구,1111011600,도렴동,0,0,0,0,0,0,0,0,0,0,0,0,5,0,0,0,1,0
17,종로구,1111011700,당주동,0,1,0,0,0,0,0,1,0,0,0,0,14,0,0,0,0,0
18,종로구,1111011800,내수동,0,0,0,0,0,0,0,7,1,2,0,1,8,2,0,0,3,0
19,종로구,1111012000,신문로1가,0,1,0,0,0,0,0,2,0,1,0,2,11,0,3,0,2,0
20,종로구,1111012100,신문로2가,0,1,0,0,0,10,0,2,0,1,0,3,8,1,6,0,0,0
21,종로구,1111013900,팔판동,0,0,0,0,0,0,0,0,0,0,0,1,4,0,0,0,0,0
22,종로구,1111014000,삼청동,0,1,1,0,0,10,0,2,0,1,0,3,19,0,14,0,0,0
23,종로구,1111014100,안국동,0,0,0,0,0,0,0,0,0,0,0,2,12,1,4,1,0,0
24,종로구,1111014200,소격동,0,0,0,0,0,0,0,1,0,0,0,1,7,0,0,0,0,0
25,종로구,1111014300,화동,0,0,0,0,0,0,0,0,0,0,0,0,5,0,1,0,0,0
26,종로구,1111014400,사간동,0,0,0,0,0,0,0,0,0,1,0,0,4,0,3,0,1,0
27,종로구,1111014500,송현동,0,0,0,0,0,0,0,0,0,0,0,0,1,0,0,0,0,0
28,종로구,1111018400,부암동,0,0,0,0,0,0,0,1,0,5,0,2,13,2,15,2,1,0
29,종로구,1111018500,홍지동,0,0,0,0,0,0,0,0,0,1,4,1,10,1,7,1,3,0
30,종로구,1111018600,신영동,0,0,0,0,0,0,0,1,2,18,2,2,7,2,19,2,0,0
31,종로구,1111018200,구기동,0,0,0,0,0,0,0,1,1,5,0,2,7,0,3,3,1,0
32,종로구,1111018300,평창동,0,1,0,0,0,0,0,4,4,23,0,5,29,0,18,7,2,0
33,종로구,1111018700,무악동,0,0,0,0,0,10,0,0,1,20,0,3,10,1,13,3,1,0
34,종로구,1111017600,교남동,0,0,0,0,0,0,0,2,0,0,0,0,0,0,3,1,2,0
35,종로구,1111017700,평동,0,3,0,0,0,10,0,0,0,0,0,2,12,0,0,2,3,0
36,종로구,1111017800,송월동,0,0,0,0,0,0,0,0,0,1,0,0,0,0,0,1,0,0
37,종로구,1111017900,홍파동,0,0,0,0,0,10,0,0,0,8,2,2,1,0,0,0,0,0
38,종로구,1111018000,교북동,0,1,0,0,0,0,1,0,0,5,0,1,4,0,0,1,0,0
39,종로구,1111018100,행촌동,0,0,0,0,0,10,0,0,0,6,0,0,1,0,6,1,0,0
40,종로구,1111014600,가회동,0,0,0,0,0,0,0,0,0,0,0,2,10,0,3,1,0,0
41,종로구,1111014700,재동,0,1,0,0,0,0,0,0,0,0,0,1,11,0,4,1,2,0
42,종로구,1111014800,계동,0,1,0,0,0,0,0,0,0,2,0,0,27,0,3,1,2,0
43,종로구,1111014900,원서동,0,0,0,0,0,0,0,1,0,0,0,1,5,0,23,0,0,0
44,종로구,1111012200,청진동,0,2,0,0,0,10,0,0,0,2,0,0,23,3,0,2,4,0
45,종로구,1111012300,서린동,0,1,0,0,0,0,0,1,0,5,0,3,14,2,0,0,1,0
46,종로구,1111012400,수송동,0,3,0,0,0,20,0,0,0,1,0,0,12,0,0,3,3,0
47,종로구,1111012500,중학동,0,1,0,0,0,0,0,0,0,0,0,1,4,0,0,0,0,0
48,종로구,1111012600,종로1가,1,1,0,0,0,0,0,2,0,2,0,0,17,1,0,0,1,0
49,종로구,1111012700,공평동,0,0,0,0,0,10,0,1,0,0,0,2,11,0,3,0,2,0
50,종로구,1111012800,관훈동,0,0,0,0,0,0,0,0,0,0,0,0,11,1,0,0,0,0
51,종로구,1111012900,견지동,0,0,0,0,0,0,0,1,0,1,0,1,5,0,0,0,2,0
52,종로구,1111013000,와룡동,0,0,0,0,0,0,0,0,0,1,0,3,9,0,6,0,1,0
53,종로구,1111013100,권농동,0,0,0,0,0,0,0,0,0,0,0,0,0,0,0,0,0,0
54,종로구,1111013200,운니동,0,0,0,0,0,0,0,0,0,0,0,2,4,0,0,0,1,0
55,종로구,1111013300,익선동,0,0,0,0,0,0,1,0,0,0,0,2,6,0,3,0,1,0
56,종로구,1111013400,경운동,1,0,0,0,0,0,0,0,1,2,0,0,1,1,1,1,0,0
57,종로구,1111013500,관철동,0,1,0,0,0,0,0,1,2,32,0,1,23,0,6,2,3,0
58,종로구,1111013600,인사동,0,0,0,0,0,0,0,0,0,4,0,0,1,2,3,0,0,0
59,종로구,1111013700,낙원동,0,0,0,0,0,0,0,1,0,5,0,1,6,2,6,0,3,0
60,종로구,1111013800,종로2가,0,1,0,0,0,0,0,0,0,17,0,3,25,1,7,3,0,0
61,종로구,1111015000,훈정동,0,0,0,0,0,0,0,0,0,0,0,1,0,0,6,0,0,0
62,종로구,1111015100,묘동,3,0,0,0,0,0,0,0,0,7,0,1,10,0,1,0,1,0
63,종로구,1111015200,봉익동,0,0,0,0,0,0,0,0,0,0,0,0,6,0,0,0,0,0
64,종로구,1111015300,돈의동,0,0,0,0,0,0,0,0,0,1,0,0,5,0,15,0,3,0
65,종로구,1111015400,장사동,0,0,0,0,0,0,0,0,0,1,0,0,5,0,2,0,0,0
66,종로구,1111015500,관수동,0,1,0,0,0,0,0,0,0,8,0,1,12,0,6,1,3,0
67,종로구,1111015600,종로3가,0,1,0,0,1,0,0,1,0,5,0,2,10,0,11,4,0,0
68,종로구,1111015700,인의동,0,1,0,0,0,10,0,0,1,6,0,2,8,1,0,1,0,0
69,종로구,1111015800,예지동,0,0,0,0,0,0,0,0,0,0,0,0,3,1,1,0,0,0
70,종로구,1111015900,원남동,0,0,0,0,0,0,0,2,1,0,0,1,8,0,0,0,0,0
71,종로구,1111016100,종로4가,0,0,0,0,0,0,0,0,0,2,0,1,5,2,2,3,0,0
72,종로구,1111016000,연지동,0,0,0,0,0,20,0,0,0,1,0,2,14,0,4,1,0,0
73,종로구,1111016200,효제동,0,0,0,0,0,0,0,0,0,0,0,1,8,0,3,4,0,0
74,종로구,1111016300,종로5가,1,0,0,0,0,0,0,0,0,4,0,3,19,0,11,18,0,0
75,종로구,1111016400,종로6가,2,0,0,0,0,0,0,0,0,2,0,0,19,0,11,9,0,0
76,종로구,1111016700,충신동,0,0,0,0,0,0,0,0,0,0,0,2,2,0,9,1,0,0
77,종로구,1111016500,이화동,0,0,0,0,0,0,0,1,0,2,0,1,6,1,2,0,1,0
78,종로구,1111016600,연건동,0,2,0,0,0,0,0,2,1,0,0,2,20,2,13,1,0,0
79,종로구,1111016800,동숭동,1,2,0,0,1,0,0,0,0,6,0,1,33,4,20,4,3,0
80,종로구,1111016900,혜화동,0,1,0,0,0,0,0,2,0,13,0,5,17,0,18,9,3,0
81,종로구,1111017000,명륜1가,0,0,0,0,0,0,0,0,0,15,0,0,4,0,21,7,1,0
82,종로구,1111017100,명륜2가,0,0,0,0,1,0,0,2,0,7,2,2,18,2,3,6,1,0
83,종로구,1111017200,명륜4가,0,0,0,0,0,0,0,1,0,1,0,1,15,0,3,4,2,0
84,종로구,1111017300,명륜3가,0,1,0,1,0,0,0,0,0,4,0,0,12,0,24,2,1,0
85,종로구,1111017400,창신동,1,0,0,1,1,0,0,3,1,13,2,8,36,0,39,29,7,0
86,종로구,1111017500,숭인동,2,1,0,2,0,10,0,5,2,16,4,4,21,4,35,21,9,0
87,중구,1114011100,소공동,0,2,0,0,0,0,0,0,0,1,0,2,20,2,6,4,5,1
88,중구,1114011300,북창동,0,0,0,0,0,0,0,0,0,1,0,0,6,1,13,1,4,0
89,중구,1114011400,태평로2가,2,1,0,0,0,0,0,1,0,2,0,0,19,1,3,1,3,0
90,중구,1114011500,남대문로2가,0,0,0,0,0,0,0,0,0,0,0,0,9,0,4,0,0,1
91,중구,1114011600,남대문로3가,0,0,0,0,0,0,0,0,0,0,0,1,2,0,9,1,0,0
92,중구,1114011700,남대문로4가,0,2,0,0,0,0,0,1,0,0,0,1,6,0,3,2,1,0
93,중구,1114011900,봉래동1가,0,0,0,0,0,0,0,1,0,0,0,0,7,1,2,1,1,0
94,중구,1114016600,서소문동,0,3,0,0,0,0,0,2,1,0,0,3,27,2,5,9,3,0
95,중구,1114016700,정동,0,0,0,0,0,0,0,2,1,3,0,1,13,1,40,0,2,0
96,중구,1114016800,순화동,0,2,0,0,0,0,0,1,0,1,0,2,16,0,4,1,8,0
97,중구,1114016900,의주로1가,0,0,0,0,0,0,0,0,0,0,0,0,1,1,3,2,1,0
98,중구,1114017000,충정로1가,0,1,0,0,0,10,0,0,1,1,0,0,7,0,0,1,1,0
99,중구,1114011200,남창동,1,0,0,0,0,0,0,0,0,0,0,1,26,0,33,6,2,0
100,중구,1114011800,남대문로5가,0,5,0,0,0,20,0,2,0,0,0,6,38,4,16,7,7,0
101,중구,1114012000,봉래동2가,0,0,0,0,0,0,0,0,0,0,0,1,5,2,12,0,0,0
102,중구,1114012100,회현동1가,0,1,0,0,0,0,0,1,0,1,0,2,24,2,32,3,6,0
103,중구,1114012200,회현동2가,0,0,0,0,0,0,0,1,0,0,0,1,8,0,9,1,2,0
104,중구,1114012400,충무로1가,0,4,0,0,0,0,0,1,0,1,0,3,22,0,7,2,5,1
105,중구,1114010100,무교동,0,1,0,0,0,0,0,2,0,1,0,1,8,0,0,4,2,0
106,중구,1114010200,다동,0,1,0,0,0,0,0,3,0,1,0,3,24,1,7,0,2,0
107,중구,1114010300,태평로1가,0,1,0,0,0,0,0,3,1,3,0,4,19,1,0,2,1,0
108,중구,1114010400,을지로1가,1,1,0,0,1,0,0,0,0,1,0,2,15,0,10,1,3,0
109,중구,1114010500,을지로2가,0,5,0,0,0,0,0,1,0,4,0,5,41,2,2,8,5,0
110,중구,1114010600,남대문로1가,0,0,0,0,0,0,0,0,0,0,0,0,2,0,0,0,1,0
111,중구,1114010700,삼각동,0,1,0,0,0,0,0,0,0,0,0,1,4,0,2,0,0,0
112,중구,1114010800,수하동,0,0,0,0,0,0,0,1,0,2,0,1,6,1,0,2,3,0
113,중구,1114010900,장교동,0,0,0,0,0,0,0,1,0,0,0,2,2,1,2,2,2,0
114,중구,1114011000,수표동,0,1,0,0,0,0,0,2,0,0,0,1,10,0,11,1,2,0
115,중구,1114012300,회현동3가,0,0,0,0,1,0,0,0,0,1,0,0,3,0,0,0,1,0
116,중구,1114012500,충무로2가,1,1,0,0,0,0,0,1,0,2,0,1,32,0,4,5,6,0
117,중구,1114012600,명동1가,0,0,0,0,1,0,0,1,2,0,0,0,18,0,4,4,1,0
118,중구,1114012700,명동2가,0,3,0,0,0,0,0,0,0,0,0,1,33,0,11,11,4,0
119,중구,1114012800,남산동1가,0,0,0,0,0,0,0,0,0,0,0,0,2,0,5,1,2,0
120,중구,1114012900,남산동2가,0,0,0,1,0,0,0,0,0,0,0,0,14,0,20,0,1,0
121,중구,1114013000,남산동3가,0,1,0,0,0,0,0,0,0,0,0,0,2,0,3,0,1,0
122,중구,1114013100,저동1가,0,0,0,0,0,0,0,1,0,0,0,1,5,0,7,0,1,0
123,중구,1114014200,예장동,0,0,0,0,0,0,0,1,0,0,0,0,5,0,13,0,1,0
124,중구,1114013200,충무로4가,0,0,0,0,0,0,0,0,0,1,2,1,14,0,8,4,1,0
125,중구,1114013300,충무로5가,0,1,0,0,0,0,0,0,0,0,0,0,7,1,10,1,3,0
126,중구,1114013600,묵정동,0,0,0,0,0,0,0,0,0,5,2,0,8,0,14,4,2,0
127,중구,1114013700,필동1가,0,0,0,0,0,0,0,0,0,2,0,0,8,0,4,3,3,0
128,중구,1114013800,필동2가,2,2,0,0,0,0,0,0,1,1,2,2,22,1,24,5,3,0
129,중구,1114013900,필동3가,0,0,0,0,0,0,0,0,0,1,0,1,16,0,13,1,2,0
130,중구,1114014000,남학동,0,0,0,0,0,0,0,0,0,0,0,1,1,0,2,0,0,0
131,중구,1114014100,주자동,0,0,0,0,0,0,0,0,0,0,0,0,2,0,0,0,0,0
132,중구,1114014400,장충동2가,1,0,1,2,0,0,0,0,0,0,0,5,18,2,58,0,4,0
133,중구,1114015800,충무로3가,0,0,0,0,0,0,0,2,0,0,0,0,14,2,4,0,4,0
134,중구,1114014300,장충동1가,0,1,0,0,0,0,0,0,0,0,0,1,8,1,23,2,2,0
135,중구,1114013400,인현동2가,0,0,0,0,0,0,0,0,0,0,0,0,8,0,2,1,0,0
136,중구,1114013500,예관동,0,0,0,0,0,0,0,0,0,0,0,0,3,0,3,1,1,0
137,중구,1114014500,광희동1가,0,1,0,0,0,0,0,0,0,1,0,1,10,0,7,1,2,0
138,중구,1114014600,광희동2가,0,0,0,0,0,0,0,0,0,0,0,1,5,0,19,1,2,0
139,중구,1114014700,쌍림동,0,0,0,0,0,0,0,1,0,0,0,1,13,1,0,4,2,0
140,중구,1114014800,을지로6가,0,2,0,0,0,0,1,0,1,1,0,1,61,3,35,8,7,0
141,중구,1114014900,을지로7가,0,0,0,0,0,0,0,0,0,0,0,1,8,1,5,0,1,0
142,중구,1114015400,오장동,0,0,0,0,0,0,0,0,1,1,0,0,12,0,11,1,3,0
143,중구,1114015000,을지로4가,2,1,0,0,0,0,0,1,0,0,0,1,14,0,6,7,3,0
144,중구,1114015100,을지로5가,0,0,0,0,0,0,0,0,0,0,6,2,9,0,2,2,3,0
145,중구,1114015200,주교동,0,0,0,0,0,0,0,0,0,0,0,0,17,0,9,0,2,0
146,중구,1114015300,방산동,0,0,0,0,0,0,0,0,0,0,0,0,4,0,1,2,0,0
147,중구,1114015500,을지로3가,2,0,0,0,0,0,0,0,1,1,0,0,21,0,20,1,2,0
148,중구,1114015600,입정동,0,0,0,0,0,0,0,0,0,0,0,0,3,0,3,0,0,0
149,중구,1114015700,산림동,0,0,0,0,0,0,0,0,0,0,0,0,5,0,3,0,0,0
150,중구,1114015900,초동,0,0,0,0,0,0,0,1,1,0,0,1,8,2,10,2,5,0
151,중구,1114016000,인현동1가,0,0,0,0,0,0,0,0,0,0,0,0,11,0,1,4,2,0
152,중구,1114016100,저동2가,0,2,0,0,0,0,0,0,1,0,0,1,20,0,2,10,1,0
153,중구,1114016200,신당동,5,1,0,5,0,20,1,20,2,94,18,14,146,13,321,125,45,0
154,중구,1114016300,흥인동,2,2,0,0,0,0,0,3,1,0,0,0,14,3,21,3,2,0
155,중구,1114016400,무학동,0,0,0,0,0,0,0,0,0,0,0,0,1,0,0,4,3,0
156,중구,1114016500,황학동,0,1,0,0,0,20,1,6,3,3,6,1,21,2,60,7,8,0
157,중구,1114017100,중림동,0,0,0,0,0,0,0,1,0,9,0,4,15,2,31,12,5,0
158,중구,1114017200,의주로2가,0,0,0,0,0,0,0,0,0,0,0,2,0,0,10,0,0,0
159,중구,1114017300,만리동1가,0,0,0,0,0,0,0,1,0,3,0,1,5,0,15,0,1,0
160,중구,1114017400,만리동2가,0,0,0,0,0,0,0,0,0,0,2,1,5,2,39,2,2,0
161,용산구,1117010100,후암동,0,0,0,0,0,10,0,1,1,28,4,2,14,3,24,5,8,0
162,용산구,1117010200,용산동2가,0,1,0,0,0,0,0,1,0,5,4,5,15,2,34,1,9,0
163,용산구,1117010300,용산동4가,0,0,0,0,0,0,0,0,0,0,0,1,0,0,0,0,1,0
164,용산구,1117010400,갈월동,0,2,0,1,0,0,1,2,0,12,0,2,15,1,6,1,5,0
165,용산구,1117010500,남영동,0,0,0,0,0,0,0,5,1,1,0,0,7,1,0,2,1,0
166,용산구,1117010600,용산동1가,0,0,0,0,0,0,0,0,0,0,0,2,3,0,0,0,0,0
167,용산구,1117010700,동자동,0,3,0,0,1,0,0,1,2,4,0,2,18,5,7,1,8,0
168,용산구,1117010800,서계동,0,1,0,0,0,0,0,1,0,2,0,0,9,2,6,1,3,0
169,용산구,1117010900,청파동1가,0,0,0,0,0,0,0,1,1,2,0,1,5,1,12,0,1,0
170,용산구,1117011000,청파동2가,0,1,0,1,0,0,0,1,0,4,2,1,32,1,9,0,2,0
171,용산구,1117011100,청파동3가,0,1,0,0,0,0,0,1,2,3,0,2,11,3,8,0,5,0
172,용산구,1117011200,원효로1가,0,1,0,1,0,10,0,5,1,12,4,0,16,1,10,4,2,0
173,용산구,1117011300,원효로2가,0,0,0,0,0,0,0,0,0,7,2,5,3,0,6,1,3,0
174,용산구,1117012200,문배동,0,0,0,0,0,0,0,1,0,5,0,4,3,3,0,0,3,0
175,용산구,1117012300,신계동,0,0,0,0,0,10,0,0,2,0,0,0,4,0,0,0,1,0
176,용산구,1117011400,신창동,0,0,0,0,0,10,0,0,0,0,0,0,4,1,6,0,1,0
177,용산구,1117011500,산천동,0,0,0,0,0,0,0,0,2,24,4,0,1,0,2,0,2,0
178,용산구,1117011600,청암동,0,0,0,0,0,0,0,0,0,0,0,2,0,0,1,0,1,0
179,용산구,1117011700,원효로3가,0,0,0,0,0,0,0,0,1,0,0,1,4,1,12,0,3,0
180,용산구,1117011800,원효로4가,0,0,0,0,0,0,0,1,0,2,0,4,7,0,3,1,1,0
181,용산구,1117011900,효창동,0,1,0,2,0,20,0,1,0,22,4,2,8,1,13,2,5,0
182,용산구,1117012000,도원동,0,0,0,0,0,0,0,0,0,18,0,0,2,1,1,1,0,0
183,용산구,1117012100,용문동,0,0,0,0,0,10,0,0,0,3,2,1,11,2,11,1,4,0
184,용산구,1117012400,한강로1가,2,0,0,0,0,0,0,0,1,3,0,5,9,0,8,0,2,0
185,용산구,1117012500,한강로2가,1,2,0,0,0,40,0,1,1,3,0,5,44,6,14,1,4,0
186,용산구,1117012600,용산동3가,0,0,0,0,0,0,0,0,0,0,0,1,4,0,0,0,0,0
187,용산구,1117012700,용산동5가,2,1,0,0,0,0,0,1,0,0,2,5,7,0,1,0,1,0
188,용산구,1117012800,한강로3가,2,3,0,0,0,10,4,6,2,5,2,7,56,7,13,2,12,1
189,용산구,1117012900,이촌동,0,2,3,0,0,40,0,6,4,44,8,11,17,1,28,9,7,0
190,용산구,1117013000,이태원동,1,2,0,1,0,20,0,9,1,10,6,6,42,6,49,5,17,0
191,용산구,1117013100,한남동,2,2,1,1,0,10,0,26,3,19,10,13,66,9,43,5,11,0
192,용산구,1117013200,동빙고동,0,1,0,0,0,0,0,2,1,8,0,0,3,0,13,0,3,0
193,용산구,1117013300,서빙고동,1,0,0,0,0,0,0,1,0,5,0,4,3,0,10,0,2,0
194,용산구,1117013400,주성동,0,0,0,0,0,0,0,0,0,0,0,0,0,0,3,0,0,0
195,용산구,1117013500,용산동6가,0,0,0,0,0,10,0,0,0,1,0,3,4,0,8,0,0,0
196,용산구,1117013600,보광동,0,0,0,1,0,0,0,4,0,14,4,1,10,4,51,3,5,0
197,성동구,1120010200,하왕십리동,1,2,0,1,0,40,0,8,4,70,6,8,28,2,29,5,11,0
198,성동구,1120010100,상왕십리동,0,0,0,0,0,0,0,1,0,13,2,2,3,1,1,5,2,0
199,성동구,1120010300,홍익동,0,0,0,0,0,10,0,1,1,1,2,2,10,0,12,5,3,0
200,성동구,1120010400,도선동,0,1,0,0,0,0,0,7,0,11,0,0,10,2,22,9,4,0
201,성동구,1120010500,마장동,1,0,0,0,0,0,0,2,4,24,2,10,9,5,92,20,7,0
202,성동구,1120010600,사근동,1,0,0,1,0,0,0,0,0,2,0,3,9,4,29,2,7,0
203,성동구,1120010700,행당동,4,2,0,2,1,20,2,11,6,133,16,13,59,7,63,43,26,0
204,성동구,1120010800,응봉동,0,0,1,0,0,0,0,0,3,23,0,3,2,0,24,4,3,0
205,성동구,1120010900,금호동1가,1,0,2,0,0,10,0,3,2,44,0,1,12,0,16,20,3,0
206,성동구,1120011000,금호동2가,0,0,0,1,0,0,0,1,0,23,4,4,4,2,13,13,3,0
207,성동구,1120011100,금호동3가,0,0,0,0,0,0,0,1,1,15,0,1,12,0,30,17,3,0
208,성동구,1120011200,금호동4가,0,1,0,0,0,0,0,3,2,30,6,5,12,3,33,24,5,0
209,성동구,1120011300,옥수동,2,1,0,0,0,20,0,11,3,60,8,2,16,3,14,28,7,0
210,성동구,1120011400,성수동1가,1,2,0,2,0,20,1,13,7,55,6,15,107,5,58,36,24,0
211,성동구,1120011500,성수동2가,0,4,0,2,1,10,1,19,9,32,4,16,119,6,96,48,43,0
212,성동구,1120011800,송정동,0,0,0,0,0,0,0,1,0,6,2,6,10,3,30,4,5,0
213,성동구,1120012200,용답동,2,0,4,1,0,10,0,3,2,11,0,10,25,6,40,12,8,0
214,광진구,1121510700,화양동,2,3,0,1,1,0,1,16,4,27,4,9,95,7,40,12,33,0
215,광진구,1121510900,군자동,0,2,0,0,0,40,1,13,3,29,4,11,46,3,48,8,11,0
216,광진구,1121510100,중곡동,0,2,0,5,0,20,4,27,10,142,14,10,106,8,140,37,51,0
217,광진구,1121510200,능동,2,0,0,0,0,10,0,4,2,12,4,6,28,1,37,3,14,0
218,광진구,1121510400,광장동,0,1,0,0,0,50,0,10,3,111,6,8,38,1,33,6,13,0
219,광진구,1121510500,자양동,0,5,0,5,1,80,5,40,21,208,18,24,145,24,157,24,59,1
220,광진구,1121510300,구의동,2,3,0,3,0,70,0,41,18,252,8,20,138,9,155,32,51,0
221,동대문구,1123010100,신설동,3,1,0,0,0,0,0,4,3,16,2,4,18,7,31,2,12,0
222,동대문구,1123010200,용두동,2,0,0,1,0,30,0,6,6,25,6,10,39,4,89,14,20,0
223,동대문구,1123010300,제기동,0,0,0,1,0,10,0,9,2,35,0,5,29,3,96,6,17,0
224,동대문구,1123010400,전농동,0,1,0,1,1,70,1,10,4,102,6,17,61,10,108,39,29,0
225,동대문구,1123010500,답십리동,0,1,0,1,0,80,1,14,6,98,12,11,41,7,101,48,27,0
226,동대문구,1123010600,장안동,0,1,1,2,1,90,3,27,16,212,16,11,87,13,126,52,57,0
227,동대문구,1123010700,청량리동,0,0,0,2,0,0,0,7,0,23,4,10,16,4,43,13,7,0
228,동대문구,1123010800,회기동,0,3,0,1,0,0,0,11,1,14,2,3,38,3,62,8,11,0
229,동대문구,1123010900,휘경동,3,0,0,2,0,40,1,12,6,49,4,14,37,4,102,29,21,0
230,동대문구,1123011000,이문동,2,2,0,1,0,60,0,6,1,69,4,9,42,4,94,36,18,0
231,중랑구,1126010100,면목동,3,1,0,4,0,120,2,24,8,171,24,25,124,16,564,44,87,0
232,중랑구,1126010200,상봉동,5,3,0,1,1,50,3,16,3,46,6,17,61,9,115,28,32,0
233,중랑구,1126010300,중화동,3,1,0,1,0,20,1,7,3,46,10,9,41,5,146,23,32,0
234,중랑구,1126010400,묵동,1,1,0,0,0,70,2,7,4,66,6,9,41,7,121,16,23,0
235,중랑구,1126010500,망우동,1,1,0,0,1,70,1,8,3,65,4,13,68,6,153,30,35,0
236,중랑구,1126010600,신내동,1,1,0,0,1,130,2,9,6,165,10,17,47,4,88,41,22,0
237,성북구,1129010100,성북동,0,0,0,0,0,0,0,2,1,9,2,8,28,0,106,0,7,0
238,성북구,1129010200,성북동1가,0,1,0,0,0,0,0,1,0,3,2,3,5,1,11,0,1,0
239,성북구,1129010400,동소문동1가,0,0,0,0,1,0,0,2,0,9,0,2,5,0,12,2,1,0
240,성북구,1129010700,동소문동4가,0,0,0,0,0,0,0,1,0,28,0,0,5,0,9,1,1,0
241,성북구,1129010300,돈암동,0,1,0,0,0,20,1,3,5,92,2,5,13,4,52,3,3,0
242,성북구,1129010500,동소문동2가,0,1,0,0,0,0,0,2,0,6,0,1,5,0,13,2,1,0
243,성북구,1129010600,동소문동3가,0,0,0,0,0,0,0,1,0,17,2,1,3,0,0,3,0,0
244,성북구,1129010800,동소문동5가,0,0,0,0,0,0,0,2,0,13,2,1,2,2,0,1,2,0
245,성북구,1129011100,삼선동1가,0,0,0,0,0,0,0,0,0,0,0,0,6,0,42,4,0,0
246,성북구,1129011200,삼선동2가,0,0,0,0,0,10,0,0,0,10,0,0,7,1,19,1,4,0
247,성북구,1129011300,삼선동3가,0,0,0,0,0,0,0,0,0,20,0,0,3,1,14,0,0,0
248,성북구,1129011400,삼선동4가,0,0,0,0,0,0,0,0,1,4,0,1,9,2,0,5,1,0
249,성북구,1129011500,삼선동5가,0,0,0,0,0,0,0,1,0,2,0,1,11,1,21,1,5,0
250,성북구,1129010900,동소문동6가,0,0,0,0,0,0,1,2,0,31,4,2,8,0,14,1,3,0
251,성북구,1129011000,동소문동7가,0,0,0,0,0,0,1,0,0,25,0,0,3,0,3,0,0,0
252,성북구,1129011600,동선동1가,0,1,0,0,0,0,0,7,0,9,0,2,19,3,24,5,1,0
253,성북구,1129011700,동선동2가,0,1,0,0,0,0,0,1,0,0,0,1,16,1,3,0,0,0
254,성북구,1129011800,동선동3가,0,0,0,0,0,0,0,0,0,0,0,1,8,1,11,0,3,0
255,성북구,1129011900,동선동4가,0,0,0,0,0,0,0,0,1,7,0,0,12,0,10,1,2,0
256,성북구,1129012000,동선동5가,0,0,0,0,0,0,0,1,0,16,2,0,3,0,23,0,2,0
257,성북구,1129012100,안암동1가,0,0,0,1,0,10,0,1,0,3,0,0,8,0,1,0,0,0
258,성북구,1129012200,안암동2가,0,0,0,0,0,0,0,0,0,4,0,0,6,0,11,0,2,0
259,성북구,1129012300,안암동3가,0,0,0,0,0,0,0,0,0,2,0,1,2,0,8,0,1,0
260,성북구,1129012400,안암동4가,0,0,0,0,0,0,0,1,0,0,0,1,2,0,5,0,1,0
261,성북구,1129012500,안암동5가,0,3,0,0,1,0,0,6,0,1,0,4,50,3,31,4,17,0
262,성북구,1129012600,보문동4가,0,0,0,0,0,0,0,1,1,1,0,0,4,0,3,0,1,0
263,성북구,1129012700,보문동5가,0,0,0,1,0,0,0,0,0,3,2,0,4,3,8,3,1,0
264,성북구,1129012800,보문동6가,0,0,0,0,0,0,0,0,0,5,0,0,3,0,30,0,1,0
265,성북구,1129012900,보문동7가,0,0,0,0,0,0,0,1,0,4,0,0,3,0,23,0,3,0
266,성북구,1129013000,보문동1가,0,0,0,0,0,10,0,3,0,2,0,1,3,0,4,0,2,0
267,성북구,1129013100,보문동2가,0,0,0,0,0,0,0,0,0,7,2,0,3,0,6,0,2,0
268,성북구,1129013200,보문동3가,0,0,0,0,0,0,0,0,0,0,0,1,1,1,3,0,0,0
269,성북구,1129013300,정릉동,0,0,0,1,0,50,2,10,10,141,4,10,67,7,333,25,38,0
270,성북구,1129013400,길음동,1,2,0,1,0,80,1,9,2,151,12,11,50,8,62,16,18,1
271,성북구,1129013600,하월곡동,1,2,0,0,0,20,3,10,6,98,10,9,56,9,158,15,20,0
272,성북구,1129013500,종암동,1,2,0,1,1,50,2,7,6,89,6,5,35,5,134,19,17,0
273,성북구,1129013700,상월곡동,1,0,0,0,0,10,0,1,3,16,0,1,12,1,66,1,5,0
274,성북구,1129013800,장위동,0,1,0,2,0,70,0,5,1,63,10,7,41,1,352,3,25,0
275,성북구,1129013900,석관동,0,0,0,1,0,50,2,6,2,47,4,7,30,3,155,3,11,0
276,강북구,1130510100,미아동,4,3,0,2,2,170,5,22,3,252,30,22,109,24,228,47,51,0
277,강북구,1130510200,번동,1,1,0,2,2,30,1,7,6,65,6,22,36,4,104,13,26,0
278,강북구,1130510300,수유동,0,0,0,4,0,40,3,16,4,116,16,19,95,10,198,17,51,0
279,강북구,1130510400,우이동,1,0,0,1,0,0,0,0,0,6,0,6,10,1,27,1,7,0
280,도봉구,1132010700,창동,2,2,0,7,0,130,3,31,12,205,14,32,111,8,105,12,47,0
281,도봉구,1132010800,도봉동,1,0,0,2,1,60,0,7,7,30,8,18,43,3,54,2,28,0
282,도봉구,1132010500,쌍문동,1,0,0,0,1,50,0,20,6,154,14,16,66,8,62,4,40,0
283,도봉구,1132010600,방학동,1,1,0,2,0,90,2,19,10,103,14,21,66,8,72,5,41,0
284,노원구,1135010200,월계동,2,4,0,2,0,90,4,11,7,81,10,21,56,9,134,8,28,0
285,노원구,1135010300,공릉동,3,3,0,3,1,110,1,20,11,138,16,23,124,9,90,18,49,0
286,노원구,1135010400,하계동,1,0,0,0,1,20,0,3,6,72,0,7,37,4,45,6,9,0
287,노원구,1135010600,중계동,1,1,0,0,1,30,6,18,17,522,20,24,108,12,113,7,28,1
288,노원구,1135010500,상계동,6,6,1,4,2,190,3,48,21,416,40,43,227,28,331,35,86,1
289,은평구,1138010200,녹번동,2,1,0,1,0,30,0,4,5,64,6,10,31,8,183,26,18,0
290,은평구,1138010300,불광동,0,1,0,2,0,70,0,13,7,113,10,21,38,15,166,65,21,0
291,은평구,1138010400,갈현동,2,1,0,3,0,60,1,15,8,154,10,5,51,4,174,56,25,0
292,은평구,1138010500,구산동,0,0,0,1,1,40,0,3,3,72,2,1,24,5,95,32,10,0
293,은평구,1138010600,대조동,2,1,0,1,0,10,0,12,2,55,10,3,36,4,68,62,19,0
294,은평구,1138010700,응암동,0,2,0,1,1,140,4,27,6,173,18,21,73,13,240,157,26,0
295,은평구,1138010800,역촌동,0,0,0,1,0,30,0,14,4,116,6,9,37,6,99,28,14,0
296,은평구,1138010900,신사동,1,0,0,2,0,50,0,6,1,95,6,5,22,7,124,29,17,0
297,은평구,1138011000,증산동,1,0,0,1,0,20,0,3,5,42,6,3,10,5,62,18,5,0
298,은평구,1138010100,수색동,1,1,0,0,0,20,0,0,0,8,0,3,8,1,24,13,3,0
299,은평구,1138011400,진관동,0,2,0,0,0,170,2,7,4,177,12,33,54,12,34,37,13,0
300,서대문구,1141010500,냉천동,0,0,0,0,0,0,0,0,0,11,2,0,8,3,1,2,1,0
301,서대문구,1141010600,천연동,0,0,0,0,0,0,0,0,0,11,0,0,2,0,9,0,1,0
302,서대문구,1141010700,옥천동,0,0,0,0,0,0,0,0,0,2,0,0,1,0,1,1,0,0
303,서대문구,1141010800,영천동,0,0,0,0,0,0,0,2,1,8,2,1,0,2,0,2,0,0
304,서대문구,1141010900,현저동,0,0,0,0,0,0,0,1,1,15,0,3,2,0,2,0,2,0
305,서대문구,1141011000,북아현동,0,1,0,2,0,70,0,1,0,45,6,3,23,4,29,0,14,0
306,서대문구,1141010100,충정로2가,0,1,0,0,0,0,0,1,1,5,0,2,11,2,4,0,4,0
307,서대문구,1141010200,충정로3가,0,2,0,0,0,0,0,1,1,1,0,4,19,4,12,0,5,0
308,서대문구,1141010300,합동,0,0,0,0,0,0,0,0,1,1,0,2,4,0,0,0,2,0
309,서대문구,1141010400,미근동,0,0,0,0,0,0,0,1,1,0,0,1,9,1,0,0,2,0
310,서대문구,1141011200,대현동,0,2,0,0,0,0,0,3,0,19,0,3,68,3,14,0,11,0
311,서대문구,1141011300,대신동,0,1,0,0,0,0,0,1,0,7,0,2,5,0,6,2,5,0
312,서대문구,1141011400,신촌동,0,2,0,0,0,0,0,0,0,0,0,3,19,4,1,1,3,0
313,서대문구,1141011500,봉원동,0,0,0,1,0,0,0,0,0,0,0,0,0,0,5,0,0,0
314,서대문구,1141011600,창천동,2,6,0,0,1,0,2,7,0,45,0,8,65,13,33,1,22,1
315,서대문구,1141011700,연희동,0,2,0,1,0,10,0,11,1,64,8,13,91,4,55,4,27,0
316,서대문구,1141011100,홍제동,2,1,0,2,1,60,0,10,4,131,6,6,40,8,75,31,29,0
317,서대문구,1141011800,홍은동,0,0,0,3,0,60,0,6,6,107,4,11,43,8,66,5,35,0
318,서대문구,1141012000,남가좌동,0,2,0,4,1,90,1,8,1,94,10,14,56,10,34,11,24,0
319,서대문구,1141011900,북가좌동,0,1,0,0,0,0,1,10,0,128,10,14,39,6,49,14,24,0
320,마포구,1144010100,아현동,2,3,0,0,0,40,2,6,2,67,6,2,20,3,58,7,7,0
321,마포구,1144010200,공덕동,0,1,0,0,0,60,0,9,5,41,8,7,37,8,65,4,9,0
322,마포구,1144010900,염리동,0,0,0,0,0,40,0,4,1,75,6,1,25,3,59,6,11,0
323,마포구,1144010300,신공덕동,0,1,0,0,0,0,0,3,1,15,2,1,10,4,9,5,3,0
324,마포구,1144010400,도화동,0,3,0,1,0,20,0,11,6,61,4,3,49,7,50,12,11,0
325,마포구,1144010700,마포동,0,0,0,0,0,0,0,0,2,1,0,1,1,4,13,1,4,0
326,마포구,1144010500,용강동,0,1,0,0,0,20,0,4,4,15,2,2,9,1,25,2,6,0
327,마포구,1144010600,토정동,0,0,0,0,0,0,0,0,0,1,0,0,0,0,9,0,0,0
328,마포구,1144010800,대흥동,1,1,0,1,0,10,0,4,2,101,2,5,18,2,49,3,4,0
329,마포구,1144011000,노고산동,1,1,0,1,0,0,0,7,0,43,6,6,23,4,24,1,7,0
330,마포구,1144011100,신수동,0,1,0,1,0,10,0,3,2,37,2,6,32,5,33,3,11,0
331,마포구,1144011200,현석동,0,0,0,0,0,0,0,0,0,9,0,1,0,1,5,0,2,0
332,마포구,1144011300,구수동,0,0,0,0,0,0,0,2,1,13,2,1,3,1,13,0,1,0
333,마포구,1144011700,신정동,0,0,0,0,0,10,0,1,0,0,0,0,0,0,0,0,0,0
334,마포구,1144011400,창전동,0,1,0,0,0,20,0,6,2,63,0,1,13,2,22,4,4,0
335,마포구,1144011500,상수동,0,1,0,0,0,10,0,3,2,10,4,3,27,4,26,0,9,0
336,마포구,1144011600,하중동,0,0,0,0,0,0,0,0,0,1,0,0,0,0,0,0,0,0
337,마포구,1144011800,당인동,0,0,0,0,0,0,0,0,1,2,0,1,2,0,14,0,1,0
338,마포구,1144012000,서교동,0,4,0,2,1,10,1,28,3,142,12,5,177,12,83,6,33,0
339,마포구,1144012100,동교동,0,4,0,1,0,0,0,8,1,50,4,4,66,10,30,1,14,0
340,마포구,1144012200,합정동,0,2,0,0,0,20,0,11,1,30,4,7,67,5,58,13,12,0
341,마포구,1144012300,망원동,0,1,5,1,1,30,1,9,1,76,10,7,83,13,92,10,22,0
342,마포구,1144012400,연남동,0,0,0,2,0,10,0,4,0,18,0,3,90,3,58,3,15,0
343,마포구,1144012500,성산동,0,0,1,2,0,20,4,9,7,98,10,15,46,16,114,6,25,0
344,마포구,1144012600,중동,0,0,0,0,0,0,0,1,0,30,0,0,4,1,18,2,3,0
345,마포구,1144012700,상암동,0,5,3,1,1,110,0,17,6,105,8,28,100,21,58,9,20,0
346,양천구,1147010200,목동,2,10,1,4,1,80,5,66,25,1052,42,45,183,26,173,178,65,2
347,양천구,1147010300,신월동,0,2,2,5,2,100,2,13,12,236,24,29,90,16,184,125,64,0
348,양천구,1147010100,신정동,3,4,1,2,1,220,4,49,27,864,32,44,159,26,155,84,72,0
349,강서구,1150010100,염창동,0,2,0,0,1,40,4,15,8,132,6,11,51,3,26,38,14,0
350,강서구,1150010400,가양동,0,0,0,0,0,20,1,20,5,41,6,20,46,11,32,38,18,0
351,강서구,1150010200,등촌동,1,5,0,0,1,70,2,37,19,187,10,21,140,15,81,79,44,0
352,강서구,1150010300,화곡동,1,6,0,9,1,160,5,56,16,341,36,28,263,38,321,175,104,0
353,강서구,1150010500,마곡동,1,7,2,0,0,190,2,60,8,223,12,63,295,10,103,100,50,0
354,강서구,1150010600,내발산동,0,2,0,2,0,10,2,16,6,292,12,13,68,5,46,61,17,0
355,강서구,1150010700,외발산동,0,0,0,0,0,0,0,0,0,1,0,3,4,2,2,0,2,0
356,강서구,1150010800,공항동,1,0,0,1,1,0,0,4,3,18,2,8,37,5,21,21,23,0
357,강서구,1150010900,방화동,7,2,0,1,0,50,7,15,8,108,12,17,111,15,103,53,36,0
358,강서구,1150011100,과해동,0,0,0,0,0,0,0,0,0,0,0,0,2,1,0,1,0,0
359,강서구,1150011200,오곡동,0,0,0,0,0,0,0,0,0,0,0,0,0,0,0,0,0,0
360,강서구,1150011300,오쇠동,0,0,0,0,0,0,0,0,0,0,0,0,1,0,0,0,0,0
361,강서구,1150011000,개화동,1,0,0,0,0,0,0,0,0,0,0,4,3,1,15,0,0,0
362,구로구,1153010100,신도림동,2,3,1,0,1,40,2,8,7,102,10,9,49,5,78,61,17,1
363,구로구,1153010200,구로동,4,7,0,6,1,100,2,39,20,177,14,37,223,39,734,256,93,1
364,구로구,1153010300,가리봉동,0,0,0,1,0,0,0,1,0,3,0,1,9,2,208,11,7,0
365,구로구,1153010600,고척동,0,1,2,2,1,100,3,13,14,93,10,10,47,7,314,85,33,0
366,구로구,1153010700,개봉동,1,0,0,1,0,110,2,15,5,128,12,11,71,9,289,132,35,0
367,구로구,1153010800,오류동,0,2,0,1,0,20,0,10,2,59,6,12,39,8,289,77,27,0
368,구로구,1153011100,천왕동,0,0,0,0,0,10,0,2,0,44,2,9,10,3,22,20,3,0
369,구로구,1153010900,궁동,0,0,0,1,0,0,1,0,1,19,2,2,10,1,72,10,9,0
370,구로구,1153011000,온수동,0,0,0,1,0,0,0,2,0,11,0,2,11,2,62,7,8,0
371,구로구,1153011200,항동,0,0,0,0,0,100,0,4,0,34,4,15,16,0,13,4,11,0
372,금천구,1154510100,가산동,3,9,0,1,4,10,4,24,13,36,2,27,212,19,93,19,85,0
373,금천구,1154510200,독산동,0,1,0,5,0,160,3,21,14,129,18,33,122,21,539,44,73,0
374,금천구,1154510300,시흥동,1,2,0,4,1,100,0,23,6,158,14,22,88,16,449,63,51,0
375,영등포구,1156010100,영등포동,1,0,1,2,0,20,1,2,2,24,2,7,27,2,42,16,8,1
376,영등포구,1156013200,신길동,3,1,0,5,1,160,0,27,10,189,24,20,97,14,165,124,62,0
377,영등포구,1156010200,영등포동1가,0,1,0,0,0,0,0,1,0,5,0,2,3,1,0,0,3,0
378,영등포구,1156010300,영등포동2가,0,0,0,0,0,0,0,1,0,2,0,0,23,0,6,1,7,0
379,영등포구,1156010400,영등포동3가,0,1,0,0,1,0,0,0,0,11,0,2,19,1,44,19,7,0
380,영등포구,1156010500,영등포동4가,0,4,0,0,0,0,2,2,0,8,4,4,44,5,29,28,8,1
381,영등포구,1156010600,영등포동5가,1,0,0,0,0,0,0,1,0,5,0,0,4,0,19,16,0,0
382,영등포구,1156010700,영등포동6가,0,1,0,0,0,0,0,0,1,8,0,1,7,0,15,11,3,0
383,영등포구,1156010800,영등포동7가,0,0,0,0,0,10,0,4,1,11,4,3,18,1,24,8,10,0
384,영등포구,1156010900,영등포동8가,0,1,0,0,0,10,1,4,1,13,2,3,16,2,3,10,5,0
385,영등포구,1156011000,여의도동,4,19,0,0,1,70,0,27,25,100,6,44,255,11,106,80,53,1
386,영등포구,1156011100,당산동1가,0,0,0,0,0,0,0,2,2,7,2,0,15,0,11,9,6,0
387,영등포구,1156011200,당산동2가,0,0,0,0,0,0,0,0,0,9,0,2,7,0,0,9,6,0
388,영등포구,1156011300,당산동3가,2,1,0,1,0,0,0,6,2,15,0,3,31,6,22,15,12,0
389,영등포구,1156011400,당산동4가,0,0,0,0,0,0,0,5,0,29,2,7,30,0,7,14,5,0
390,영등포구,1156011500,당산동5가,0,1,0,0,0,20,1,7,2,57,4,1,15,7,7,28,5,0
391,영등포구,1156011600,당산동6가,2,2,0,0,0,0,0,6,5,7,0,2,13,0,43,26,11,0
392,영등포구,1156011700,당산동,0,0,0,1,0,0,0,1,2,6,0,2,9,0,0,2,7,0
393,영등포구,1156011800,도림동,0,0,0,1,0,0,0,4,2,27,2,5,20,0,43,16,10,0
394,영등포구,1156011900,문래동1가,0,0,0,0,0,0,0,0,0,5,0,0,6,0,0,0,2,0
395,영등포구,1156012000,문래동2가,0,0,0,0,0,0,0,0,0,7,0,0,11,0,15,3,3,0
396,영등포구,1156012100,문래동3가,1,3,0,0,0,20,0,11,6,38,4,5,49,4,16,52,12,0
397,영등포구,1156012200,문래동4가,0,0,0,0,0,0,0,0,0,5,0,1,7,0,0,2,2,0
398,영등포구,1156012300,문래동5가,0,0,0,0,0,0,0,1,2,6,0,0,5,0,4,2,3,0
399,영등포구,1156012400,문래동6가,0,0,2,0,0,10,0,3,2,21,0,2,9,0,1,19,6,0
400,영등포구,1156012500,양평동1가,0,1,0,0,0,0,0,1,0,14,2,5,16,1,8,10,2,0
401,영등포구,1156012600,양평동2가,0,0,0,0,0,0,0,2,3,3,2,3,11,2,18,11,5,0
402,영등포구,1156012700,양평동3가,0,0,0,0,1,0,0,5,0,22,0,5,16,2,18,7,13,0
403,영등포구,1156012800,양평동4가,0,2,0,0,0,0,0,3,5,10,2,3,26,0,4,9,8,0
404,영등포구,1156012900,양평동5가,1,1,0,0,0,0,0,3,0,13,0,0,12,0,16,10,5,0
405,영등포구,1156013000,양평동6가,0,0,0,0,0,0,0,0,0,0,0,0,2,0,0,0,3,0
406,영등포구,1156013100,양화동,0,0,3,0,0,0,0,0,0,0,0,1,0,0,1,0,2,0
407,영등포구,1156013400,양평동,0,0,2,0,0,0,0,0,0,0,0,1,0,0,1,0,0,0
408,영등포구,1156013300,대림동,2,0,2,2,0,70,0,5,8,60,4,10,61,3,119,83,29,0
409,동작구,1159010100,노량진동,2,2,2,3,1,20,0,11,0,156,2,6,78,5,100,13,19,0
410,동작구,1159010400,본동,0,0,3,0,0,10,0,1,0,18,0,2,4,2,18,3,4,0
411,동작구,1159010200,상도동,2,3,0,5,1,80,1,19,10,173,10,9,90,21,250,56,39,0
412,동작구,1159010300,상도1동,0,1,0,0,0,0,0,3,0,22,4,1,26,3,30,6,13,0
413,동작구,1159010500,흑석동,0,1,0,0,1,50,0,5,3,58,4,11,41,8,60,7,11,0
414,동작구,1159010700,사당동,3,3,0,4,1,90,1,16,9,191,16,12,124,12,194,59,43,0
415,동작구,1159010600,동작동,0,0,0,0,0,10,1,1,0,4,0,1,3,1,16,0,2,0
416,동작구,1159010800,대방동,2,0,0,1,0,30,2,13,5,138,4,10,31,6,70,24,15,0
417,동작구,1159010900,신대방동,0,1,2,1,0,40,1,13,10,89,0,14,64,8,82,24,21,0
418,관악구,1162010100,봉천동,3,7,0,5,0,160,3,71,26,369,30,47,281,35,328,149,127,0
419,관악구,1162010300,남현동,0,1,0,1,0,0,1,5,2,24,2,2,25,5,11,14,13,0
420,관악구,1162010200,신림동,1,4,0,10,1,100,2,66,14,298,26,46,301,40,467,130,160,0
421,서초구,1165010800,서초동,5,21,0,0,3,180,4,120,67,519,24,29,366,37,165,111,120,0
422,서초구,1165010100,방배동,2,9,2,2,1,140,1,56,34,419,34,30,210,17,130,97,68,0
423,서초구,1165010600,잠원동,1,5,0,0,0,50,0,16,13,283,10,13,63,5,64,58,22,1
424,서초구,1165010700,반포동,6,9,5,2,0,90,2,39,24,428,22,25,141,12,115,103,46,1
425,서초구,1165010200,양재동,3,3,1,3,2,30,1,20,19,105,10,20,142,18,67,54,53,0
426,서초구,1165010300,우면동,0,0,0,0,0,20,0,8,1,71,4,10,37,3,22,29,10,0
427,서초구,1165010400,원지동,0,0,0,0,0,0,0,0,0,0,0,3,9,0,0,0,0,0
428,서초구,1165010900,내곡동,0,0,0,0,0,20,0,0,0,18,0,6,6,0,7,11,1,0
429,서초구,1165011000,염곡동,0,0,0,0,0,0,0,0,0,1,0,4,6,0,1,3,0,0
430,서초구,1165011100,신원동,0,1,0,0,0,10,0,0,0,7,2,8,16,0,5,8,6,0
431,강남구,1168010700,신사동,1,9,0,1,2,10,0,57,26,466,16,10,235,8,218,16,61,0
432,강남구,1168011000,압구정동,0,0,0,0,0,0,0,2,3,40,4,3,25,0,70,1,5,3
433,강남구,1168010800,논현동,3,12,0,1,2,10,0,77,48,178,22,11,271,24,502,8,103,0
434,강남구,1168010400,청담동,0,6,0,0,1,10,3,60,28,119,24,5,101,3,214,5,41,1
435,강남구,1168010500,삼성동,2,15,0,0,2,40,0,38,39,141,16,18,228,19,296,2,71,1
436,강남구,1168010600,대치동,2,16,0,2,1,80,1,58,52,1620,16,20,250,20,367,11,84,1
437,강남구,1168010100,역삼동,4,25,0,2,2,60,2,90,66,388,30,23,503,38,430,14,162,0
438,강남구,1168011800,도곡동,3,2,0,2,0,0,1,27,24,162,10,9,83,7,166,9,27,0
439,강남구,1168010300,개포동,2,1,0,0,0,30,0,12,14,195,16,22,69,11,330,13,29,0
440,강남구,1168011400,일원동,3,0,0,1,0,30,1,7,13,106,8,11,37,3,99,4,13,0
441,강남구,1168011100,세곡동,0,1,0,0,0,20,1,2,1,40,2,8,19,3,39,3,5,0
442,강남구,1168011200,자곡동,0,0,0,0,0,10,1,1,2,43,6,7,15,0,20,2,16,0
443,강남구,1168011300,율현동,0,0,0,0,0,0,1,1,1,4,0,4,6,1,38,2,2,0
444,강남구,1168011500,수서동,2,2,0,0,0,20,0,4,6,28,2,6,36,4,70,1,13,0
445,송파구,1171010300,풍납동,0,0,0,0,0,40,0,6,3,91,4,15,22,3,27,6,11,0
446,송파구,1171011300,거여동,1,1,0,2,0,200,0,11,5,99,12,13,26,2,13,19,16,0
447,송파구,1171011400,마천동,0,1,0,1,0,0,0,2,3,51,4,10,21,7,25,14,10,0
448,송파구,1171011100,방이동,4,4,1,1,0,40,6,31,17,272,12,27,81,11,29,20,31,0
449,송파구,1171011200,오금동,2,1,0,0,0,70,0,12,13,148,16,13,28,4,25,5,16,0
450,송파구,1171010400,송파동,0,2,0,1,1,30,0,31,9,164,18,9,69,6,23,16,19,0
451,송파구,1171010500,석촌동,2,1,0,1,0,30,1,18,6,112,10,3,39,5,21,15,19,0
452,송파구,1171010600,삼전동,0,1,0,2,0,20,0,19,8,127,10,5,30,5,14,11,14,0
453,송파구,1171010700,가락동,5,4,0,1,1,160,1,20,19,221,10,18,101,9,38,31,27,0
454,송파구,1171010800,문정동,0,5,0,2,0,50,2,35,16,159,16,27,157,17,15,18,32,0
455,송파구,1171010900,장지동,2,1,0,0,0,130,1,8,0,125,4,23,27,6,10,13,9,0
456,송파구,1171010100,잠실동,4,3,12,0,2,0,3,42,15,280,20,30,110,11,48,36,24,1
457,송파구,1171010200,신천동,2,3,0,0,0,20,1,15,5,109,6,14,63,7,22,12,7,1
458,강동구,1174011000,강일동,0,1,0,0,0,70,0,3,1,80,4,15,16,10,16,9,16,0
459,강동구,1174010300,상일동,0,1,0,0,1,130,0,5,6,37,4,12,39,2,41,20,16,0
460,강동구,1174010100,명일동,1,3,0,2,0,20,3,17,12,343,6,13,70,11,58,9,20,0
461,강동구,1174010200,고덕동,0,1,0,0,0,80,1,6,1,110,8,15,46,2,90,7,14,0
462,강동구,1174010700,암사동,1,1,0,2,0,30,4,16,8,197,10,11,70,4,133,11,33,0
463,강동구,1174010900,천호동,1,4,0,3,1,70,6,14,7,124,8,15,131,17,266,12,68,1
464,강동구,1174010800,성내동,4,4,0,2,0,50,2,30,14,190,16,18,143,20,156,12,58,0
465,강동구,1174010500,길동,0,2,0,1,0,20,1,18,9,100,16,9,63,10,119,10,38,0
466,강동구,1174010600,둔촌동,1,0,0,0,1,0,0,8,6,76,6,11,35,4,65,0,17,0
