,SI_DO,GU,DONG_CODE,DONG,SUBWAY_NUM,STARBUCKS_NUM,SPORT_NUM,SAFE_DLVR_NUM,POLICE_NUM,PHARM_NUM,NOISE_VIBRATION_NUM,MID_SCH_NUM,MC_NUM,LEISURE_NUM,KINDER_NUM,KIDS_NUM,HOSPITAL_NUM,HIGH_SCH_NUM,GYM_NUM,GOLF_NUM,FIRE_NUM,ELE_SCH_NUM,DPTM_NUM,CON_NUM,CHILD_MED_NUM,CCTV_NUM,CAR_SHR_NUM,CAFE_NUM,BUS_NUM,BIKE_NUM,ANI_HSPT_NUM,ACADEMY_NUM,STD_DAY
0,서울특별시,종로구,1111010100,청운동,0,0,0,0,0,0,2016,1,0,0,0,0,0,2,0,0,0,2,0,2,0,12,0,8,3,2,0,2,2022-10-28
1,서울특별시,종로구,1111010200,신교동,0,0,0,0,0,0,2016,0,0,0,0,0,2,0,0,0,1,0,0,0,0,14,0,1,0,0,1,5,2022-10-28
2,서울특별시,종로구,1111010300,궁정동,0,0,0,0,1,0,2016,0,0,0,0,0,0,0,0,0,0,0,0,0,0,0,0,1,1,0,0,0,2022-10-28
3,서울특별시,종로구,1111010400,효자동,0,0,0,0,0,0,2016,0,0,0,0,0,0,0,0,0,0,0,0,0,0,0,0,5,0,1,0,0,2022-10-28
4,서울특별시,종로구,1111010500,창성동,0,0,0,0,0,1,2016,0,0,0,0,0,3,0,0,0,0,0,0,2,2,0,0,3,1,1,0,1,2022-10-28
5,서울특별시,종로구,1111010800,통인동,0,0,0,0,0,0,2016,0,0,0,0,0,1,0,0,0,0,0,0,0,0,0,0,4,1,0,1,5,2022-10-28
6,서울특별시,종로구,1111010900,누상동,0,0,0,0,0,0,2016,1,0,0,0,0,0,0,0,0,0,0,0,0,0,10,0,1,1,0,0,1,2022-10-28
7,서울특별시,종로구,1111011000,누하동,0,0,0,0,0,1,2016,0,0,0,0,0,2,1,0,0,0,0,0,0,2,3,0,8,1,0,0,2,2022-10-28
8,서울특별시,종로구,1111011100,옥인동,0,0,0,1,1,2,2016,0,0,1,0,0,1,0,0,0,0,0,0,0,3,15,0,5,0,0,0,2,2022-10-28
9,서울특별시,종로구,1111011900,세종로,1,1,0,0,0,1,2016,0,0,0,0,0,8,0,0,0,0,0,0,0,1,8,3,11,11,5,0,0,2022-10-28
10,서울특별시,종로구,1111010600,통의동,0,1,0,0,1,0,2016,0,0,0,0,0,4,0,1,0,0,0,0,0,0,9,0,8,0,0,0,1,2022-10-28
11,서울특별시,종로구,1111010700,적선동,1,2,0,0,0,3,2016,0,0,0,0,0,13,0,1,0,0,0,0,0,5,0,1,15,0,0,0,0,2022-10-28
12,서울특별시,종로구,1111011200,체부동,0,0,0,0,0,0,2016,0,0,0,0,0,1,0,0,0,0,0,0,4,0,5,0,10,1,0,0,0,2022-10-28
13,서울특별시,종로구,1111011300,필운동,0,0,0,0,0,0,2016,0,0,0,0,0,0,0,0,0,0,2,0,2,0,5,0,4,0,0,0,9,2022-10-28
14,서울특별시,종로구,1111011400,내자동,0,0,0,0,0,5,2016,0,0,0,0,0,9,0,2,0,0,0,0,0,5,3,0,4,2,2,1,5,2022-10-28
15,서울특별시,종로구,1111011500,사직동,0,1,0,0,1,1,2016,0,0,0,0,0,1,0,2,2,0,0,0,2,0,8,0,10,7,2,0,0,2022-10-28
16,서울특별시,종로구,1111011600,도렴동,0,0,0,0,0,1,2016,0,0,0,0,0,2,0,0,0,0,0,0,2,0,0,0,5,0,0,0,0,2022-10-28
17,서울특별시,종로구,1111011700,당주동,0,1,0,0,0,2,2016,0,0,0,0,0,13,0,1,0,0,0,0,0,0,0,0,14,0,0,0,0,2022-10-28
18,서울특별시,종로구,1111011800,내수동,0,0,0,0,0,0,2016,0,0,1,0,0,5,0,7,1,0,0,0,6,0,0,2,8,0,1,0,2,2022-10-28
19,서울특별시,종로구,1111012000,신문로1가,0,1,0,0,1,5,2016,0,0,0,0,0,20,0,2,0,0,0,0,4,0,3,0,11,5,2,0,1,2022-10-28
20,서울특별시,종로구,1111012100,신문로2가,0,1,0,0,0,0,2016,0,0,0,10,0,4,0,2,0,0,0,0,0,0,6,1,8,0,3,0,1,2022-10-28
21,서울특별시,종로구,1111013900,팔판동,0,0,0,0,0,0,2016,0,0,0,0,0,0,0,0,0,0,0,0,0,0,0,0,4,0,1,0,0,2022-10-28
22,서울특별시,종로구,1111014000,삼청동,0,1,1,0,0,0,2016,0,0,0,10,0,0,0,2,0,0,0,0,0,0,14,0,19,3,3,0,1,2022-10-28
23,서울특별시,종로구,1111014100,안국동,1,0,0,0,0,1,2016,0,0,0,0,0,5,1,0,0,0,0,0,0,1,4,1,12,3,2,0,0,2022-10-28
24,서울특별시,종로구,1111014200,소격동,0,0,0,0,1,1,2016,0,0,0,0,0,2,0,1,0,0,0,0,0,0,0,0,7,1,1,0,0,2022-10-28
25,서울특별시,종로구,1111014300,화동,0,0,0,0,0,0,2016,0,0,0,0,0,0,0,0,0,0,0,0,0,0,1,0,5,1,0,0,0,2022-10-28
26,서울특별시,종로구,1111014400,사간동,0,0,0,0,0,0,2016,0,0,0,0,0,0,0,0,0,0,0,0,2,0,3,0,4,0,0,0,1,2022-10-28
27,서울특별시,종로구,1111014500,송현동,0,0,0,0,0,0,2016,1,0,0,0,0,0,0,0,0,0,0,0,0,0,0,0,1,0,0,0,0,2022-10-28
28,서울특별시,종로구,1111018400,부암동,0,0,0,0,0,0,2016,0,0,0,0,0,2,0,1,0,0,0,0,2,2,15,2,13,5,2,0,5,2022-10-28
29,서울특별시,종로구,1111018500,홍지동,0,0,0,0,1,0,2016,1,0,0,0,0,1,1,0,0,0,2,0,6,1,7,1,10,10,1,2,1,2022-10-28
30,서울특별시,종로구,1111018600,신영동,0,0,0,0,0,1,2016,0,0,0,0,0,1,0,1,2,1,2,0,0,2,19,2,7,3,2,1,18,2022-10-28
31,서울특별시,종로구,1111018200,구기동,0,0,0,0,0,2,2016,0,0,0,0,0,5,0,1,1,0,0,0,2,3,3,0,7,8,2,0,5,2022-10-28
32,서울특별시,종로구,1111018300,평창동,0,1,0,0,1,3,2016,0,0,0,0,0,9,1,4,4,0,0,0,4,7,18,0,29,17,5,0,23,2022-10-28
33,서울특별시,종로구,1111018700,무악동,0,0,0,0,0,5,2016,0,0,0,10,0,5,0,0,1,0,2,0,2,3,13,1,10,2,3,0,20,2022-10-28
34,서울특별시,종로구,1111017600,교남동,0,0,0,0,0,2,2016,0,0,0,0,0,3,0,2,0,0,0,0,4,1,3,0,0,3,0,0,0,2022-10-28
35,서울특별시,종로구,1111017700,평동,1,3,0,0,0,9,2016,0,0,0,10,0,7,0,0,0,0,0,0,4,2,0,0,12,4,2,0,0,2022-10-28
36,서울특별시,종로구,1111017800,송월동,0,0,0,0,0,2,2016,0,0,0,0,0,0,0,0,0,0,0,0,0,1,0,0,0,0,0,0,1,2022-10-28
37,서울특별시,종로구,1111017900,홍파동,0,0,0,0,0,1,2016,0,0,0,10,0,1,0,0,0,0,0,0,0,0,0,0,1,1,2,1,8,2022-10-28
38,서울특별시,종로구,1111018000,교북동,0,1,0,0,0,3,2016,0,0,0,0,1,7,0,0,0,0,0,0,0,1,0,0,4,2,1,0,5,2022-10-28
39,서울특별시,종로구,1111018100,행촌동,0,0,0,0,1,0,2016,2,0,0,10,0,2,2,0,0,0,0,0,0,1,6,0,1,2,0,0,6,2022-10-28
40,서울특별시,종로구,1111014600,가회동,0,0,0,0,0,0,2016,0,0,0,0,0,2,0,0,0,0,2,0,0,1,3,0,10,4,2,0,0,2022-10-28
41,서울특별시,종로구,1111014700,재동,0,1,0,0,0,0,2016,0,0,0,0,0,3,0,0,0,0,0,0,4,1,4,0,11,4,1,0,0,2022-10-28
42,서울특별시,종로구,1111014800,계동,0,1,0,0,0,1,2016,1,0,0,0,0,3,2,0,0,0,0,0,4,1,3,0,27,4,0,0,2,2022-10-28
43,서울특별시,종로구,1111014900,원서동,0,0,0,0,0,0,2016,0,0,1,0,0,0,0,1,0,0,0,0,0,0,23,0,5,3,1,0,0,2022-10-28
44,서울특별시,종로구,1111012200,청진동,0,2,0,0,0,10,2016,0,0,0,10,0,30,0,0,0,0,0,0,8,2,0,3,23,0,0,0,2,2022-10-28
45,서울특별시,종로구,1111012300,서린동,0,1,0,0,0,2,2016,0,0,0,0,0,10,0,1,0,0,0,0,2,0,0,2,14,1,3,0,5,2022-10-28
46,서울특별시,종로구,1111012400,수송동,0,3,0,0,1,2,2016,0,0,0,20,0,10,0,0,0,3,0,0,6,3,0,0,12,0,0,0,1,2022-10-28
47,서울특별시,종로구,1111012500,중학동,0,1,0,0,0,0,2016,0,0,0,0,0,0,0,0,0,0,0,0,0,0,0,0,4,0,1,0,0,2022-10-28
48,서울특별시,종로구,1111012600,종로1가,1,1,0,0,0,1,2016,0,0,0,0,0,5,0,2,0,0,0,0,1,0,0,1,17,4,0,0,2,2022-10-28
49,서울특별시,종로구,1111012700,공평동,0,0,0,0,0,0,2016,0,0,0,10,0,3,0,1,0,0,0,0,4,0,3,0,11,2,2,0,0,2022-10-28
50,서울특별시,종로구,1111012800,관훈동,0,0,0,0,0,1,2016,0,0,0,0,0,2,0,0,0,0,0,0,0,0,0,1,11,1,0,0,0,2022-10-28
51,서울특별시,종로구,1111012900,견지동,0,0,0,0,0,1,2016,0,0,0,0,0,7,0,1,0,0,0,0,4,0,0,0,5,4,1,0,1,2022-10-28
52,서울특별시,종로구,1111013000,와룡동,0,0,0,0,0,0,2016,0,0,0,0,0,2,0,0,0,0,0,0,2,0,6,0,9,4,3,0,1,2022-10-28
53,서울특별시,종로구,1111013100,권농동,0,0,0,0,0,0,2016,0,0,0,0,0,0,0,0,0,0,0,0,0,0,0,0,0,1,0,0,0,2022-10-28
54,서울특별시,종로구,1111013200,운니동,0,0,0,0,0,0,2016,0,0,0,0,0,1,0,0,0,0,2,0,2,0,0,0,4,1,2,0,0,2022-10-28
55,서울특별시,종로구,1111013300,익선동,0,0,0,0,0,0,2016,0,0,1,0,1,0,0,0,0,0,0,0,2,0,3,0,6,0,2,0,0,2022-10-28
56,서울특별시,종로구,1111013400,경운동,0,0,0,0,0,2,2016,0,0,0,0,0,8,0,0,1,0,2,0,0,1,1,1,1,4,0,0,2,2022-10-28
57,서울특별시,종로구,1111013500,관철동,0,1,0,0,1,3,2016,0,0,3,0,0,20,0,1,2,0,0,0,6,2,6,0,23,2,1,0,32,2022-10-28
58,서울특별시,종로구,1111013600,인사동,0,0,0,0,0,0,2016,0,0,0,0,0,2,0,0,0,0,0,0,0,0,3,2,1,0,0,0,4,2022-10-28
59,서울특별시,종로구,1111013700,낙원동,0,0,0,0,0,2,2016,0,0,0,0,0,4,0,1,0,0,0,0,6,0,6,2,6,0,1,0,5,2022-10-28
60,서울특별시,종로구,1111013800,종로2가,0,1,0,0,1,4,2016,0,0,0,0,0,10,0,0,0,0,0,0,0,3,7,1,25,10,3,0,17,2022-10-28
61,서울특별시,종로구,1111015000,훈정동,0,0,0,0,0,0,2016,0,0,0,0,0,0,0,0,0,0,0,0,0,0,6,0,0,0,1,0,0,2022-10-28
62,서울특별시,종로구,1111015100,묘동,1,0,0,0,0,1,2016,0,0,0,0,0,2,0,0,0,1,0,0,2,0,1,0,10,0,1,0,7,2022-10-28
63,서울특별시,종로구,1111015200,봉익동,0,0,0,0,0,0,2016,0,0,0,0,0,0,0,0,0,0,0,0,0,0,0,0,6,0,0,0,0,2022-10-28
64,서울특별시,종로구,1111015300,돈의동,1,0,0,0,0,0,2016,0,0,0,0,0,2,0,0,0,0,0,0,5,0,15,0,5,0,0,0,1,2022-10-28
65,서울특별시,종로구,1111015400,장사동,0,0,0,0,0,0,2016,0,0,0,0,0,0,0,0,0,0,0,0,0,0,2,0,5,0,0,0,1,2022-10-28
66,서울특별시,종로구,1111015500,관수동,0,1,0,0,0,0,2016,0,0,0,0,0,4,0,0,0,0,0,0,6,1,6,0,12,1,1,0,8,2022-10-28
67,서울특별시,종로구,1111015600,종로3가,1,1,0,0,0,5,2016,0,1,0,0,0,20,0,1,0,0,0,0,0,4,11,0,10,10,2,0,5,2022-10-28
68,서울특별시,종로구,1111015700,인의동,0,1,0,0,0,0,2016,0,0,0,10,0,3,0,0,1,0,0,0,0,1,0,1,8,2,2,0,6,2022-10-28
69,서울특별시,종로구,1111015800,예지동,0,0,0,0,0,0,2016,0,0,0,0,0,0,0,0,0,0,0,0,0,0,1,1,3,1,0,0,0,2022-10-28
70,서울특별시,종로구,1111015900,원남동,0,0,0,0,0,4,2016,0,0,0,0,0,0,0,2,1,0,0,0,0,0,0,0,8,3,1,0,0,2022-10-28
71,서울특별시,종로구,1111016100,종로4가,0,0,0,0,0,8,2016,0,0,0,0,0,11,0,0,0,0,0,0,0,3,2,2,5,8,1,0,2,2022-10-28
72,서울특별시,종로구,1111016000,연지동,0,0,0,0,0,0,2016,0,0,0,20,0,0,0,0,0,0,0,0,0,1,4,0,14,0,2,0,1,2022-10-28
73,서울특별시,종로구,1111016200,효제동,0,0,0,0,0,1,2016,0,0,0,0,0,8,0,0,0,0,2,0,0,4,3,0,8,0,1,0,0,2022-10-28
74,서울특별시,종로구,1111016300,종로5가,1,0,0,0,1,26,2016,0,0,0,0,0,49,0,0,0,0,0,0,0,18,11,0,19,9,3,0,4,2022-10-28
75,서울특별시,종로구,1111016400,종로6가,1,0,0,0,1,5,2016,0,0,0,0,0,25,0,0,0,0,0,0,0,9,11,0,19,2,0,0,2,2022-10-28
76,서울특별시,종로구,1111016700,충신동,0,0,0,0,0,1,2016,0,0,0,0,0,2,0,0,0,0,0,0,0,1,9,0,2,2,2,0,0,2022-10-28
77,서울특별시,종로구,1111016500,이화동,0,0,0,0,0,0,2016,0,0,0,0,0,1,0,1,0,0,0,0,2,0,2,1,6,1,1,0,2,2022-10-28
78,서울특별시,종로구,1111016600,연건동,0,2,0,0,0,9,2016,0,0,0,0,0,4,0,2,1,1,0,0,0,1,13,2,20,9,2,0,0,2022-10-28
79,서울특별시,종로구,1111016800,동숭동,0,2,0,0,1,2,2016,1,1,0,0,0,8,0,0,0,0,2,0,6,4,20,4,33,0,1,0,6,2022-10-28
80,서울특별시,종로구,1111016900,혜화동,0,1,0,0,1,4,2016,3,0,0,0,0,12,3,2,0,0,2,0,6,9,18,0,17,5,5,0,13,2022-10-28
81,서울특별시,종로구,1111017000,명륜1가,0,0,0,0,1,2,2016,0,0,0,0,0,5,1,0,0,0,0,0,2,7,21,0,4,4,0,0,15,2022-10-28
82,서울특별시,종로구,1111017100,명륜2가,0,0,0,0,0,3,2016,0,1,1,0,0,8,0,2,0,0,0,0,2,6,3,2,18,3,2,1,7,2022-10-28
83,서울특별시,종로구,1111017200,명륜4가,1,0,0,0,0,8,2016,0,0,2,0,0,1,0,1,0,0,0,0,4,4,3,0,15,0,1,0,1,2022-10-28
84,서울특별시,종로구,1111017300,명륜3가,0,1,0,1,0,1,2016,0,0,0,0,0,1,0,0,0,0,0,0,2,2,24,0,12,8,0,0,4,2022-10-28
85,서울특별시,종로구,1111017400,창신동,2,0,0,1,2,14,2016,0,1,0,0,0,50,1,3,1,0,4,0,14,29,39,0,36,7,8,1,13,2022-10-28
86,서울특별시,종로구,1111017500,숭인동,2,1,0,2,1,7,2016,0,0,3,10,0,28,0,5,2,1,0,0,18,21,35,4,21,9,4,2,16,2022-10-28
87,서울특별시,중구,1114011100,소공동,0,2,0,0,0,3,1060,0,0,0,0,0,7,0,0,0,0,0,1,10,4,6,2,20,1,2,0,1,2022-10-28
88,서울특별시,중구,1114011300,북창동,0,0,0,0,0,0,1060,0,0,0,0,0,4,0,0,0,0,0,0,8,1,13,1,6,0,0,0,1,2022-10-28
89,서울특별시,중구,1114011400,태평로2가,0,1,0,0,0,3,1060,0,0,0,0,0,11,0,1,0,0,0,0,6,1,3,1,19,6,0,0,2,2022-10-28
90,서울특별시,중구,1114011500,남대문로2가,0,0,0,0,0,0,1060,0,0,0,0,0,1,0,0,0,0,0,1,0,0,4,0,9,6,0,0,0,2022-10-28
91,서울특별시,중구,1114011600,남대문로3가,0,0,0,0,0,3,1060,0,0,0,0,0,2,0,0,0,0,0,0,0,1,9,0,2,3,1,0,0,2022-10-28
92,서울특별시,중구,1114011700,남대문로4가,0,2,0,0,0,4,1060,0,0,0,0,0,5,0,1,0,0,0,0,2,2,3,0,6,2,1,0,0,2022-10-28
93,서울특별시,중구,1114011900,봉래동1가,0,0,0,0,0,0,1060,0,0,0,0,0,5,0,1,0,0,0,0,2,1,2,1,7,2,0,0,0,2022-10-28
94,서울특별시,중구,1114016600,서소문동,1,3,0,0,1,4,1060,0,0,0,0,0,25,0,2,1,0,0,0,6,9,5,2,27,3,3,0,0,2022-10-28
95,서울특별시,중구,1114016700,정동,1,0,0,0,0,0,1060,1,0,0,0,0,1,2,2,1,0,2,0,4,0,40,1,13,4,1,0,3,2022-10-28
96,서울특별시,중구,1114016800,순화동,0,2,0,0,0,1,1060,0,0,0,0,0,8,1,1,0,0,0,0,16,1,4,0,16,1,2,0,1,2022-10-28
97,서울특별시,중구,1114016900,의주로1가,0,0,0,0,0,1,1060,0,0,0,0,0,3,0,0,0,0,0,0,2,2,3,1,1,3,0,0,0,2022-10-28
98,서울특별시,중구,1114017000,충정로1가,0,1,0,0,0,0,1060,0,0,0,10,0,2,0,0,1,0,0,0,2,1,0,0,7,0,0,0,1,2022-10-28
99,서울특별시,중구,1114011200,남창동,1,0,0,0,1,4,1060,0,0,0,0,0,17,0,0,0,0,0,0,4,6,33,0,26,6,1,0,0,2022-10-28
100,서울특별시,중구,1114011800,남대문로5가,2,5,0,0,0,5,1060,0,0,0,20,0,22,0,2,0,0,0,0,14,7,16,4,38,9,6,0,0,2022-10-28
101,서울특별시,중구,1114012000,봉래동2가,0,0,0,0,1,0,1060,0,0,0,0,0,1,0,0,0,0,0,0,0,0,12,2,5,11,1,0,0,2022-10-28
102,서울특별시,중구,1114012100,회현동1가,0,1,0,0,1,3,1060,0,0,0,0,0,12,0,1,0,0,0,0,12,3,32,2,24,4,2,0,1,2022-10-28
103,서울특별시,중구,1114012200,회현동2가,0,0,0,0,0,0,1060,0,0,0,0,0,1,0,1,0,1,0,0,4,1,9,0,8,2,1,0,0,2022-10-28
104,서울특별시,중구,1114012400,충무로1가,0,4,0,0,0,3,1060,0,0,0,0,0,17,0,1,0,0,0,1,10,2,7,0,22,2,3,0,1,2022-10-28
105,서울특별시,중구,1114010100,무교동,0,1,0,0,0,5,1060,0,0,0,0,0,20,0,2,0,0,0,0,4,4,0,0,8,0,1,0,1,2022-10-28
106,서울특별시,중구,1114010200,다동,0,1,0,0,1,2,1060,0,0,0,0,0,9,0,3,0,0,0,0,4,0,7,1,24,0,3,0,1,2022-10-28
107,서울특별시,중구,1114010300,태평로1가,0,1,0,0,1,0,1060,0,0,0,0,0,5,0,3,1,0,0,0,2,2,0,1,19,3,4,0,3,2022-10-28
108,서울특별시,중구,1114010400,을지로1가,0,1,0,0,0,2,1060,0,1,0,0,0,6,0,0,0,0,0,0,5,1,10,0,15,4,2,0,1,2022-10-28
109,서울특별시,중구,1114010500,을지로2가,0,5,0,0,0,6,1060,0,0,0,0,0,22,0,1,0,0,0,0,10,8,2,2,41,3,5,0,4,2022-10-28
110,서울특별시,중구,1114010600,남대문로1가,0,0,0,0,0,0,1060,0,0,0,0,0,0,0,0,0,0,0,0,2,0,0,0,2,1,0,0,0,2022-10-28
111,서울특별시,중구,1114010700,삼각동,0,1,0,0,0,1,1060,0,0,0,0,0,3,0,0,0,0,0,0,0,0,2,0,4,1,1,0,0,2022-10-28
112,서울특별시,중구,1114010800,수하동,0,0,0,0,0,2,1060,0,0,0,0,0,4,0,1,0,0,0,0,6,2,0,1,6,0,1,0,2,2022-10-28
113,서울특별시,중구,1114010900,장교동,0,0,0,0,0,1,1060,0,0,0,0,0,3,0,1,0,0,0,0,4,2,2,1,2,0,2,0,0,2022-10-28
114,서울특별시,중구,1114011000,수표동,0,1,0,0,0,1,1060,0,0,0,0,0,2,0,2,0,0,0,0,4,1,11,0,10,1,1,0,0,2022-10-28
115,서울특별시,중구,1114012300,회현동3가,0,0,0,0,0,0,1060,0,1,0,0,0,3,0,0,0,0,0,0,2,0,0,0,3,0,0,0,1,2022-10-28
116,서울특별시,중구,1114012500,충무로2가,1,1,0,0,0,5,1060,0,0,0,0,0,20,0,1,0,0,0,0,12,5,4,0,32,2,1,0,2,2022-10-28
117,서울특별시,중구,1114012600,명동1가,0,0,0,0,0,2,1060,0,1,0,0,0,8,0,1,2,0,0,0,2,4,4,0,18,0,0,0,0,2022-10-28
118,서울특별시,중구,1114012700,명동2가,0,3,0,0,1,4,1060,0,0,0,0,0,19,0,0,0,0,0,0,8,11,11,0,33,0,1,0,0,2022-10-28
119,서울특별시,중구,1114012800,남산동1가,0,0,0,0,0,1,1060,0,0,1,0,0,7,0,0,0,0,0,0,3,1,5,0,2,1,0,0,0,2022-10-28
120,서울특별시,중구,1114012900,남산동2가,0,0,0,1,0,1,1060,0,0,0,0,0,0,0,0,0,0,2,0,2,0,20,0,14,1,0,0,0,2022-10-28
121,서울특별시,중구,1114013000,남산동3가,0,1,0,0,0,0,1060,0,0,0,0,0,3,0,0,0,0,0,0,2,0,3,0,2,0,0,0,0,2022-10-28
122,서울특별시,중구,1114013100,저동1가,0,0,0,0,0,0,1060,0,0,0,0,0,2,0,1,0,0,0,0,2,0,7,0,5,2,1,0,0,2022-10-28
123,서울특별시,중구,1114014200,예장동,0,0,0,0,0,0,1060,0,0,0,0,0,0,1,1,0,0,4,0,2,0,13,0,5,4,0,0,0,2022-10-28
124,서울특별시,중구,1114013200,충무로4가,0,0,0,0,0,2,1060,0,0,0,0,0,6,0,0,0,0,0,0,2,4,8,0,14,1,1,1,1,2022-10-28
125,서울특별시,중구,1114013300,충무로5가,0,1,0,0,0,0,1060,0,0,0,0,0,3,0,0,0,0,0,0,6,1,10,1,7,1,0,0,0,2022-10-28
126,서울특별시,중구,1114013600,묵정동,0,0,0,0,0,2,1060,0,0,0,0,0,4,0,0,0,0,0,0,4,4,14,0,8,1,0,1,5,2022-10-28
127,서울특별시,중구,1114013700,필동1가,0,0,0,0,1,2,1060,0,0,0,0,0,5,0,0,0,0,0,0,6,3,4,0,8,4,0,0,2,2022-10-28
128,서울특별시,중구,1114013800,필동2가,2,2,0,0,0,2,1060,0,0,0,0,0,4,0,0,1,0,0,0,6,5,24,1,22,1,2,1,1,2022-10-28
129,서울특별시,중구,1114013900,필동3가,0,0,0,0,0,1,1060,0,0,0,0,0,1,0,0,0,0,0,0,4,1,13,0,16,0,1,0,1,2022-10-28
130,서울특별시,중구,1114014000,남학동,0,0,0,0,0,0,1060,0,0,0,0,0,0,0,0,0,0,0,0,0,0,2,0,1,0,1,0,0,2022-10-28
131,서울특별시,중구,1114014100,주자동,0,0,0,0,0,0,1060,0,0,1,0,0,0,0,0,0,0,0,0,0,0,0,0,2,0,0,0,0,2022-10-28
132,서울특별시,중구,1114014400,장충동2가,1,0,1,2,1,0,1060,0,0,0,0,0,2,0,0,0,0,2,0,8,0,58,2,18,6,5,0,0,2022-10-28
133,서울특별시,중구,1114015800,충무로3가,0,0,0,0,0,0,1060,0,0,0,0,0,5,0,2,0,1,0,0,8,0,4,2,14,0,0,0,0,2022-10-28
134,서울특별시,중구,1114014300,장충동1가,0,1,0,0,0,1,1060,0,0,0,0,0,3,0,0,0,0,0,0,4,2,23,1,8,1,1,0,0,2022-10-28
135,서울특별시,중구,1114013400,인현동2가,0,0,0,0,0,1,1060,1,0,0,0,0,1,0,0,0,0,0,0,0,1,2,0,8,0,0,0,0,2022-10-28
136,서울특별시,중구,1114013500,예관동,0,0,0,0,0,1,1060,0,0,0,0,0,0,0,0,0,0,0,0,2,1,3,0,3,1,0,0,0,2022-10-28
137,서울특별시,중구,1114014500,광희동1가,1,1,0,0,0,1,1060,0,0,0,0,0,1,0,0,0,0,0,0,4,1,7,0,10,1,1,0,1,2022-10-28
138,서울특별시,중구,1114014600,광희동2가,1,0,0,0,0,1,1060,0,0,0,0,0,4,0,0,0,0,0,0,4,1,19,0,5,3,1,0,0,2022-10-28
139,서울특별시,중구,1114014700,쌍림동,0,0,0,0,0,1,1060,0,0,0,0,0,6,0,1,0,0,0,0,4,4,0,1,13,1,1,0,0,2022-10-28
140,서울특별시,중구,1114014800,을지로6가,0,2,0,0,0,7,1060,0,0,5,0,1,19,0,0,1,0,0,0,14,8,35,3,61,5,1,0,1,2022-10-28
141,서울특별시,중구,1114014900,을지로7가,1,0,0,0,0,0,1060,0,0,0,0,0,1,0,0,0,0,0,0,2,0,5,1,8,4,1,0,0,2022-10-28
142,서울특별시,중구,1114015400,오장동,0,0,0,0,0,1,1060,0,0,0,0,0,0,0,0,1,0,0,0,6,1,11,0,12,0,0,0,1,2022-10-28
143,서울특별시,중구,1114015000,을지로4가,1,1,0,0,0,5,1060,0,0,0,0,0,17,0,1,0,0,0,0,6,7,6,0,14,1,1,0,0,2022-10-28
144,서울특별시,중구,1114015100,을지로5가,0,0,0,0,1,0,1060,0,0,0,0,0,4,0,0,0,0,0,0,6,2,2,0,9,3,2,3,0,2022-10-28
145,서울특별시,중구,1114015200,주교동,1,0,0,0,0,0,1060,0,0,0,0,0,2,0,0,0,0,0,0,4,0,9,0,17,2,0,0,0,2022-10-28
146,서울특별시,중구,1114015300,방산동,0,0,0,0,0,1,1060,0,0,0,0,0,3,0,0,0,0,0,0,0,2,1,0,4,2,0,0,0,2022-10-28
147,서울특별시,중구,1114015500,을지로3가,3,0,0,0,1,1,1060,0,0,0,0,0,5,0,0,1,0,0,0,4,1,20,0,21,3,0,0,1,2022-10-28
148,서울특별시,중구,1114015600,입정동,0,0,0,0,0,0,1060,0,0,0,0,0,1,0,0,0,0,0,0,0,0,3,0,3,0,0,0,0,2022-10-28
149,서울특별시,중구,1114015700,산림동,0,0,0,0,0,0,1060,0,0,0,0,0,0,0,0,0,0,0,0,0,0,3,0,5,0,0,0,0,2022-10-28
150,서울특별시,중구,1114015900,초동,0,0,0,0,0,3,1060,0,0,0,0,0,6,0,1,1,0,0,0,10,2,10,2,8,0,1,0,0,2022-10-28
151,서울특별시,중구,1114016000,인현동1가,0,0,0,0,0,1,1060,0,0,1,0,0,1,0,0,0,0,0,0,4,4,1,0,11,1,0,0,0,2022-10-28
152,서울특별시,중구,1114016100,저동2가,0,2,0,0,0,7,1060,0,0,0,0,0,7,0,0,1,0,0,0,2,10,2,0,20,0,1,0,0,2022-10-28
153,서울특별시,중구,1114016200,신당동,6,1,0,5,3,39,1060,5,0,0,20,1,131,5,20,2,2,12,0,89,125,321,13,146,22,14,9,94,2022-10-28
154,서울특별시,중구,1114016300,흥인동,1,2,0,0,0,3,1060,0,0,0,0,0,6,1,3,1,0,0,0,4,3,21,3,14,1,0,0,0,2022-10-28
155,서울특별시,중구,1114016400,무학동,0,0,0,0,0,2,1060,0,0,0,0,0,8,0,0,0,3,0,0,6,4,0,0,1,0,0,0,0,2022-10-28
156,서울특별시,중구,1114016500,황학동,0,1,0,0,0,10,1060,0,0,4,20,1,23,0,6,3,0,0,0,16,7,60,2,21,5,1,3,3,2022-10-28
157,서울특별시,중구,1114017100,중림동,0,0,0,0,1,6,1060,0,0,0,0,0,19,1,1,0,0,0,0,10,12,31,2,15,4,4,0,9,2022-10-28
158,서울특별시,중구,1114017200,의주로2가,0,0,0,0,0,0,1060,0,0,0,0,0,0,0,0,0,0,0,0,0,0,10,0,0,0,2,0,0,2022-10-28
159,서울특별시,중구,1114017300,만리동1가,0,0,0,0,0,0,1060,0,0,0,0,0,0,0,1,0,0,0,0,2,0,15,0,5,1,1,0,3,2022-10-28
160,서울특별시,중구,1114017400,만리동2가,0,0,0,0,0,2,1060,1,0,0,0,0,1,0,0,0,0,2,0,4,2,39,2,5,0,1,1,0,2022-10-28
161,서울특별시,용산구,1117010100,후암동,0,0,0,0,1,7,1625,0,0,0,10,0,18,0,1,1,1,4,0,16,5,24,3,14,11,2,2,28,2022-10-28
162,서울특별시,용산구,1117010200,용산동2가,0,1,0,0,0,4,1625,2,0,2,0,0,7,2,1,0,0,2,0,18,1,34,2,15,10,5,2,5,2022-10-28
163,서울특별시,용산구,1117010300,용산동4가,1,0,0,0,0,0,1625,0,0,0,0,0,0,0,0,0,0,0,0,2,0,0,0,0,1,1,0,0,2022-10-28
164,서울특별시,용산구,1117010400,갈월동,2,2,0,1,0,6,1625,0,0,3,0,1,29,0,2,0,0,0,0,10,1,6,1,15,4,2,0,12,2022-10-28
165,서울특별시,용산구,1117010500,남영동,0,0,0,0,0,3,1625,0,0,0,0,0,8,0,5,1,0,0,0,2,2,0,1,7,2,0,0,1,2022-10-28
166,서울특별시,용산구,1117010600,용산동1가,0,0,0,0,0,0,1625,0,0,0,0,0,0,0,0,0,0,0,0,0,0,0,0,3,0,2,0,0,2022-10-28
167,서울특별시,용산구,1117010700,동자동,2,3,0,0,0,4,1625,0,1,0,0,0,5,0,1,2,0,0,0,16,1,7,5,18,2,2,0,4,2022-10-28
168,서울특별시,용산구,1117010800,서계동,0,1,0,0,0,3,1625,1,0,0,0,0,8,1,1,0,0,0,0,6,1,6,2,9,3,0,0,2,2022-10-28
169,서울특별시,용산구,1117010900,청파동1가,0,0,0,0,0,2,1625,0,0,0,0,0,1,0,1,1,0,0,0,2,0,12,1,5,1,1,0,2,2022-10-28
170,서울특별시,용산구,1117011000,청파동2가,0,1,0,1,0,1,1625,0,0,0,0,0,3,0,1,0,0,2,0,4,0,9,1,32,5,1,1,4,2022-10-28
171,서울특별시,용산구,1117011100,청파동3가,0,1,0,0,0,4,1625,2,0,0,0,0,5,2,1,2,0,2,0,10,0,8,3,11,0,2,0,3,2022-10-28
172,서울특별시,용산구,1117011200,원효로1가,0,1,0,1,1,2,1625,0,0,1,10,0,7,0,5,1,0,0,0,4,4,10,1,16,5,0,2,12,2022-10-28
173,서울특별시,용산구,1117011300,원효로2가,0,0,0,0,0,5,1625,0,0,0,0,0,11,0,0,0,0,2,0,6,1,6,0,3,5,5,1,7,2022-10-28
174,서울특별시,용산구,1117012200,문배동,0,0,0,0,0,0,1625,0,0,0,0,0,4,0,1,0,0,0,0,6,0,0,3,3,5,4,0,5,2022-10-28
175,서울특별시,용산구,1117012300,신계동,0,0,0,0,0,0,1625,0,0,0,10,0,0,0,0,2,0,0,0,2,0,0,0,4,1,0,0,0,2022-10-28
176,서울특별시,용산구,1117011400,신창동,0,0,0,0,0,0,1625,0,0,0,10,0,0,0,0,0,0,0,0,2,0,6,1,4,2,0,0,0,2022-10-28
177,서울특별시,용산구,1117011500,산천동,0,0,0,0,0,0,1625,0,0,0,0,0,0,0,0,2,0,2,0,4,0,2,0,1,1,0,2,24,2022-10-28
178,서울특별시,용산구,1117011600,청암동,0,0,0,0,0,0,1625,0,0,0,0,0,0,0,0,0,0,0,0,2,0,1,0,0,0,2,0,0,2022-10-28
179,서울특별시,용산구,1117011700,원효로3가,0,0,0,0,0,2,1625,0,0,0,0,0,1,0,0,1,0,0,0,6,0,12,1,4,2,1,0,0,2022-10-28
180,서울특별시,용산구,1117011800,원효로4가,0,0,0,0,0,2,1625,1,0,0,0,0,4,1,1,0,0,0,0,2,1,3,0,7,5,4,0,2,2022-10-28
181,서울특별시,용산구,1117011900,효창동,2,1,0,2,0,5,1625,0,0,0,20,0,12,0,1,0,0,2,0,10,2,13,1,8,6,2,2,22,2022-10-28
182,서울특별시,용산구,1117012000,도원동,0,0,0,0,0,2,1625,0,0,0,0,0,3,0,0,0,0,0,0,0,1,1,1,2,4,0,0,18,2022-10-28
183,서울특별시,용산구,1117012100,용문동,0,0,0,0,0,1,1625,0,0,0,10,0,11,0,0,0,0,0,0,8,1,11,2,11,6,1,1,3,2022-10-28
184,서울특별시,용산구,1117012400,한강로1가,2,0,0,0,1,1,1625,0,0,0,0,0,7,0,0,1,0,0,0,4,0,8,0,9,4,5,0,3,2022-10-28
185,서울특별시,용산구,1117012500,한강로2가,1,2,0,0,0,13,1625,0,0,0,40,0,39,0,1,1,3,2,0,8,1,14,6,44,4,5,0,3,2022-10-28
186,서울특별시,용산구,1117012600,용산동3가,0,0,0,0,0,1,1625,0,0,0,0,0,0,0,0,0,0,0,0,0,0,0,0,4,0,1,0,0,2022-10-28
187,서울특별시,용산구,1117012700,용산동5가,1,1,0,0,1,0,1625,0,0,0,0,0,3,0,1,0,0,0,0,2,0,1,0,7,1,5,1,0,2022-10-28
188,서울특별시,용산구,1117012800,한강로3가,2,3,0,0,0,9,1625,0,0,4,10,4,19,1,6,2,0,2,1,24,2,13,7,56,11,7,1,5,2022-10-28
189,서울특별시,용산구,1117012900,이촌동,1,2,3,0,0,13,1625,1,0,0,40,0,46,1,6,4,1,2,0,14,9,28,1,17,24,11,4,44,2022-10-28
190,서울특별시,용산구,1117013000,이태원동,1,2,0,1,1,4,1625,0,0,1,20,0,23,1,9,1,1,4,0,34,5,49,6,42,20,6,3,10,2022-10-28
191,서울특별시,용산구,1117013100,한남동,2,2,1,1,1,11,1625,0,0,2,10,0,32,0,26,3,0,2,0,22,5,43,9,66,17,13,5,19,2022-10-28
192,서울특별시,용산구,1117013200,동빙고동,0,1,0,0,0,0,1625,0,0,0,0,0,0,0,2,1,0,0,0,6,0,13,0,3,0,0,0,8,2022-10-28
193,서울특별시,용산구,1117013300,서빙고동,1,0,0,0,0,0,1625,1,0,0,0,0,0,0,1,0,1,2,0,4,0,10,0,3,4,4,0,5,2022-10-28
194,서울특별시,용산구,1117013400,주성동,0,0,0,0,0,0,1625,0,0,0,0,0,0,0,0,0,0,0,0,0,0,3,0,0,0,0,0,0,2022-10-28
195,서울특별시,용산구,1117013500,용산동6가,0,0,0,0,0,1,1625,0,0,0,10,0,1,0,0,0,0,0,0,0,0,8,0,4,2,3,0,1,2022-10-28
196,서울특별시,용산구,1117013600,보광동,0,0,0,1,1,8,1625,1,0,0,0,0,19,1,4,0,0,0,0,10,3,51,4,10,6,1,2,14,2022-10-28
197,서울특별시,성동구,1120010200,하왕십리동,1,2,0,1,0,9,1860,0,0,0,40,0,24,1,8,4,0,4,0,22,5,29,2,28,11,8,3,70,2022-10-28
198,서울특별시,성동구,1120010100,상왕십리동,0,0,0,0,0,8,1860,0,0,0,0,0,24,0,1,0,0,0,0,4,5,1,1,3,2,2,1,13,2022-10-28
199,서울특별시,성동구,1120010300,홍익동,0,0,0,0,1,3,1860,0,0,0,10,0,11,0,1,1,0,0,0,6,5,12,0,10,3,2,1,1,2022-10-28
200,서울특별시,성동구,1120010400,도선동,0,1,0,0,0,7,1860,0,0,0,0,0,31,0,7,0,1,0,0,8,9,22,2,10,4,0,0,11,2022-10-28
201,서울특별시,성동구,1120010500,마장동,1,0,0,0,0,8,1860,2,0,0,0,0,22,0,2,4,0,4,0,14,20,92,5,9,22,10,1,24,2022-10-28
202,서울특별시,성동구,1120010600,사근동,0,0,0,1,0,1,1860,1,0,0,0,0,1,1,0,0,0,4,0,14,2,29,4,9,11,3,0,2,2022-10-28
203,서울특별시,성동구,1120010700,행당동,6,2,0,2,2,28,1860,2,1,3,20,2,93,2,11,6,0,4,0,52,43,63,7,59,41,13,8,133,2022-10-28
204,서울특별시,성동구,1120010800,응봉동,1,0,1,0,1,2,1860,2,0,0,0,0,7,0,0,3,0,2,0,6,4,24,0,2,22,3,0,23,2022-10-28
205,서울특별시,성동구,1120010900,금호동1가,0,0,2,0,0,6,1860,0,0,0,10,0,16,1,3,2,1,2,0,6,20,16,0,12,21,1,0,44,2022-10-28
206,서울특별시,성동구,1120011000,금호동2가,1,0,0,1,1,3,1860,0,0,0,0,0,12,0,1,0,0,2,0,6,13,13,2,4,13,4,2,23,2022-10-28
207,서울특별시,성동구,1120011100,금호동3가,0,0,0,0,0,8,1860,0,0,0,0,0,24,0,1,1,0,0,0,6,17,30,0,12,13,1,0,15,2022-10-28
208,서울특별시,성동구,1120011200,금호동4가,1,1,0,0,0,8,1860,0,0,0,0,0,29,0,3,2,0,4,0,10,24,33,3,12,19,5,3,30,2022-10-28
209,서울특별시,성동구,1120011300,옥수동,2,1,0,0,1,11,1860,1,0,0,20,0,37,2,11,3,0,4,0,14,28,14,3,16,29,2,4,60,2022-10-28
210,서울특별시,성동구,1120011400,성수동1가,2,2,0,2,0,11,1860,2,0,0,20,1,44,2,13,7,0,4,0,48,36,58,5,107,20,15,3,55,2022-10-28
211,서울특별시,성동구,1120011500,성수동2가,1,4,0,2,2,24,1860,3,1,3,10,1,73,1,19,9,1,4,0,86,48,96,6,119,39,16,2,32,2022-10-28
212,서울특별시,성동구,1120011800,송정동,0,0,0,0,0,5,1860,0,0,0,0,0,5,0,1,0,1,2,0,10,4,30,3,10,1,6,1,6,2022-10-28
213,서울특별시,성동구,1120012200,용답동,1,0,4,1,1,8,1860,0,0,0,10,0,26,0,3,2,0,2,0,16,12,40,6,25,5,10,0,11,2022-10-28
214,서울특별시,광진구,1121510700,화양동,3,3,0,1,1,18,1943,2,1,12,0,1,60,2,16,4,0,4,0,66,12,40,7,95,14,9,2,27,2022-10-28
215,서울특별시,광진구,1121510900,군자동,0,2,0,0,0,12,1943,0,0,2,40,1,40,0,13,3,0,4,0,22,8,48,3,46,12,11,2,29,2022-10-28
216,서울특별시,광진구,1121510100,중곡동,1,2,0,5,4,39,1943,2,0,6,30,4,138,3,27,10,1,8,0,102,37,140,8,106,49,10,7,142,2022-10-28
217,서울특별시,광진구,1121510200,능동,3,0,0,0,0,7,1943,0,0,2,10,0,23,1,4,2,1,2,0,27,3,37,1,28,6,6,2,12,2022-10-28
218,서울특별시,광진구,1121510400,광장동,1,1,0,0,1,9,1943,3,0,0,50,0,28,1,10,3,0,6,0,26,6,33,1,38,14,8,3,111,2022-10-28
219,서울특별시,광진구,1121510500,자양동,1,5,0,5,3,46,1943,4,1,7,80,5,164,2,40,21,1,14,1,118,24,157,24,145,37,24,9,208,2022-10-28
220,서울특별시,광진구,1121510300,구의동,2,3,0,3,1,36,1943,1,0,3,80,0,120,1,41,18,3,6,0,102,32,155,9,138,38,20,4,252,2022-10-28
221,서울특별시,동대문구,1123010100,신설동,2,1,0,0,0,3,2446,1,0,0,0,0,16,1,4,3,0,0,0,24,2,31,7,18,6,4,1,16,2022-10-28
222,서울특별시,동대문구,1123010200,용두동,0,0,0,1,1,20,2446,0,0,2,30,0,48,0,6,6,1,2,0,40,14,89,4,39,24,10,3,25,2022-10-28
223,서울특별시,동대문구,1123010300,제기동,1,0,0,1,1,25,2446,2,0,0,10,0,96,1,9,2,0,4,0,34,6,96,3,29,14,5,0,35,2022-10-28
224,서울특별시,동대문구,1123010400,전농동,2,1,0,1,2,23,2446,3,1,4,70,1,68,2,10,4,1,8,0,58,39,108,10,61,24,17,3,102,2022-10-28
225,서울특별시,동대문구,1123010500,답십리동,0,1,0,1,1,25,2446,1,0,1,80,1,99,0,14,6,0,6,0,54,48,101,7,41,25,11,6,98,2022-10-28
226,서울특별시,동대문구,1123010600,장안동,1,1,1,2,2,47,2446,2,1,9,90,3,141,1,27,16,3,8,0,114,52,126,13,87,42,11,8,212,2022-10-28
227,서울특별시,동대문구,1123010700,청량리동,0,0,0,2,1,23,2446,2,0,0,0,0,55,2,7,0,1,2,0,14,13,43,4,16,16,10,2,23,2022-10-28
228,서울특별시,동대문구,1123010800,회기동,0,3,0,1,1,11,2446,1,0,0,0,0,13,1,11,1,0,6,0,22,8,62,3,38,5,3,1,14,2022-10-28
229,서울특별시,동대문구,1123010900,휘경동,3,0,0,2,1,16,2446,3,0,4,40,1,37,3,12,6,1,4,0,42,29,102,4,37,14,14,2,49,2022-10-28
230,서울특별시,동대문구,1123011000,이문동,2,2,0,1,1,18,2446,1,0,0,60,0,50,1,6,1,0,2,0,36,36,94,4,42,14,9,2,69,2022-10-28
231,서울특별시,중랑구,1126010100,면목동,3,1,0,4,4,64,1787,3,0,7,120,2,207,1,24,8,1,14,0,174,44,564,16,124,76,25,12,171,2022-10-28
232,서울특별시,중랑구,1126010200,상봉동,5,3,0,1,0,18,1787,3,1,2,50,3,72,2,16,3,0,2,0,64,28,115,9,61,17,17,3,46,2022-10-28
233,서울특별시,중랑구,1126010300,중화동,3,1,0,1,1,21,1787,3,0,2,20,1,64,1,7,3,1,4,0,64,23,146,5,41,20,9,5,46,2022-10-28
234,서울특별시,중랑구,1126010400,묵동,1,1,0,0,1,17,1787,3,0,0,70,2,62,2,7,4,0,6,0,46,16,121,7,41,29,9,3,66,2022-10-28
235,서울특별시,중랑구,1126010500,망우동,2,1,0,0,1,28,1787,5,1,3,70,1,90,5,8,3,1,9,0,70,30,153,6,68,35,13,2,65,2022-10-28
236,서울특별시,중랑구,1126010600,신내동,2,1,0,0,1,25,1787,0,1,1,130,2,68,0,9,6,3,12,0,44,41,88,4,47,37,17,5,165,2022-10-28
237,서울특별시,성북구,1129010100,성북동,0,0,0,0,1,0,1783,2,0,0,0,0,6,2,2,1,0,2,0,14,0,106,0,28,12,8,1,9,2022-10-28
238,서울특별시,성북구,1129010200,성북동1가,0,1,0,0,0,1,1783,0,0,0,0,0,11,0,1,0,0,0,0,2,0,11,1,5,4,3,1,3,2022-10-28
239,서울특별시,성북구,1129010400,동소문동1가,0,0,0,0,0,3,1783,0,1,0,0,0,10,0,2,0,0,0,0,2,2,12,0,5,0,2,0,9,2022-10-28
240,서울특별시,성북구,1129010700,동소문동4가,0,0,0,0,0,2,1783,2,0,0,0,0,6,0,1,0,0,0,0,2,1,9,0,5,0,0,0,28,2022-10-28
241,서울특별시,성북구,1129010300,돈암동,0,1,0,0,1,8,1783,4,0,0,20,1,25,1,3,5,0,8,0,6,3,52,4,13,32,5,1,92,2022-10-28
242,서울특별시,성북구,1129010500,동소문동2가,0,1,0,0,0,4,1783,0,0,0,0,0,13,0,2,0,0,0,0,2,2,13,0,5,2,1,0,6,2022-10-28
243,서울특별시,성북구,1129010600,동소문동3가,0,0,0,0,0,3,1783,0,0,0,0,0,8,0,1,0,0,0,0,0,3,0,0,3,1,1,1,17,2022-10-28
244,서울특별시,성북구,1129010800,동소문동5가,0,0,0,0,0,2,1783,0,0,0,0,0,12,0,2,0,0,0,0,4,1,0,2,2,0,1,1,13,2022-10-28
245,서울특별시,성북구,1129011100,삼선동1가,1,0,0,0,0,2,1783,0,0,2,0,0,3,0,0,0,0,0,0,0,4,42,0,6,2,0,0,0,2022-10-28
246,서울특별시,성북구,1129011200,삼선동2가,0,0,0,0,0,0,1783,2,0,0,10,0,3,1,0,0,0,0,0,8,1,19,1,7,4,0,0,10,2022-10-28
247,서울특별시,성북구,1129011300,삼선동3가,0,0,0,0,0,0,1783,0,0,0,0,0,0,1,0,0,0,2,0,0,0,14,1,3,2,0,0,20,2022-10-28
248,서울특별시,성북구,1129011400,삼선동4가,0,0,0,0,0,3,1783,0,0,0,0,0,4,0,0,1,1,0,0,2,5,0,2,9,1,1,0,4,2022-10-28
249,서울특별시,성북구,1129011500,삼선동5가,0,0,0,0,0,1,1783,0,0,0,0,0,7,0,1,0,0,0,0,10,1,21,1,11,3,1,0,2,2022-10-28
250,서울특별시,성북구,1129010900,동소문동6가,0,0,0,0,0,5,1783,0,0,0,0,1,25,0,2,0,0,2,0,6,1,14,0,8,1,2,2,31,2022-10-28
251,서울특별시,성북구,1129011000,동소문동7가,0,0,0,0,0,3,1783,0,0,0,0,1,2,0,0,0,0,2,0,0,0,3,0,3,0,0,0,25,2022-10-28
252,서울특별시,성북구,1129011600,동선동1가,0,1,0,0,0,5,1783,0,0,5,0,0,15,0,7,0,0,0,0,2,5,24,3,19,1,2,0,9,2022-10-28
253,서울특별시,성북구,1129011700,동선동2가,0,1,0,0,0,0,1783,0,0,1,0,0,1,0,1,0,0,0,0,0,0,3,1,16,1,1,0,0,2022-10-28
254,서울특별시,성북구,1129011800,동선동3가,0,0,0,0,0,1,1783,0,0,0,0,0,0,0,0,0,0,0,0,6,0,11,1,8,0,1,0,0,2022-10-28
255,서울특별시,성북구,1129011900,동선동4가,2,0,0,0,0,2,1783,0,0,0,0,0,18,1,0,1,0,0,0,4,1,10,0,12,0,0,0,7,2022-10-28
256,서울특별시,성북구,1129012000,동선동5가,0,0,0,0,0,0,1783,0,0,0,0,0,3,0,1,0,0,0,0,4,0,23,0,3,0,0,1,16,2022-10-28
257,서울특별시,성북구,1129012100,안암동1가,0,0,0,1,0,0,1783,0,0,0,10,0,0,0,1,0,0,0,0,0,0,1,0,8,3,0,0,3,2022-10-28
258,서울특별시,성북구,1129012200,안암동2가,0,0,0,0,0,1,1783,1,0,0,0,0,2,1,0,0,0,2,0,4,0,11,0,6,3,0,0,4,2022-10-28
259,서울특별시,성북구,1129012300,안암동3가,0,0,0,0,0,0,1783,0,0,0,0,0,0,0,0,0,0,0,0,2,0,8,0,2,0,1,0,2,2022-10-28
260,서울특별시,성북구,1129012400,안암동4가,0,0,0,0,0,0,1783,0,0,0,0,0,1,0,1,0,0,0,0,2,0,5,0,2,0,1,0,0,2022-10-28
261,서울특별시,성북구,1129012500,안암동5가,1,3,0,0,0,9,1783,0,1,1,0,0,12,0,6,0,0,0,0,34,4,31,3,50,9,4,0,1,2022-10-28
262,서울특별시,성북구,1129012600,보문동4가,0,0,0,0,0,1,1783,0,0,0,0,0,4,0,1,1,0,0,0,2,0,3,0,4,0,0,0,1,2022-10-28
263,서울특별시,성북구,1129012700,보문동5가,0,0,0,1,0,3,1783,0,0,0,0,0,6,0,0,0,0,0,0,2,3,8,3,4,1,0,1,3,2022-10-28
264,서울특별시,성북구,1129012800,보문동6가,0,0,0,0,0,0,1783,0,0,0,0,0,0,0,0,0,0,0,0,2,0,30,0,3,0,0,0,5,2022-10-28
265,서울특별시,성북구,1129012900,보문동7가,0,0,0,0,0,1,1783,0,0,0,0,0,1,0,1,0,0,2,0,6,0,23,0,3,2,0,1,4,2022-10-28
266,서울특별시,성북구,1129013000,보문동1가,2,0,0,0,0,0,1783,0,0,0,10,0,5,0,3,0,0,0,0,4,0,4,0,3,2,1,0,2,2022-10-28
267,서울특별시,성북구,1129013100,보문동2가,0,0,0,0,0,1,1783,0,0,0,0,0,4,0,0,0,0,0,0,4,0,6,0,3,1,0,1,7,2022-10-28
268,서울특별시,성북구,1129013200,보문동3가,0,0,0,0,1,0,1783,0,0,0,0,0,0,0,0,0,0,2,0,0,0,3,1,1,0,1,0,0,2022-10-28
269,서울특별시,성북구,1129013300,정릉동,2,0,0,1,2,27,1783,2,0,0,30,2,73,2,10,10,0,8,0,76,25,333,7,67,48,10,2,141,2022-10-28
270,서울특별시,성북구,1129013400,길음동,1,2,0,1,1,21,1783,1,0,1,80,1,59,1,9,2,1,6,1,36,16,62,8,50,18,11,6,151,2022-10-28
271,서울특별시,성북구,1129013600,하월곡동,1,2,0,0,1,28,1783,1,0,2,20,3,69,1,10,6,0,4,0,40,15,158,9,56,25,9,5,98,2022-10-28
272,서울특별시,성북구,1129013500,종암동,1,2,0,1,1,19,1783,2,1,0,20,2,48,1,7,6,3,4,0,34,19,134,5,35,25,5,3,89,2022-10-28
273,서울특별시,성북구,1129013700,상월곡동,1,0,0,0,0,1,1783,1,0,2,10,0,7,0,1,3,0,0,0,10,1,66,1,12,9,1,0,16,2022-10-28
274,서울특별시,성북구,1129013800,장위동,0,1,0,2,1,23,1783,3,0,3,60,0,41,0,5,1,1,10,0,50,3,352,1,41,43,7,5,63,2022-10-28
275,서울특별시,성북구,1129013900,석관동,1,0,0,1,1,16,1783,1,0,1,50,2,42,1,6,2,0,4,0,22,3,155,3,30,16,7,2,47,2022-10-28
276,서울특별시,강북구,1130510100,미아동,5,3,0,2,3,72,2204,7,2,5,180,5,244,7,22,3,2,14,0,102,47,228,24,109,83,22,15,252,2022-10-28
277,서울특별시,강북구,1130510200,번동,0,1,0,2,2,29,2204,2,2,3,30,1,77,0,7,6,3,6,0,52,13,104,4,36,51,22,3,65,2022-10-28
278,서울특별시,강북구,1130510300,수유동,3,0,0,4,4,61,2204,5,0,9,30,3,145,1,16,4,1,8,0,102,17,198,10,95,89,19,8,116,2022-10-28
279,서울특별시,강북구,1130510400,우이동,3,0,0,1,0,6,2204,1,0,0,0,0,6,0,0,0,0,0,0,14,1,27,1,10,9,6,0,6,2022-10-28
280,서울특별시,도봉구,1132010700,창동,4,2,0,7,2,43,1289,3,0,22,130,3,145,3,31,12,1,18,0,94,12,105,8,111,67,32,7,205,2022-10-28
281,서울특별시,도봉구,1132010800,도봉동,3,0,0,2,2,16,1289,2,1,1,80,0,37,2,7,7,0,6,0,56,2,54,3,43,46,18,4,30,2022-10-28
282,서울특별시,도봉구,1132010500,쌍문동,0,0,0,0,2,29,1289,5,1,3,50,0,86,4,20,6,0,12,0,80,4,62,8,66,46,16,7,154,2022-10-28
283,서울특별시,도봉구,1132010600,방학동,1,1,0,2,2,28,1289,3,0,9,90,2,107,1,19,10,5,10,0,82,5,72,8,66,45,21,7,103,2022-10-28
284,서울특별시,노원구,1135010200,월계동,5,4,0,2,1,25,1006,6,0,6,100,4,76,5,11,7,1,12,0,56,8,134,9,56,70,21,5,81,2022-10-28
285,서울특별시,노원구,1135010300,공릉동,4,3,0,3,1,40,1006,3,1,4,110,1,114,2,20,11,1,14,0,98,18,90,9,124,59,23,8,138,2022-10-28
286,서울특별시,노원구,1135010400,하계동,1,0,0,0,0,14,1006,3,1,0,20,0,27,3,3,6,3,6,0,18,6,45,4,37,32,7,0,72,2022-10-28
287,서울특별시,노원구,1135010600,중계동,1,1,0,0,2,42,1006,6,1,3,30,6,142,11,18,17,0,18,1,56,7,113,12,108,59,24,10,522,2022-10-28
288,서울특별시,노원구,1135010500,상계동,6,6,1,4,4,101,1006,9,2,15,180,3,404,6,48,21,2,34,1,172,35,331,28,227,129,43,20,416,2022-10-28
289,서울특별시,은평구,1138010200,녹번동,2,1,0,1,1,13,3060,0,0,0,30,0,32,0,4,5,1,6,0,36,26,183,8,31,15,10,3,64,2022-10-28
290,서울특별시,은평구,1138010300,불광동,1,1,0,2,1,22,3060,4,0,1,70,0,108,1,13,7,0,11,0,41,65,166,15,38,34,21,5,113,2022-10-28
291,서울특별시,은평구,1138010400,갈현동,2,1,0,3,1,29,3060,3,0,6,60,1,78,5,15,8,0,4,0,50,56,174,4,51,45,5,5,154,2022-10-28
292,서울특별시,은평구,1138010500,구산동,1,0,0,1,0,8,3060,4,1,0,40,0,29,3,3,3,0,6,0,20,32,95,5,24,17,1,1,72,2022-10-28
293,서울특별시,은평구,1138010600,대조동,2,1,0,1,1,22,3060,0,0,3,10,0,107,2,12,2,0,4,0,38,62,68,4,36,12,3,5,55,2022-10-28
294,서울특별시,은평구,1138010700,응암동,0,2,0,1,2,46,3060,2,1,2,140,4,142,2,27,6,0,8,0,52,157,240,13,73,38,21,9,173,2022-10-28
295,서울특별시,은평구,1138010800,역촌동,1,0,0,1,1,18,3060,0,0,3,30,0,55,0,14,4,1,2,0,28,28,99,6,37,28,9,3,116,2022-10-28
296,서울특별시,은평구,1138010900,신사동,1,0,0,2,1,13,3060,4,0,1,50,0,50,1,6,1,0,6,0,34,29,124,7,22,34,5,3,95,2022-10-28
297,서울특별시,은평구,1138011000,증산동,2,0,0,1,0,9,3060,2,0,1,20,0,21,0,3,5,0,2,0,10,18,62,5,10,7,3,3,42,2022-10-28
298,서울특별시,은평구,1138010100,수색동,2,1,0,0,0,4,3060,0,0,0,20,0,7,0,0,0,1,2,0,6,13,24,1,8,5,3,0,8,2022-10-28
299,서울특별시,은평구,1138011400,진관동,1,2,0,0,1,15,3060,2,0,2,170,2,35,6,7,4,4,10,0,26,37,34,12,54,13,33,6,177,2022-10-28
300,서울특별시,서대문구,1141010500,냉천동,0,0,0,0,0,2,2147,0,0,0,0,0,6,0,0,0,0,0,0,2,2,1,3,8,5,0,1,11,2022-10-28
301,서울특별시,서대문구,1141010600,천연동,0,0,0,0,0,0,2147,1,0,0,0,0,3,0,0,0,0,2,0,2,0,9,0,2,4,0,0,11,2022-10-28
302,서울특별시,서대문구,1141010700,옥천동,0,0,0,0,1,1,2147,0,0,0,0,0,6,0,0,0,0,0,0,0,1,1,0,1,0,0,0,2,2022-10-28
303,서울특별시,서대문구,1141010800,영천동,0,0,0,0,0,3,2147,0,0,0,0,0,10,0,2,1,0,0,0,0,2,0,2,0,5,1,1,8,2022-10-28
304,서울특별시,서대문구,1141010900,현저동,1,0,0,0,0,0,2147,0,0,0,0,0,2,1,1,1,0,0,0,4,0,2,0,2,6,3,0,15,2022-10-28
305,서울특별시,서대문구,1141011000,북아현동,0,1,0,2,0,13,2147,2,0,0,70,0,22,2,1,0,0,4,0,28,0,29,4,23,11,3,3,45,2022-10-28
306,서울특별시,서대문구,1141010100,충정로2가,0,1,0,0,0,3,2147,1,0,0,0,0,14,1,1,1,0,2,0,8,0,4,2,11,5,2,0,5,2022-10-28
307,서울특별시,서대문구,1141010200,충정로3가,2,2,0,0,0,1,2147,0,0,0,0,0,8,0,1,1,0,0,0,9,0,12,4,19,11,4,0,1,2022-10-28
308,서울특별시,서대문구,1141010300,합동,0,0,0,0,0,0,2147,0,0,0,0,0,0,0,0,1,0,0,0,4,0,0,0,4,0,2,0,1,2022-10-28
309,서울특별시,서대문구,1141010400,미근동,0,0,0,0,0,2,2147,0,0,0,0,0,4,0,1,1,1,2,0,4,0,0,1,9,2,1,0,0,2022-10-28
310,서울특별시,서대문구,1141011200,대현동,0,2,0,0,1,4,2147,0,0,2,0,0,16,0,3,0,0,2,0,22,0,14,3,68,10,3,0,19,2022-10-28
311,서울특별시,서대문구,1141011300,대신동,0,1,0,0,0,5,2147,1,0,0,0,0,1,1,1,0,0,2,0,10,2,6,0,5,4,2,0,7,2022-10-28
312,서울특별시,서대문구,1141011400,신촌동,1,2,0,0,0,1,2147,0,0,0,0,0,3,0,0,0,0,0,0,6,1,1,4,19,0,3,0,0,2022-10-28
313,서울특별시,서대문구,1141011500,봉원동,0,0,0,1,0,0,2147,0,0,0,0,0,0,0,0,0,0,0,0,0,0,5,0,0,0,0,0,0,2022-10-28
314,서울특별시,서대문구,1141011600,창천동,0,6,0,0,0,19,2147,0,1,6,0,2,50,0,7,0,0,2,1,44,1,33,13,65,14,8,0,45,2022-10-28
315,서울특별시,서대문구,1141011700,연희동,0,2,0,1,1,14,2147,3,0,0,10,0,42,0,11,1,3,2,0,54,4,55,4,91,20,13,4,64,2022-10-28
316,서울특별시,서대문구,1141011100,홍제동,2,1,0,2,1,31,2147,1,1,0,60,0,103,0,10,4,0,8,0,58,31,75,8,40,47,6,3,131,2022-10-28
317,서울특별시,서대문구,1141011800,홍은동,0,0,0,3,2,16,2147,4,0,3,60,0,32,2,6,6,1,6,0,70,5,66,8,43,42,11,2,107,2022-10-28
318,서울특별시,서대문구,1141012000,남가좌동,1,2,0,4,1,23,2147,1,1,4,90,1,73,0,8,1,0,4,0,48,11,34,10,56,20,14,5,94,2022-10-28
319,서울특별시,서대문구,1141011900,북가좌동,0,1,0,0,1,17,2147,1,0,2,0,1,55,1,10,0,1,2,0,48,14,49,6,39,35,14,5,128,2022-10-28
320,서울특별시,마포구,1144010100,아현동,2,3,0,0,1,16,3307,1,0,0,40,2,58,2,6,2,0,4,0,14,7,58,3,20,16,2,3,67,2022-10-28
321,서울특별시,마포구,1144010200,공덕동,2,1,0,0,0,15,3307,0,0,0,60,0,55,0,9,5,1,2,0,17,4,65,8,37,6,7,4,41,2022-10-28
322,서울특별시,마포구,1144010900,염리동,1,0,0,0,0,6,3307,2,0,0,40,0,24,2,4,1,1,4,0,22,6,59,3,25,6,1,3,75,2022-10-28
323,서울특별시,마포구,1144010300,신공덕동,0,1,0,0,0,9,3307,0,0,0,0,0,19,0,3,1,0,0,0,6,5,9,4,10,1,1,1,15,2022-10-28
324,서울특별시,마포구,1144010400,도화동,3,3,0,1,0,21,3307,0,0,0,20,0,91,0,11,6,0,2,0,22,12,50,7,49,21,3,2,61,2022-10-28
325,서울특별시,마포구,1144010700,마포동,0,0,0,0,0,1,3307,0,0,0,0,0,2,0,0,2,0,0,0,8,1,13,4,1,1,1,0,1,2022-10-28
326,서울특별시,마포구,1144010500,용강동,0,1,0,0,1,2,3307,0,0,0,20,0,4,0,4,4,0,0,0,12,2,25,1,9,6,2,1,15,2022-10-28
327,서울특별시,마포구,1144010600,토정동,0,0,0,0,0,1,3307,0,0,0,0,0,0,0,0,0,0,0,0,0,0,9,0,0,0,0,0,1,2022-10-28
328,서울특별시,마포구,1144010800,대흥동,1,1,0,1,0,15,3307,1,0,0,10,0,43,1,4,2,0,2,0,8,3,49,2,18,14,5,1,101,2022-10-28
329,서울특별시,마포구,1144011000,노고산동,2,1,0,1,0,10,3307,2,0,0,0,0,61,0,7,0,0,2,0,14,1,24,4,23,7,6,3,43,2022-10-28
330,서울특별시,마포구,1144011100,신수동,0,1,0,1,0,3,3307,2,0,1,10,0,18,1,3,2,3,2,0,22,3,33,5,32,11,6,1,37,2022-10-28
331,서울특별시,마포구,1144011200,현석동,0,0,0,0,0,0,3307,0,0,0,0,0,0,0,0,0,0,0,0,4,0,5,1,0,1,1,0,9,2022-10-28
332,서울특별시,마포구,1144011300,구수동,0,0,0,0,0,1,3307,0,0,0,0,0,8,0,2,1,0,0,0,2,0,13,1,3,3,1,1,13,2022-10-28
333,서울특별시,마포구,1144011700,신정동,0,0,0,0,0,0,3307,0,0,0,10,0,0,0,1,0,0,0,0,0,0,0,0,0,1,0,0,0,2022-10-28
334,서울특별시,마포구,1144011400,창전동,1,1,0,0,1,3,3307,0,0,0,20,0,14,0,6,2,0,0,0,8,4,22,2,13,20,1,0,63,2022-10-28
335,서울특별시,마포구,1144011500,상수동,1,1,0,0,0,3,3307,0,0,0,10,0,8,0,3,2,0,2,0,18,0,26,4,27,6,3,2,10,2022-10-28
336,서울특별시,마포구,1144011600,하중동,0,0,0,0,0,0,3307,0,0,0,0,0,1,0,0,0,0,0,0,0,0,0,0,0,1,0,0,1,2022-10-28
337,서울특별시,마포구,1144011800,당인동,0,0,0,0,0,0,3307,0,0,0,0,0,0,0,0,1,0,0,0,2,0,14,0,2,0,1,0,2,2022-10-28
338,서울특별시,마포구,1144012000,서교동,1,4,0,2,1,18,3307,0,1,12,10,1,70,0,28,3,1,2,0,66,6,83,12,177,33,5,6,142,2022-10-28
339,서울특별시,마포구,1144012100,동교동,3,4,0,1,0,11,3307,0,0,3,0,0,76,0,8,1,0,0,0,28,1,30,10,66,6,4,2,50,2022-10-28
340,서울특별시,마포구,1144012200,합정동,1,2,0,0,0,10,3307,2,0,0,20,0,32,0,11,1,0,2,0,24,13,58,5,67,12,7,2,30,2022-10-28
341,서울특별시,마포구,1144012300,망원동,1,1,5,1,1,18,3307,0,1,0,20,1,65,0,9,1,0,4,0,44,10,92,13,83,29,7,5,76,2022-10-28
342,서울특별시,마포구,1144012400,연남동,0,0,0,2,1,2,3307,1,0,0,10,0,11,2,4,0,0,0,0,30,3,58,3,90,8,3,0,18,2022-10-28
343,서울특별시,마포구,1144012500,성산동,2,0,1,2,1,12,3307,4,0,0,20,4,32,1,9,7,1,8,0,50,6,114,16,46,20,15,5,98,2022-10-28
344,서울특별시,마포구,1144012600,중동,0,0,0,0,0,5,3307,1,0,0,0,0,14,0,1,0,0,2,0,6,2,18,1,4,3,0,0,30,2022-10-28
345,서울특별시,마포구,1144012700,상암동,1,5,3,1,1,15,3307,1,1,1,110,0,59,1,17,6,1,6,0,39,9,58,21,100,37,28,4,105,2022-10-28
346,서울특별시,양천구,1147010200,목동,3,10,1,4,2,71,1223,6,1,8,80,5,288,4,66,25,4,16,2,130,178,173,26,183,48,45,21,1052,2022-10-28
347,서울특별시,양천구,1147010300,신월동,0,2,2,5,3,50,1223,10,2,7,100,2,123,3,13,12,1,16,0,128,125,184,16,90,54,29,12,236,2022-10-28
348,서울특별시,양천구,1147010100,신정동,1,4,1,2,3,57,1223,5,1,5,220,4,251,9,49,27,1,28,0,144,84,155,26,159,84,44,16,864,2022-10-28
349,서울특별시,강서구,1150010100,염창동,1,2,0,0,1,15,1348,2,1,3,40,4,45,0,15,8,0,6,0,28,38,26,3,51,19,11,3,132,2022-10-28
350,서울특별시,강서구,1150010400,가양동,3,0,0,0,0,18,1348,2,0,1,20,1,60,3,20,5,0,6,0,36,38,32,11,46,11,21,3,41,2022-10-28
351,서울특별시,강서구,1150010200,등촌동,2,5,0,0,2,37,1348,5,1,3,90,2,119,6,37,19,3,16,0,88,79,81,15,140,42,21,5,187,2022-10-28
352,서울특별시,강서구,1150010300,화곡동,3,6,0,9,4,89,1348,2,1,23,160,5,330,2,56,16,1,16,0,208,175,321,38,263,100,28,18,341,2022-10-28
353,서울특별시,강서구,1150010500,마곡동,2,7,2,0,0,35,1348,2,0,8,190,2,157,2,60,8,0,8,0,100,100,103,10,295,34,63,6,223,2022-10-28
354,서울특별시,강서구,1150010600,내발산동,0,2,0,2,1,23,1348,5,0,1,10,2,84,12,16,6,1,6,0,34,61,46,5,68,16,13,6,292,2022-10-28
355,서울특별시,강서구,1150010700,외발산동,0,0,0,0,0,0,1348,0,0,0,0,0,0,0,0,0,0,0,0,4,0,2,2,4,10,3,0,1,2022-10-28
356,서울특별시,강서구,1150010800,공항동,2,0,0,1,0,8,1348,3,1,2,0,0,23,0,4,3,1,2,0,46,21,21,5,37,24,8,1,18,2022-10-28
357,서울특별시,강서구,1150010900,방화동,6,2,0,1,2,29,1348,4,0,2,50,7,78,2,15,8,1,10,0,72,53,103,15,111,39,17,6,108,2022-10-28
358,서울특별시,강서구,1150011100,과해동,0,0,0,0,0,1,1348,0,0,0,0,0,2,0,0,0,0,0,0,0,1,0,1,2,2,0,0,0,2022-10-28
359,서울특별시,강서구,1150011200,오곡동,0,0,0,0,0,0,1348,0,0,0,0,0,0,0,0,0,0,0,0,0,0,0,0,0,0,0,0,0,2022-10-28
360,서울특별시,강서구,1150011300,오쇠동,0,0,0,0,0,0,1348,0,0,0,0,0,0,0,0,0,0,0,0,0,0,0,0,1,1,0,0,0,2022-10-28
361,서울특별시,강서구,1150011000,개화동,1,0,0,0,0,0,1348,0,0,0,0,0,0,0,0,0,1,0,0,0,0,15,1,3,1,4,0,0,2022-10-28
362,서울특별시,구로구,1153010100,신도림동,2,3,1,0,0,13,1935,1,1,0,40,2,61,1,8,7,1,4,1,34,61,78,5,49,14,9,5,102,2022-10-28
363,서울특별시,구로구,1153010200,구로동,5,6,0,6,3,82,1935,4,1,10,100,2,240,4,39,20,2,14,1,186,256,734,39,223,105,37,7,177,2022-10-28
364,서울특별시,구로구,1153010300,가리봉동,0,0,0,1,1,6,1935,0,0,1,0,0,13,0,1,0,0,2,0,14,11,208,2,9,3,1,0,3,2022-10-28
365,서울특별시,구로구,1153010600,고척동,0,1,2,2,1,23,1935,2,1,1,100,3,72,2,13,14,4,10,0,66,85,314,7,47,32,10,5,93,2022-10-28
366,서울특별시,구로구,1153010700,개봉동,0,0,0,1,1,30,1935,3,0,3,100,2,97,0,15,5,0,8,0,70,132,289,9,71,47,11,6,128,2022-10-28
367,서울특별시,구로구,1153010800,오류동,2,2,0,1,1,17,1935,1,0,0,20,0,58,1,10,2,0,6,0,54,77,289,8,39,24,12,3,59,2022-10-28
368,서울특별시,구로구,1153011100,천왕동,0,0,0,0,1,3,1935,1,0,0,10,0,13,0,2,0,0,4,0,6,20,22,3,10,5,9,1,44,2022-10-28
369,서울특별시,구로구,1153010900,궁동,0,0,0,1,0,4,1935,1,0,0,0,1,7,6,0,1,1,0,0,18,10,72,1,10,12,2,1,19,2022-10-28
370,서울특별시,구로구,1153011000,온수동,2,0,0,1,0,1,1935,0,0,0,0,0,7,0,2,0,0,2,0,16,7,62,2,11,12,2,0,11,2022-10-28
371,서울특별시,구로구,1153011200,항동,0,0,0,0,0,1,1935,1,0,0,100,0,4,1,4,0,0,2,0,21,4,13,0,16,8,15,2,34,2022-10-28
372,서울특별시,금천구,1154510100,가산동,3,9,0,1,1,21,1876,0,4,8,10,4,82,0,24,13,0,0,0,170,19,93,19,212,62,27,1,36,2022-10-28
373,서울특별시,금천구,1154510200,독산동,0,1,0,5,2,49,1876,5,0,9,150,3,128,1,21,14,1,18,0,146,44,539,21,122,52,33,9,129,2022-10-28
374,서울특별시,금천구,1154510300,시흥동,1,2,0,4,2,60,1876,4,1,2,100,0,159,5,23,6,1,18,0,102,63,449,16,88,60,22,7,158,2022-10-28
375,서울특별시,영등포구,1156010100,영등포동,1,0,1,2,1,8,3264,1,0,0,20,1,15,0,2,2,0,2,1,16,16,42,2,27,8,7,1,24,2022-10-28
376,서울특별시,영등포구,1156013200,신길동,3,1,0,5,2,51,3264,3,1,0,160,0,155,5,27,10,2,12,0,124,124,165,14,97,67,20,12,189,2022-10-28
377,서울특별시,영등포구,1156010200,영등포동1가,1,1,0,0,0,0,3264,0,0,0,0,0,0,0,1,0,0,0,0,6,0,0,1,3,1,2,0,5,2022-10-28
378,서울특별시,영등포구,1156010300,영등포동2가,0,0,0,0,0,4,3264,0,0,0,0,0,0,0,1,0,0,0,0,14,1,6,0,23,2,0,0,2,2022-10-28
379,서울특별시,영등포구,1156010400,영등포동3가,0,1,0,0,1,7,3264,0,1,9,0,0,32,0,0,0,0,0,0,14,19,44,1,19,5,2,0,11,2022-10-28
380,서울특별시,영등포구,1156010500,영등포동4가,0,4,0,0,0,14,3264,0,0,3,0,2,26,0,2,0,3,0,1,15,28,29,5,44,7,4,2,8,2022-10-28
381,서울특별시,영등포구,1156010600,영등포동5가,1,0,0,0,0,6,3264,0,0,0,0,0,16,0,1,0,0,0,0,0,16,19,0,4,3,0,0,5,2022-10-28
382,서울특별시,영등포구,1156010700,영등포동6가,0,1,0,0,0,4,3264,0,0,0,0,0,20,0,0,1,0,0,0,6,11,15,0,7,4,1,0,8,2022-10-28
383,서울특별시,영등포구,1156010800,영등포동7가,0,0,0,0,0,3,3264,0,0,0,10,0,8,0,4,1,0,2,0,20,8,24,1,18,7,3,2,11,2022-10-28
384,서울특별시,영등포구,1156010900,영등포동8가,0,1,0,0,0,3,3264,0,0,0,10,1,14,0,4,1,0,0,0,10,10,3,2,16,6,3,1,13,2022-10-28
385,서울특별시,영등포구,1156011000,여의도동,5,18,0,0,1,46,3264,2,1,0,70,0,171,2,27,25,1,4,1,105,80,106,11,255,49,44,3,100,2022-10-28
386,서울특별시,영등포구,1156011100,당산동1가,0,0,0,0,0,4,3264,0,0,1,0,0,8,0,2,2,0,0,0,12,9,11,0,15,2,0,1,7,2022-10-28
387,서울특별시,영등포구,1156011200,당산동2가,0,0,0,0,0,1,3264,0,0,0,0,0,7,0,0,0,0,0,0,12,9,0,0,7,5,2,0,9,2022-10-28
388,서울특별시,영등포구,1156011300,당산동3가,2,1,0,1,0,4,3264,0,0,2,0,0,23,0,6,2,0,0,0,24,15,22,6,31,3,3,0,15,2022-10-28
389,서울특별시,영등포구,1156011400,당산동4가,0,0,0,0,0,5,3264,0,0,0,0,0,17,0,5,0,0,0,0,10,14,7,0,30,3,7,1,29,2022-10-28
390,서울특별시,영등포구,1156011500,당산동5가,0,1,0,0,1,8,3264,1,0,0,20,1,31,0,7,2,0,2,0,10,28,7,7,15,9,1,2,57,2022-10-28
391,서울특별시,영등포구,1156011600,당산동6가,2,2,0,0,0,5,3264,0,0,0,0,0,37,0,6,5,1,0,0,22,26,43,0,13,2,2,0,7,2022-10-28
392,서울특별시,영등포구,1156011700,당산동,0,0,0,1,0,0,3264,1,0,0,0,0,0,0,1,2,0,2,0,13,2,0,0,9,7,2,0,6,2022-10-28
393,서울특별시,영등포구,1156011800,도림동,0,0,0,1,0,6,3264,0,0,0,0,0,16,0,4,2,0,0,0,20,16,43,0,20,5,5,1,27,2022-10-28
394,서울특별시,영등포구,1156011900,문래동1가,0,0,0,0,0,0,3264,0,0,0,0,0,1,0,0,0,0,2,0,4,0,0,0,6,0,0,0,5,2022-10-28
395,서울특별시,영등포구,1156012000,문래동2가,0,0,0,0,0,1,3264,0,0,0,0,0,4,0,0,0,0,0,0,6,3,15,0,11,1,0,0,7,2022-10-28
396,서울특별시,영등포구,1156012100,문래동3가,1,3,0,0,1,11,3264,1,0,1,20,0,39,0,11,6,0,2,0,24,52,16,4,49,8,5,2,38,2022-10-28
397,서울특별시,영등포구,1156012200,문래동4가,0,0,0,0,0,1,3264,0,0,0,0,0,2,0,0,0,0,0,0,4,2,0,0,7,2,1,0,5,2022-10-28
398,서울특별시,영등포구,1156012300,문래동5가,0,0,0,0,0,0,3264,0,0,1,0,0,0,0,1,2,0,0,0,6,2,4,0,5,4,0,0,6,2022-10-28
399,서울특별시,영등포구,1156012400,문래동6가,0,0,2,0,0,5,3264,1,0,0,10,0,15,0,3,2,0,2,0,12,19,1,0,9,6,2,0,21,2022-10-28
400,서울특별시,영등포구,1156012500,양평동1가,0,1,0,0,1,1,3264,0,0,0,0,0,5,0,1,0,0,0,0,4,10,8,1,16,6,5,1,14,2022-10-28
401,서울특별시,영등포구,1156012600,양평동2가,1,0,0,0,0,3,3264,0,0,0,0,0,9,1,2,3,0,0,0,10,11,18,2,11,4,3,1,3,2022-10-28
402,서울특별시,영등포구,1156012700,양평동3가,0,0,0,0,0,2,3264,1,1,0,0,0,5,0,5,0,0,4,0,26,7,18,2,16,10,5,0,22,2022-10-28
403,서울특별시,영등포구,1156012800,양평동4가,0,2,0,0,0,3,3264,0,0,0,0,0,16,2,3,5,0,2,0,16,9,4,0,26,4,3,1,10,2022-10-28
404,서울특별시,영등포구,1156012900,양평동5가,1,1,0,0,0,4,3264,0,0,0,0,0,9,0,3,0,0,0,0,10,10,16,0,12,3,0,0,13,2022-10-28
405,서울특별시,영등포구,1156013000,양평동6가,0,0,0,0,0,0,3264,0,0,0,0,0,0,0,0,0,0,0,0,6,0,0,0,2,3,0,0,0,2022-10-28
406,서울특별시,영등포구,1156013100,양화동,0,0,3,0,0,0,3264,0,0,0,0,0,0,0,0,0,0,0,0,4,0,1,0,0,2,1,0,0,2022-10-28
407,서울특별시,영등포구,1156013400,양평동,0,0,2,0,0,0,3264,0,0,0,0,0,0,0,0,0,0,0,0,0,0,1,0,0,0,1,0,0,2022-10-28
408,서울특별시,영등포구,1156013300,대림동,1,0,2,2,2,43,3264,3,0,3,70,0,103,0,5,8,0,10,0,58,83,119,3,61,42,10,2,60,2022-10-28
409,서울특별시,동작구,1159010100,노량진동,2,2,2,3,0,26,2534,0,1,7,20,0,42,0,11,0,1,2,0,38,13,100,5,78,25,6,1,156,2022-10-28
410,서울특별시,동작구,1159010400,본동,1,0,3,0,1,4,2534,0,0,0,10,0,5,0,1,0,0,4,0,8,3,18,2,4,9,2,0,18,2022-10-28
411,서울특별시,동작구,1159010200,상도동,2,3,0,5,1,47,2534,4,1,2,70,1,150,0,19,10,1,6,0,78,56,250,21,90,61,9,5,173,2022-10-28
412,서울특별시,동작구,1159010300,상도1동,1,1,0,0,0,7,2534,0,0,0,0,0,24,0,3,0,0,2,0,25,6,30,3,26,12,1,2,22,2022-10-28
413,서울특별시,동작구,1159010500,흑석동,1,1,0,0,0,24,2534,2,1,2,50,0,50,0,5,3,0,6,0,22,7,60,8,41,20,11,2,58,2022-10-28
414,서울특별시,동작구,1159010700,사당동,5,3,0,4,2,43,2534,3,1,8,90,1,199,1,16,9,0,12,0,86,59,194,12,124,47,12,8,191,2022-10-28
415,서울특별시,동작구,1159010600,동작동,2,0,0,0,0,0,2534,1,0,0,10,1,0,1,1,0,0,0,0,4,0,16,1,3,3,1,0,4,2022-10-28
416,서울특별시,동작구,1159010800,대방동,2,0,0,1,2,17,2534,5,0,2,30,2,62,5,13,5,0,6,0,29,24,70,6,31,22,10,2,138,2022-10-28
417,서울특별시,동작구,1159010900,신대방동,1,1,2,1,1,22,2534,2,0,1,40,1,67,1,13,10,3,4,0,42,24,82,8,64,29,14,0,89,2022-10-28
418,서울특별시,관악구,1162010100,봉천동,3,7,0,5,3,100,2542,7,0,5,190,3,364,10,71,26,4,20,0,254,149,328,35,281,101,47,15,369,2022-10-28
419,서울특별시,관악구,1162010300,남현동,0,1,0,1,1,8,2542,0,0,0,0,1,29,0,5,2,0,2,0,26,14,11,5,25,2,2,1,24,2022-10-28
420,서울특별시,관악구,1162010200,신림동,1,4,0,10,5,103,2542,9,1,12,90,2,324,8,66,14,1,22,0,320,130,467,40,301,143,46,13,298,2022-10-28
421,서울특별시,서초구,1165010800,서초동,6,21,0,0,3,112,4187,3,3,10,180,4,647,4,120,67,1,12,0,240,111,165,37,366,125,29,12,519,2022-10-28
422,서울특별시,서초구,1165010100,방배동,2,9,2,2,3,49,4187,4,1,3,140,1,229,4,56,34,1,10,0,135,97,130,17,210,73,30,17,419,2022-10-28
423,서울특별시,서초구,1165010600,잠원동,2,5,0,0,0,24,4187,2,0,1,50,0,173,0,16,13,0,4,1,42,58,64,5,63,30,13,5,283,2022-10-28
424,서울특별시,서초구,1165010700,반포동,7,9,5,2,2,44,4187,6,0,0,90,2,193,3,39,24,4,10,1,92,103,115,12,141,49,25,11,428,2022-10-28
425,서울특별시,서초구,1165010200,양재동,1,3,1,3,1,26,4187,1,2,2,30,1,88,1,20,19,1,4,0,104,54,67,18,142,52,20,5,105,2022-10-28
426,서울특별시,서초구,1165010300,우면동,0,0,0,0,1,8,4187,2,0,0,20,0,28,0,8,1,0,6,0,20,29,22,3,37,13,10,2,71,2022-10-28
427,서울특별시,서초구,1165010400,원지동,0,0,0,0,0,0,4187,0,0,0,0,0,2,0,0,0,0,0,0,0,0,0,0,9,1,3,0,0,2022-10-28
428,서울특별시,서초구,1165010900,내곡동,0,0,0,0,1,3,4187,0,0,0,20,0,11,0,0,0,0,2,0,2,11,7,0,6,4,6,0,18,2022-10-28
429,서울특별시,서초구,1165011000,염곡동,0,0,0,0,0,0,4187,0,0,0,0,0,1,0,0,0,0,0,0,0,3,1,0,6,6,4,0,1,2022-10-28
430,서울특별시,서초구,1165011100,신원동,1,1,0,0,0,0,4187,1,0,0,10,0,6,0,0,0,0,0,0,12,8,5,0,16,5,8,1,7,2022-10-28
431,서울특별시,강남구,1168010700,신사동,2,8,0,1,1,70,7518,1,2,4,10,0,700,0,57,26,0,2,0,121,16,218,8,235,20,10,8,466,2022-10-28
432,서울특별시,강남구,1168011000,압구정동,1,0,0,0,1,6,7518,2,0,0,0,0,15,3,2,3,0,2,3,10,1,70,0,25,12,3,2,40,2022-10-28
433,서울특별시,강남구,1168010800,논현동,3,10,0,1,2,79,7518,1,2,2,10,0,494,0,77,48,1,4,0,205,8,502,24,271,37,11,11,178,2022-10-28
434,서울특별시,강남구,1168010400,청담동,1,6,0,0,1,25,7518,1,1,0,10,3,261,1,60,28,0,4,1,82,5,214,3,101,18,5,12,119,2022-10-28
435,서울특별시,강남구,1168010500,삼성동,9,15,0,0,2,30,7518,3,2,4,40,0,194,1,38,39,3,4,1,142,2,296,19,228,52,18,8,141,2022-10-28
436,서울특별시,강남구,1168010600,대치동,4,16,0,2,2,56,7518,5,1,1,80,1,300,4,58,52,0,8,1,168,11,367,20,250,50,20,8,1620,2022-10-28
437,서울특별시,강남구,1168010100,역삼동,4,24,0,2,1,100,7518,2,2,11,60,2,591,1,90,65,1,4,0,324,14,430,38,503,63,23,15,388,2022-10-28
438,서울특별시,강남구,1168011800,도곡동,3,2,0,2,0,34,7518,4,0,0,0,1,137,3,27,24,0,4,0,53,9,166,7,83,24,9,5,162,2022-10-28
439,서울특별시,강남구,1168010300,개포동,2,1,0,0,1,28,7518,2,0,1,30,0,97,4,12,14,1,10,0,58,13,330,11,69,29,22,8,195,2022-10-28
440,서울특별시,강남구,1168011400,일원동,2,0,0,1,1,31,7518,2,0,0,30,1,50,5,7,13,0,8,0,26,4,99,3,37,21,11,4,106,2022-10-28
441,서울특별시,강남구,1168011100,세곡동,0,1,0,0,1,5,7518,0,0,0,20,1,19,0,2,1,0,4,0,10,3,39,3,19,10,8,1,40,2022-10-28
442,서울특별시,강남구,1168011200,자곡동,0,0,0,0,0,5,7518,1,0,0,10,1,10,1,1,2,0,4,0,32,2,20,0,15,3,7,3,43,2022-10-28
443,서울특별시,강남구,1168011300,율현동,0,0,0,0,0,1,7518,0,0,0,0,1,5,0,1,1,0,0,0,4,2,38,1,6,1,4,0,4,2022-10-28
444,서울특별시,강남구,1168011500,수서동,2,2,0,0,1,14,7518,2,0,0,20,0,43,2,4,6,1,4,0,26,1,70,4,36,13,6,1,28,2022-10-28
445,서울특별시,송파구,1171010300,풍납동,0,0,0,0,0,35,2099,3,0,0,40,0,44,1,6,3,0,6,0,22,6,27,3,22,15,15,2,91,2022-10-28
446,서울특별시,송파구,1171011300,거여동,1,1,0,2,0,18,2099,2,0,0,200,0,66,1,11,5,0,5,0,32,19,13,2,26,18,13,6,99,2022-10-28
447,서울특별시,송파구,1171011400,마천동,1,1,0,1,1,22,2099,0,0,1,0,0,59,0,2,3,4,4,0,20,14,25,7,21,5,10,2,51,2022-10-28
448,서울특별시,송파구,1171011100,방이동,2,4,1,1,1,38,2099,5,0,2,40,6,125,4,31,17,1,8,0,62,20,29,11,81,27,27,6,272,2022-10-28
449,서울특별시,송파구,1171011200,오금동,2,1,0,0,1,14,2099,5,0,0,70,0,42,2,12,13,0,6,0,32,5,25,4,28,16,13,8,148,2022-10-28
450,서울특별시,송파구,1171010400,송파동,0,2,0,1,0,27,2099,2,1,0,30,0,91,3,31,9,0,4,0,38,16,23,6,69,9,9,9,164,2022-10-28
451,서울특별시,송파구,1171010500,석촌동,1,1,0,1,0,28,2099,0,0,3,30,1,87,0,18,6,0,2,0,38,15,21,5,39,11,3,5,112,2022-10-28
452,서울특별시,송파구,1171010600,삼전동,0,1,0,2,1,16,2099,1,0,0,20,0,56,1,19,8,0,2,0,28,11,14,5,30,6,5,5,127,2022-10-28
453,서울특별시,송파구,1171010700,가락동,5,4,0,1,1,53,2099,4,1,2,160,1,172,0,20,19,1,12,0,54,31,38,9,101,35,18,5,221,2022-10-28
454,서울특별시,송파구,1171010800,문정동,1,5,0,2,1,25,2099,1,0,2,50,2,87,1,35,16,0,6,0,64,18,15,17,157,27,27,8,159,2022-10-28
455,서울특별시,송파구,1171010900,장지동,3,1,0,0,2,10,2099,2,0,1,130,1,35,1,8,0,0,6,0,18,13,10,6,27,22,23,2,125,2022-10-28
456,서울특별시,송파구,1171010100,잠실동,4,3,12,0,1,54,2099,4,2,14,0,3,243,4,42,15,2,14,1,48,36,48,11,110,36,30,10,280,2022-10-28
457,서울특별시,송파구,1171010200,신천동,3,3,0,0,1,37,2099,1,0,2,20,1,113,1,15,5,0,6,1,14,12,22,7,63,11,14,3,109,2022-10-28
458,서울특별시,강동구,1174011000,강일동,0,1,0,0,1,9,4327,6,0,0,70,0,31,1,3,1,0,6,0,32,9,16,10,16,4,15,2,80,2022-10-28
459,서울특별시,강동구,1174010300,상일동,1,1,0,0,1,11,4327,2,1,0,130,0,28,5,5,6,0,8,0,32,20,41,2,39,14,12,2,37,2022-10-28
460,서울특별시,강동구,1174010100,명일동,2,3,0,2,1,41,4327,0,0,3,20,3,145,1,17,12,0,6,0,40,9,58,11,70,27,13,4,343,2022-10-28
461,서울특별시,강동구,1174010200,고덕동,1,1,0,0,1,13,4327,3,0,0,80,1,47,3,6,1,1,8,0,28,7,90,2,46,17,15,4,110,2022-10-28
462,서울특별시,강동구,1174010700,암사동,1,1,0,2,1,22,4327,2,0,1,30,4,90,1,16,8,1,6,0,66,11,133,4,70,11,11,5,197,2022-10-28
463,서울특별시,강동구,1174010900,천호동,3,4,0,3,1,51,4327,4,1,13,70,6,199,1,14,7,1,6,1,136,12,266,17,131,32,15,4,124,2022-10-28
464,서울특별시,강동구,1174010800,성내동,1,4,0,2,1,38,4327,1,0,5,50,2,180,0,30,14,3,4,0,116,12,156,20,143,33,18,8,190,2022-10-28
465,서울특별시,강동구,1174010500,길동,1,2,0,1,0,35,4327,1,0,3,20,1,120,0,18,9,1,6,0,76,10,119,10,63,22,9,8,100,2022-10-28
466,서울특별시,강동구,1174010600,둔촌동,1,0,0,0,2,20,4327,3,1,0,0,0,29,2,8,6,0,4,0,34,0,65,4,35,14,11,3,76,2022-10-28
