,SUBWAY_NUM,STARBUCKS_NUM,SPORT_NUM,SAFE_DLVR_NUM,MC_NUM,KINDER_NUM,KIDS_NUM,GYM_NUM,GOLF_NUM,ACADEMY_NUM,ANIMAL_HSPT_NUM,BIKE_NUM,CAFE,CAR_SHR_NUM,CCTV_NUM,CHILD_MED_NUM,CON_NUM,DPTM_NUM,GU,DONG,DONG_CODE,BUS_CNT
0,0.3333333333333333,0.3333333333333333,0.0,1.0,0.0,0.0,0.0,0.0,0.0,18.0,4.0,5.666666666666667,39.666666666666664,1.0,56.666666666666664,7.333333333333333,2.0,0.0,종로구,청운효자동,1111051500,14.0
1,1.3333333333333333,7.333333333333333,0.0,0.0,0.0,10.0,0.0,18.0,3.0,19.0,2.0,11.666666666666666,100.66666666666667,5.0,41.666666666666664,10.333333333333334,10.0,0.0,종로구,사직동,1111053000,16.0
2,0.0,1.0,1.0,0.0,0.0,10.0,0.0,3.0,0.0,2.0,0.0,7.0,52.0,1.0,22.0,1.0,1.0,0.0,종로구,삼청동,1111054000,11.0
3,0.0,0.0,0.0,0.0,0.0,0.0,0.0,2.0,2.0,24.0,6.0,5.0,30.0,5.0,41.0,5.0,4.0,0.0,종로구,부암동,1111055000,9.0
4,0.0,1.0,0.0,0.0,0.0,0.0,0.0,5.0,5.0,28.0,0.0,7.0,36.0,0.0,21.0,10.0,3.0,0.0,종로구,평창동,1111056000,37.0
5,0.0,0.0,0.0,0.0,0.0,10.0,0.0,0.0,1.0,20.0,0.0,3.0,10.0,1.0,13.0,3.0,1.0,0.0,종로구,무악동,1111057000,5.0
6,0.0,4.0,0.0,0.0,0.0,30.0,1.0,2.0,0.0,20.0,2.0,5.0,18.0,0.0,9.0,6.0,5.0,0.0,종로구,교남동,1111058000,13.0
7,0.0,2.0,0.0,0.0,0.0,0.0,0.0,1.0,0.0,2.0,0.0,4.0,53.0,0.0,33.0,3.0,4.0,0.0,종로구,가회동,1111060000,9.0
8,5.333333333333333,13.333333333333334,0.0,0.0,1.0,50.0,1.0,10.0,5.0,101.5,0.0,28.166666666666668,243.16666666666666,18.0,78.66666666666667,20.333333333333332,28.5,0.0,종로구,종로1.2.3.4가동,1111061500,48.0
9,3.0,0.0,0.0,0.0,0.0,20.0,0.0,0.0,0.0,7.0,0.0,8.0,62.0,0.0,38.0,33.0,0.0,0.0,종로구,종로5.6가동,1111063000,11.0
10,1.0,4.0,0.0,0.0,1.0,0.0,0.0,3.0,1.0,8.0,0.0,4.0,59.0,7.0,35.0,5.0,4.0,0.0,종로구,이화동,1111064000,12.0
11,0.0,2.0,0.0,1.0,1.0,0.0,0.0,5.0,0.0,40.5,2.0,9.5,70.5,2.0,72.0,28.0,8.5,0.0,종로구,혜화동,1111065000,9.0
12,0.3333333333333333,0.0,0.0,0.3333333333333333,0.3333333333333333,0.0,0.0,1.0,0.3333333333333333,4.333333333333333,0.6666666666666666,2.6666666666666665,12.0,0.0,13.0,9.666666666666666,2.3333333333333335,0.0,종로구,창신1동,1111067000,5.0
13,0.3333333333333333,0.0,0.0,0.3333333333333333,0.3333333333333333,0.0,0.0,1.0,0.3333333333333333,4.333333333333333,0.6666666666666666,2.6666666666666665,12.0,0.0,13.0,9.666666666666666,2.3333333333333335,0.0,종로구,창신2동,1111068000,2.0
14,0.3333333333333333,0.0,0.0,0.3333333333333333,0.3333333333333333,0.0,0.0,1.0,0.3333333333333333,4.333333333333333,0.6666666666666666,2.6666666666666665,12.0,0.0,13.0,9.666666666666666,2.3333333333333335,0.0,종로구,창신3동,1111069000,3.0
15,1.0,0.5,0.0,1.0,0.0,5.0,0.0,2.5,1.0,8.0,2.0,2.0,10.5,2.0,17.5,10.5,4.5,0.0,종로구,숭인1동,1111070000,7.0
16,1.0,0.5,0.0,1.0,0.0,5.0,0.0,2.5,1.0,8.0,2.0,2.0,10.5,2.0,17.5,10.5,4.5,0.0,종로구,숭인2동,1111071000,6.0
17,2.0,9.0,0.0,0.0,0.0,10.0,0.0,6.5,3.0,8.5,0.0,8.0,113.0,8.5,81.0,20.5,24.0,1.5,중구,소공동,1114052000,24.0
18,1.0,9.5,0.0,0.0,0.0,20.0,0.0,5.0,0.0,1.5,0.0,13.0,111.5,7.5,94.0,18.5,20.5,0.5,중구,회현동,1114054000,21.0
19,2.0,18.5,0.0,1.0,3.0,0.0,0.0,18.0,3.0,16.0,0.0,26.0,274.0,7.0,120.5,44.0,45.0,1.0,중구,명동,1114055000,32.0
20,2.5,2.5,0.5,1.0,0.0,0.0,0.0,2.5,1.0,7.0,4.0,7.0,89.0,4.5,98.5,13.5,17.5,0.0,중구,필동,1114057000,4.0
21,0.5,1.0,0.5,1.0,0.0,0.0,0.0,0.0,0.0,2.5,1.0,3.5,21.0,2.0,59.0,4.0,5.0,0.0,중구,장충동,1114058000,9.0
22,0.0,3.5,0.0,0.0,0.0,0.0,1.0,1.0,2.0,3.5,1.0,5.5,130.5,5.5,91.0,19.5,20.0,0.0,중구,광희동,1114059000,16.0
23,4.0,3.0,0.0,0.0,0.0,0.0,0.0,2.0,3.0,1.0,6.0,5.0,112.0,2.0,57.0,28.0,18.0,0.0,중구,을지로동,1114060500,14.0
24,2.8333333333333335,2.1666666666666665,0.0,0.8333333333333334,0.0,3.3333333333333335,0.16666666666666666,6.333333333333334,1.3333333333333333,15.666666666666666,3.0,2.3333333333333335,39.33333333333333,5.166666666666666,74.5,27.833333333333332,12.5,0.0,중구,신당동,1114061500,17.0
25,0.8333333333333334,0.16666666666666666,0.0,0.8333333333333334,0.0,3.3333333333333335,0.16666666666666666,3.3333333333333335,0.3333333333333333,15.666666666666666,3.0,2.3333333333333335,24.333333333333332,2.1666666666666665,53.5,20.833333333333332,7.5,0.0,중구,다산동,1114062500,3.0
26,0.8333333333333334,0.16666666666666666,0.0,0.8333333333333334,0.0,3.3333333333333335,0.16666666666666666,3.3333333333333335,0.3333333333333333,15.666666666666666,3.0,2.3333333333333335,24.333333333333332,2.1666666666666665,53.5,20.833333333333332,7.5,0.0,중구,약수동,1114063500,5.0
27,0.8333333333333334,0.16666666666666666,0.0,0.8333333333333334,0.0,3.3333333333333335,0.16666666666666666,3.3333333333333335,0.3333333333333333,15.666666666666666,3.0,2.3333333333333335,24.333333333333332,2.1666666666666665,53.5,20.833333333333332,7.5,0.0,중구,청구동,1114064500,1.0
28,0.8333333333333334,0.16666666666666666,0.0,0.8333333333333334,0.0,3.3333333333333335,0.16666666666666666,3.3333333333333335,0.3333333333333333,15.666666666666666,3.0,2.3333333333333335,24.333333333333332,2.1666666666666665,53.5,20.833333333333332,7.5,0.0,중구,신당5동,1114065000,4.0
29,0.8333333333333334,0.16666666666666666,0.0,0.8333333333333334,0.0,3.3333333333333335,0.16666666666666666,3.3333333333333335,0.3333333333333333,15.666666666666666,3.0,2.3333333333333335,24.333333333333332,2.1666666666666665,53.5,20.833333333333332,7.5,0.0,중구,동화동,1114066500,1.0
30,0.0,1.0,0.0,0.0,0.0,20.0,1.0,6.0,3.0,3.0,6.0,1.0,21.0,2.0,60.0,7.0,8.0,0.0,중구,황학동,1114067000,6.0
31,0.0,0.0,0.0,0.0,0.0,0.0,0.0,2.0,0.0,12.0,2.0,8.0,25.0,4.0,95.0,14.0,8.0,0.0,중구,중림동,1114068000,7.0
32,0.0,0.0,0.0,0.0,0.0,10.0,0.0,1.0,1.0,28.0,4.0,2.0,14.0,3.0,24.0,5.0,8.0,0.0,용산구,후암동,1117051000,11.0
33,0.0,1.0,0.0,0.0,0.0,0.0,0.0,1.0,0.0,5.0,4.0,6.0,15.0,2.0,34.0,1.0,10.0,0.0,용산구,용산2가동,1117052000,12.0
34,0.0,5.0,0.0,1.0,1.0,0.0,1.0,8.0,3.0,17.0,0.0,6.0,43.0,7.0,13.0,4.0,14.0,0.0,용산구,남영동,1117053000,7.0
35,0.0,3.0,0.0,1.0,0.0,0.0,0.0,4.0,3.0,11.0,2.0,4.0,57.0,7.0,35.0,1.0,11.0,0.0,용산구,청파동,1117055500,15.0
36,0.0,1.0,0.0,1.0,0.0,20.0,0.0,6.0,3.0,24.0,6.0,9.0,26.0,4.0,16.0,5.0,9.0,0.0,용산구,원효로1동,1117056000,16.0
37,0.0,0.0,0.0,0.0,0.0,10.0,0.0,1.0,3.0,26.0,4.0,7.0,16.0,2.0,24.0,1.0,8.0,0.0,용산구,원효로2동,1117057000,10.0
38,0.0,1.0,0.0,2.0,0.0,20.0,0.0,1.0,0.0,22.0,4.0,2.0,8.0,1.0,13.0,2.0,5.0,0.0,용산구,효창동,1117058000,11.0
39,0.0,0.0,0.0,0.0,0.0,10.0,0.0,0.0,0.0,21.0,2.0,1.0,13.0,3.0,12.0,2.0,4.0,0.0,용산구,용문동,1117059000,8.0
40,7.0,6.0,0.0,0.0,0.0,50.0,4.0,8.0,4.0,11.0,4.0,23.0,120.0,13.0,36.0,3.0,19.0,1.0,용산구,한강로동,1117062500,24.0
41,0.0,1.0,1.5,0.0,0.0,20.0,0.0,3.0,2.0,22.0,4.0,5.5,8.5,0.5,14.0,4.5,3.5,0.0,용산구,이촌1동,1117063000,11.0
42,0.0,1.0,1.5,0.0,0.0,20.0,0.0,3.0,2.0,22.0,4.0,5.5,8.5,0.5,14.0,4.5,3.5,0.0,용산구,이촌2동,1117064000,7.0
43,0.5,1.0,0.0,0.5,0.0,10.0,0.0,4.5,0.5,5.0,3.0,3.0,21.0,3.0,24.5,2.5,8.5,0.0,용산구,이태원1동,1117065000,11.0
44,0.5,1.0,0.0,0.5,0.0,10.0,0.0,4.5,0.5,5.0,3.0,3.0,21.0,3.0,24.5,2.5,8.5,0.0,용산구,이태원2동,1117066000,10.0
45,2.0,2.0,1.0,1.0,0.0,10.0,0.0,26.0,3.0,19.0,10.0,13.0,66.0,9.0,43.0,5.0,11.0,0.0,용산구,한남동,1117068500,31.0
46,1.0,1.0,0.0,0.0,0.0,10.0,0.0,3.0,1.0,14.0,0.0,7.0,10.0,0.0,34.0,0.0,5.0,0.0,용산구,서빙고동,1117069000,13.0
47,0.0,0.0,0.0,1.0,0.0,0.0,0.0,4.0,0.0,14.0,4.0,1.0,10.0,4.0,51.0,3.0,5.0,0.0,용산구,보광동,1117070000,10.0
48,0.5,1.0,0.0,0.5,0.0,20.0,0.0,4.0,2.0,35.0,3.0,4.0,14.0,1.0,14.5,2.5,5.5,0.0,성동구,왕십리2동,1120052000,12.0
49,0.5,2.0,0.0,0.5,0.0,30.0,0.0,13.0,3.0,60.0,7.0,8.0,37.0,4.0,49.5,21.5,14.5,0.0,성동구,왕십리도선동,1120053500,16.0
50,1.0,0.0,0.0,0.0,0.0,0.0,0.0,2.0,4.0,24.0,2.0,10.0,9.0,5.0,92.0,20.0,7.0,0.0,성동구,마장동,1120054000,21.0
51,2.333333333333333,0.6666666666666666,0.0,1.6666666666666665,0.3333333333333333,6.666666666666667,0.6666666666666666,3.6666666666666665,2.0,46.333333333333336,5.333333333333333,7.333333333333333,28.666666666666668,6.333333333333334,50.0,16.333333333333336,15.666666666666666,0.0,성동구,사근동,1120055000,11.0
52,1.3333333333333333,0.6666666666666666,0.0,0.6666666666666666,0.3333333333333333,6.666666666666667,0.6666666666666666,3.6666666666666665,2.0,44.333333333333336,5.333333333333333,4.333333333333333,19.666666666666668,2.3333333333333335,21.0,14.333333333333334,8.666666666666666,0.0,성동구,행당1동,1120056000,15.0
53,1.3333333333333333,0.6666666666666666,0.0,0.6666666666666666,0.3333333333333333,6.666666666666667,0.6666666666666666,3.6666666666666665,2.0,44.333333333333336,5.333333333333333,4.333333333333333,19.666666666666668,2.3333333333333335,21.0,14.333333333333334,8.666666666666666,0.0,성동구,행당2동,1120057000,12.0
54,0.0,0.0,1.0,0.0,0.0,0.0,0.0,0.0,3.0,23.0,0.0,3.0,2.0,0.0,24.0,4.0,3.0,0.0,성동구,응봉동,1120058000,21.0
55,1.0,0.0,2.0,0.0,0.0,10.0,0.0,3.0,2.0,44.0,0.0,1.0,12.0,0.0,16.0,20.0,3.0,0.0,성동구,금호1가동,1120059000,18.0
56,0.0,0.0,0.0,1.0,0.0,0.0,0.0,2.0,1.0,38.0,4.0,5.0,16.0,2.0,43.0,30.0,6.0,0.0,성동구,금호2.3가동,1120061500,18.0
57,0.0,1.0,0.0,0.0,0.0,0.0,0.0,3.0,2.0,30.0,6.0,5.0,12.0,3.0,33.0,24.0,5.0,0.0,성동구,금호4가동,1120062000,15.0
58,2.0,1.0,0.0,0.0,0.0,20.0,0.0,11.0,3.0,60.0,8.0,2.0,16.0,3.0,14.0,28.0,7.0,0.0,성동구,옥수동,1120064500,28.0
59,0.5,1.0,0.0,1.0,0.0,10.0,0.5,6.5,3.5,27.5,3.0,7.5,53.5,2.5,29.0,18.0,12.0,0.0,성동구,성수1가1동,1120065000,20.0
60,0.5,1.0,0.0,1.0,0.0,10.0,0.5,6.5,3.5,27.5,3.0,7.5,53.5,2.5,29.0,18.0,12.0,0.0,성동구,성수1가2동,1120066000,9.0
61,0.0,2.0,0.0,1.0,0.5,5.0,0.5,9.5,4.5,16.0,2.0,8.0,59.5,3.0,48.0,24.0,21.5,0.0,성동구,성수2가1동,1120067000,14.0
62,0.0,2.0,0.0,1.0,0.5,5.0,0.5,9.5,4.5,16.0,2.0,8.0,59.5,3.0,48.0,24.0,21.5,0.0,성동구,성수2가3동,1120069000,8.0
63,0.0,0.0,0.0,0.0,0.0,0.0,0.0,0.5,0.0,3.0,1.0,3.0,5.0,1.5,15.0,2.0,2.5,0.0,성동구,송정동,1120072000,12.0
64,2.0,0.0,4.0,1.0,0.0,10.0,0.0,3.5,2.0,14.0,1.0,13.0,30.0,7.5,55.0,14.0,10.5,0.0,성동구,용답동,1120079000,9.0
65,2.0,3.0,0.0,1.0,1.0,0.0,1.0,16.0,4.0,27.0,4.0,9.0,95.0,7.0,40.0,12.0,33.0,0.0,광진구,화양동,1121571000,15.0
66,0.0,2.0,0.0,0.0,0.0,40.0,1.0,13.0,3.0,29.0,4.0,11.0,46.0,3.0,48.0,8.0,11.0,0.0,광진구,군자동,1121573000,22.0
67,0.0,0.5,0.0,1.25,0.0,5.0,1.0,6.75,2.5,35.5,3.5,2.5,26.5,2.0,35.0,9.25,12.75,0.0,광진구,중곡1동,1121574000,9.0
68,0.0,0.5,0.0,1.25,0.0,5.0,1.0,6.75,2.5,35.5,3.5,2.5,26.5,2.0,35.0,9.25,12.75,0.0,광진구,중곡2동,1121575000,9.0
69,0.0,0.5,0.0,1.25,0.0,5.0,1.0,6.75,2.5,35.5,3.5,2.5,26.5,2.0,35.0,9.25,12.75,0.0,광진구,중곡3동,1121576000,8.0
70,0.0,0.5,0.0,1.25,0.0,5.0,1.0,6.75,2.5,35.5,3.5,2.5,26.5,2.0,35.0,9.25,12.75,0.0,광진구,중곡4동,1121577000,23.0
71,2.0,0.0,0.0,0.0,0.0,10.0,0.0,4.0,2.0,12.0,4.0,6.0,28.0,1.0,37.0,3.0,14.0,0.0,광진구,능동,1121578000,9.0
72,0.0,1.0,0.0,0.0,0.0,50.0,0.0,10.0,3.0,111.0,6.0,8.0,38.0,1.0,33.0,6.0,13.0,0.0,광진구,광장동,1121581000,26.0
73,0.0,1.25,0.0,1.25,0.25,20.0,1.25,10.0,5.25,52.0,4.5,6.0,36.25,6.0,39.25,6.0,14.75,0.25,광진구,자양1동,1121582000,11.0
74,0.0,1.25,0.0,1.25,0.25,20.0,1.25,10.0,5.25,52.0,4.5,6.0,36.25,6.0,39.25,6.0,14.75,0.25,광진구,자양2동,1121583000,5.0
75,0.0,1.25,0.0,1.25,0.25,20.0,1.25,10.0,5.25,52.0,4.5,6.0,36.25,6.0,39.25,6.0,14.75,0.25,광진구,자양3동,1121584000,13.0
76,0.0,1.25,0.0,1.25,0.25,20.0,1.25,10.0,5.25,52.0,4.5,6.0,36.25,6.0,39.25,6.0,14.75,0.25,광진구,자양4동,1121584700,10.0
77,0.6666666666666666,1.0,0.0,1.0,0.0,23.333333333333332,0.0,13.666666666666666,6.0,84.0,2.6666666666666665,6.666666666666667,46.0,3.0,51.666666666666664,10.666666666666666,17.0,0.0,광진구,구의1동,1121585000,8.0
78,0.6666666666666666,1.0,0.0,1.0,0.0,23.333333333333332,0.0,13.666666666666666,6.0,84.0,2.6666666666666665,6.666666666666667,46.0,3.0,51.666666666666664,10.666666666666666,17.0,0.0,광진구,구의2동,1121586000,10.0
79,0.6666666666666666,1.0,0.0,1.0,0.0,23.333333333333332,0.0,13.666666666666666,6.0,84.0,2.6666666666666665,6.666666666666667,46.0,3.0,51.666666666666664,10.666666666666666,17.0,0.0,광진구,구의3동,1121587000,16.0
80,5.0,1.0,0.0,1.0,0.0,30.0,0.0,10.0,9.0,41.0,8.0,14.0,57.0,11.0,120.0,16.0,32.0,0.0,동대문구,용신동,1123053600,22.0
81,0.0,0.0,0.0,1.0,0.0,10.0,0.0,9.0,2.0,35.0,0.0,5.0,29.0,3.0,96.0,6.0,17.0,0.0,동대문구,제기동,1123054500,19.0
82,0.0,0.5,0.0,0.5,0.5,35.0,0.5,5.0,2.0,51.0,3.0,8.5,30.5,5.0,54.0,19.5,14.5,0.0,동대문구,전농1동,1123056000,21.0
83,0.0,0.5,0.0,0.5,0.5,35.0,0.5,5.0,2.0,51.0,3.0,8.5,30.5,5.0,54.0,19.5,14.5,0.0,동대문구,전농2동,1123057000,7.0
84,0.0,0.5,0.0,0.5,0.0,40.0,0.5,7.0,3.0,49.0,6.0,5.5,20.5,3.5,50.5,24.0,13.5,0.0,동대문구,답십리1동,1123060000,20.0
85,0.0,0.5,0.0,0.5,0.0,40.0,0.5,7.0,3.0,49.0,6.0,5.5,20.5,3.5,50.5,24.0,13.5,0.0,동대문구,답십리2동,1123061000,14.0
86,0.0,0.5,0.5,1.0,0.5,45.0,1.5,13.5,8.0,106.0,8.0,5.5,43.5,6.5,63.0,26.0,28.5,0.0,동대문구,장안1동,1123065000,11.0
87,0.0,0.5,0.5,1.0,0.5,45.0,1.5,13.5,8.0,106.0,8.0,5.5,43.5,6.5,63.0,26.0,28.5,0.0,동대문구,장안2동,1123066000,17.0
88,0.0,0.0,0.0,2.0,0.0,0.0,0.0,7.0,0.0,23.0,4.0,10.0,16.0,4.0,43.0,13.0,7.0,0.0,동대문구,청량리동,1123070500,13.0
89,0.0,3.0,0.0,1.0,0.0,0.0,0.0,11.0,1.0,14.0,2.0,3.0,38.0,3.0,62.0,8.0,11.0,0.0,동대문구,회기동,1123071000,7.0
90,1.5,0.0,0.0,1.0,0.0,20.0,0.5,6.0,3.0,24.5,2.0,7.0,18.5,2.0,51.0,14.5,10.5,0.0,동대문구,휘경1동,1123072000,7.0
91,1.5,0.0,0.0,1.0,0.0,20.0,0.5,6.0,3.0,24.5,2.0,7.0,18.5,2.0,51.0,14.5,10.5,0.0,동대문구,휘경2동,1123073000,10.0
92,1.0,1.0,0.0,0.5,0.0,30.0,0.0,3.0,0.5,34.5,2.0,4.5,21.0,2.0,47.0,18.0,9.0,0.0,동대문구,이문1동,1123074000,11.0
93,1.0,1.0,0.0,0.5,0.0,30.0,0.0,3.0,0.5,34.5,2.0,4.5,21.0,2.0,47.0,18.0,9.0,0.0,동대문구,이문2동,1123075000,6.0
94,0.5,0.16666666666666666,0.0,0.6666666666666666,0.0,20.0,0.3333333333333333,4.0,1.3333333333333333,28.5,4.0,4.166666666666667,20.666666666666668,2.6666666666666665,94.0,7.333333333333333,14.5,0.0,중랑구,면목2동,1126052000,16.0
95,0.5,0.16666666666666666,0.0,0.6666666666666666,0.0,20.0,0.3333333333333333,4.0,1.3333333333333333,28.5,4.0,4.166666666666667,20.666666666666668,2.6666666666666665,94.0,7.333333333333333,14.5,0.0,중랑구,면목4동,1126054000,7.0
96,0.5,0.16666666666666666,0.0,0.6666666666666666,0.0,20.0,0.3333333333333333,4.0,1.3333333333333333,28.5,4.0,4.166666666666667,20.666666666666668,2.6666666666666665,94.0,7.333333333333333,14.5,0.0,중랑구,면목5동,1126055000,9.0
97,0.5,0.16666666666666666,0.0,0.6666666666666666,0.0,20.0,0.3333333333333333,4.0,1.3333333333333333,28.5,4.0,4.166666666666667,20.666666666666668,2.6666666666666665,94.0,7.333333333333333,14.5,0.0,중랑구,면목본동,1126056500,10.0
98,0.5,0.16666666666666666,0.0,0.6666666666666666,0.0,20.0,0.3333333333333333,4.0,1.3333333333333333,28.5,4.0,4.166666666666667,20.666666666666668,2.6666666666666665,94.0,7.333333333333333,14.5,0.0,중랑구,면목7동,1126057000,10.0
99,0.5,0.16666666666666666,0.0,0.6666666666666666,0.0,20.0,0.3333333333333333,4.0,1.3333333333333333,28.5,4.0,4.166666666666667,20.666666666666668,2.6666666666666665,94.0,7.333333333333333,14.5,0.0,중랑구,면목3.8동,1126057500,11.0
100,2.5,1.5,0.0,0.5,0.5,25.0,1.5,8.0,1.5,23.0,3.0,8.5,30.5,4.5,57.5,14.0,16.0,0.0,중랑구,상봉1동,1126058000,10.0
101,2.5,1.5,0.0,0.5,0.5,25.0,1.5,8.0,1.5,23.0,3.0,8.5,30.5,4.5,57.5,14.0,16.0,0.0,중랑구,상봉2동,1126059000,7.0
102,1.5,0.5,0.0,0.5,0.0,10.0,0.5,3.5,1.5,23.0,5.0,4.5,20.5,2.5,73.0,11.5,16.0,0.0,중랑구,중화1동,1126060000,7.0
103,1.5,0.5,0.0,0.5,0.0,10.0,0.5,3.5,1.5,23.0,5.0,4.5,20.5,2.5,73.0,11.5,16.0,0.0,중랑구,중화2동,1126061000,13.0
104,0.5,0.5,0.0,0.0,0.0,35.0,1.0,3.5,2.0,33.0,3.0,4.5,20.5,3.5,60.5,8.0,11.5,0.0,중랑구,묵1동,1126062000,17.0
105,0.5,0.5,0.0,0.0,0.0,35.0,1.0,3.5,2.0,33.0,3.0,4.5,20.5,3.5,60.5,8.0,11.5,0.0,중랑구,묵2동,1126063000,8.0
106,0.5,0.5,0.0,0.0,0.5,35.0,0.5,4.0,1.5,32.5,2.0,6.5,34.0,3.0,76.5,15.0,17.5,0.0,중랑구,망우본동,1126065500,30.0
107,0.5,0.5,0.0,0.0,0.5,35.0,0.5,4.0,1.5,32.5,2.0,6.5,34.0,3.0,76.5,15.0,17.5,0.0,중랑구,망우3동,1126066000,4.0
108,0.5,0.5,0.0,0.0,0.5,65.0,1.0,4.5,3.0,82.5,5.0,8.5,23.5,2.0,44.0,20.5,11.0,0.0,중랑구,신내1동,1126068000,28.0
109,0.5,0.5,0.0,0.0,0.5,65.0,1.0,4.5,3.0,82.5,5.0,8.5,23.5,2.0,44.0,20.5,11.0,0.0,중랑구,신내2동,1126069000,9.0
110,0.0,1.0,0.0,0.0,1.0,0.0,0.0,6.0,1.0,49.0,4.0,13.0,43.0,1.0,138.0,3.0,10.0,0.0,성북구,성북동,1129052500,22.0
111,0.0,1.1666666666666667,0.0,0.0,0.0,13.333333333333334,0.16666666666666666,6.5,1.8333333333333335,87.33333333333333,4.333333333333333,5.833333333333333,48.166666666666664,7.666666666666667,117.66666666666667,17.5,13.5,0.0,성북구,삼선동,1129055500,26.0
112,0.0,2.1666666666666665,0.0,0.0,0.0,3.3333333333333335,2.1666666666666665,11.5,1.8333333333333335,103.33333333333333,6.333333333333333,6.833333333333333,71.16666666666667,5.666666666666667,96.66666666666667,7.5,11.5,0.0,성북구,동선동,1129057500,10.0
113,0.0,0.16666666666666666,0.0,0.0,0.0,3.3333333333333335,0.16666666666666666,0.5,0.8333333333333334,15.333333333333334,0.3333333333333333,0.8333333333333334,2.1666666666666665,0.6666666666666666,8.666666666666666,0.5,0.5,0.0,성북구,돈암1동,1129058000,11.0
114,0.0,0.16666666666666666,0.0,0.0,0.0,3.3333333333333335,0.16666666666666666,0.5,0.8333333333333334,15.333333333333334,0.3333333333333333,0.8333333333333334,2.1666666666666665,0.6666666666666666,8.666666666666666,0.5,0.5,0.0,성북구,돈암2동,1129059000,12.0
115,0.0,3.0,0.0,1.0,1.0,10.0,0.0,8.0,0.0,10.0,0.0,6.0,68.0,3.0,56.0,4.0,21.0,0.0,성북구,안암동,1129060000,13.0
116,0.0,0.0,0.0,1.0,0.0,10.0,0.0,5.0,1.0,22.0,4.0,2.0,21.0,4.0,77.0,3.0,10.0,0.0,성북구,보문동,1129061000,4.0
117,0.3333333333333333,0.8333333333333333,0.0,0.5833333333333333,0.0,42.5,1.0,6.0,4.0,100.91666666666667,5.333333333333333,7.0,35.583333333333336,5.083333333333333,112.58333333333334,12.083333333333332,16.0,0.3333333333333333,성북구,정릉1동,1129062000,12.0
118,0.0,0.16666666666666666,0.0,0.25,0.0,15.833333333333334,0.6666666666666666,3.0,3.3333333333333335,50.583333333333336,1.3333333333333333,3.3333333333333335,18.916666666666668,2.4166666666666665,91.91666666666667,6.75,10.0,0.0,성북구,정릉2동,1129063000,22.0
119,0.0,0.0,0.0,0.25,0.0,12.5,0.5,2.5,2.5,35.25,1.0,2.5,16.75,1.75,83.25,6.25,9.5,0.0,성북구,정릉3동,1129064000,14.0
120,0.0,0.0,0.0,0.25,0.0,12.5,0.5,2.5,2.5,35.25,1.0,2.5,16.75,1.75,83.25,6.25,9.5,0.0,성북구,정릉4동,1129065000,19.0
121,0.3333333333333333,0.6666666666666666,0.0,0.3333333333333333,0.0,26.666666666666668,0.3333333333333333,3.0,0.6666666666666666,50.333333333333336,4.0,3.6666666666666665,16.666666666666668,2.6666666666666665,20.666666666666668,5.333333333333333,6.0,0.3333333333333333,성북구,길음1동,1129066000,17.0
122,0.6666666666666666,1.3333333333333333,0.0,0.3333333333333333,0.0,33.333333333333336,1.3333333333333333,6.333333333333334,2.6666666666666665,83.0,7.333333333333334,6.666666666666666,35.333333333333336,5.666666666666666,73.33333333333333,10.333333333333332,12.666666666666668,0.3333333333333333,성북구,길음2동,1129068500,14.0
123,1.0,2.0,0.0,1.0,1.0,50.0,2.0,7.0,6.0,89.0,6.0,5.0,35.0,5.0,134.0,19.0,17.0,0.0,성북구,종암동,1129070500,37.0
124,0.3333333333333333,0.6666666666666666,0.0,0.0,0.0,6.666666666666667,1.0,3.3333333333333335,2.0,32.666666666666664,3.3333333333333335,3.0,18.666666666666668,3.0,52.666666666666664,5.0,6.666666666666667,0.0,성북구,월곡1동,1129071500,14.0
125,1.3333333333333333,0.6666666666666666,0.0,0.0,0.0,16.666666666666668,1.0,4.333333333333334,5.0,48.666666666666664,3.3333333333333335,4.0,30.666666666666668,4.0,118.66666666666666,6.0,11.666666666666668,0.0,성북구,월곡2동,1129072500,16.0
126,0.0,0.3333333333333333,0.0,0.6666666666666666,0.0,23.333333333333332,0.0,1.6666666666666667,0.3333333333333333,21.0,3.3333333333333335,2.3333333333333335,13.666666666666666,0.3333333333333333,117.33333333333333,1.0,8.333333333333334,0.0,성북구,장위1동,1129076000,28.0
127,0.0,0.3333333333333333,0.0,0.6666666666666666,0.0,23.333333333333332,0.0,1.6666666666666667,0.3333333333333333,21.0,3.3333333333333335,2.3333333333333335,13.666666666666666,0.3333333333333333,117.33333333333333,1.0,8.333333333333334,0.0,성북구,장위2동,1129077000,13.0
128,0.0,0.3333333333333333,0.0,0.6666666666666666,0.0,23.333333333333332,0.0,1.6666666666666667,0.3333333333333333,21.0,3.3333333333333335,2.3333333333333335,13.666666666666666,0.3333333333333333,117.33333333333333,1.0,8.333333333333334,0.0,성북구,장위3동,1129078000,14.0
129,0.0,0.0,0.0,1.0,0.0,50.0,2.0,6.0,2.0,47.0,4.0,7.0,30.0,3.0,155.0,3.0,11.0,0.0,성북구,석관동,1129081000,16.0
130,0.8,0.6,0.0,0.4,0.4,34.0,1.0,4.4,0.6,50.4,6.0,4.4,21.8,4.8,45.6,9.4,10.2,0.0,강북구,삼양동,1130553400,21.0
131,0.8,0.6,0.0,0.4,0.4,34.0,1.0,4.4,0.6,50.4,6.0,4.4,21.8,4.8,45.6,9.4,10.2,0.0,강북구,미아동,1130553500,53.0
132,0.8,0.6,0.0,0.4,0.4,34.0,1.0,4.4,0.6,50.4,6.0,4.4,21.8,4.8,45.6,9.4,10.2,0.0,강북구,송중동,1130554500,30.0
133,0.8,0.6,0.0,0.4,0.4,34.0,1.0,4.4,0.6,50.4,6.0,4.4,21.8,4.8,45.6,9.4,10.2,0.0,강북구,송천동,1130555500,9.0
134,0.8,0.6,0.0,0.4,0.4,34.0,1.0,4.4,0.6,50.4,6.0,4.4,21.8,4.8,45.6,9.4,10.2,0.0,강북구,삼각산동,1130557500,13.0
135,0.3333333333333333,0.3333333333333333,0.0,0.6666666666666666,0.6666666666666666,10.0,0.3333333333333333,2.3333333333333335,2.0,21.666666666666668,2.0,7.333333333333333,12.0,1.3333333333333333,34.666666666666664,4.333333333333333,8.666666666666666,0.0,강북구,번1동,1130559500,14.0
136,0.3333333333333333,0.3333333333333333,0.0,0.6666666666666666,0.6666666666666666,10.0,0.3333333333333333,2.3333333333333335,2.0,21.666666666666668,2.0,7.333333333333333,12.0,1.3333333333333333,34.666666666666664,4.333333333333333,8.666666666666666,0.0,강북구,번2동,1130560300,22.0
137,0.3333333333333333,0.3333333333333333,0.0,0.6666666666666666,0.6666666666666666,10.0,0.3333333333333333,2.3333333333333335,2.0,21.666666666666668,2.0,7.333333333333333,12.0,1.3333333333333333,34.666666666666664,4.333333333333333,8.666666666666666,0.0,강북구,번3동,1130560800,22.0
138,0.0,0.0,0.0,0.8,0.0,8.0,0.6,3.2,0.8,23.2,3.2,3.8,19.0,2.0,39.6,3.4,10.2,0.0,강북구,수유1동,1130561500,24.0
139,0.0,0.0,0.0,0.8,0.0,8.0,0.6,3.2,0.8,23.2,3.2,3.8,19.0,2.0,39.6,3.4,10.2,0.0,강북구,수유2동,1130562500,7.0
140,0.0,0.0,0.0,0.8,0.0,8.0,0.6,3.2,0.8,23.2,3.2,3.8,19.0,2.0,39.6,3.4,10.2,0.0,강북구,수유3동,1130563500,4.0
141,1.0,0.0,0.0,1.8,0.0,8.0,0.6,3.2,0.8,29.2,3.2,9.8,29.0,3.0,66.6,4.4,17.2,0.0,강북구,우이동,1130564500,11.0
142,0.0,0.0,0.0,0.8,0.0,8.0,0.6,3.2,0.8,23.2,3.2,3.8,19.0,2.0,39.6,3.4,10.2,0.0,강북구,인수동,1130566000,24.0
143,0.4,0.4,0.0,1.4,0.0,26.0,0.6,6.2,2.4,41.0,2.8,6.4,22.2,1.6,21.0,2.4,9.4,0.0,도봉구,창1동,1132051100,15.0
144,0.4,0.4,0.0,1.4,0.0,26.0,0.6,6.2,2.4,41.0,2.8,6.4,22.2,1.6,21.0,2.4,9.4,0.0,도봉구,창2동,1132051200,16.0
145,0.4,0.4,0.0,1.4,0.0,26.0,0.6,6.2,2.4,41.0,2.8,6.4,22.2,1.6,21.0,2.4,9.4,0.0,도봉구,창3동,1132051300,11.0
146,0.4,0.4,0.0,1.4,0.0,26.0,0.6,6.2,2.4,41.0,2.8,6.4,22.2,1.6,21.0,2.4,9.4,0.0,도봉구,창4동,1132051400,14.0
147,0.4,0.4,0.0,1.4,0.0,26.0,0.6,6.2,2.4,41.0,2.8,6.4,22.2,1.6,21.0,2.4,9.4,0.0,도봉구,창5동,1132051500,13.0
148,0.5,0.0,0.0,1.0,0.5,30.0,0.0,3.5,3.5,15.0,4.0,9.0,21.5,1.5,27.0,1.0,14.0,0.0,도봉구,도봉1동,1132052100,17.0
149,0.5,0.0,0.0,1.0,0.5,30.0,0.0,3.5,3.5,15.0,4.0,9.0,21.5,1.5,27.0,1.0,14.0,0.0,도봉구,도봉2동,1132052200,28.0
150,0.25,0.0,0.0,0.0,0.25,12.5,0.0,5.0,1.5,38.5,3.5,4.0,16.5,2.0,15.5,1.0,10.0,0.0,도봉구,쌍문1동,1132066000,23.0
151,0.25,0.0,0.0,0.0,0.25,12.5,0.0,5.0,1.5,38.5,3.5,4.0,16.5,2.0,15.5,1.0,10.0,0.0,도봉구,쌍문2동,1132067000,9.0
152,0.25,0.0,0.0,0.0,0.25,12.5,0.0,5.0,1.5,38.5,3.5,4.0,16.5,2.0,15.5,1.0,10.0,0.0,도봉구,쌍문3동,1132068000,11.0
153,0.25,0.0,0.0,0.0,0.25,12.5,0.0,5.0,1.5,38.5,3.5,4.0,16.5,2.0,15.5,1.0,10.0,0.0,도봉구,쌍문4동,1132068100,11.0
154,0.3333333333333333,0.3333333333333333,0.0,0.6666666666666666,0.0,30.0,0.6666666666666666,6.333333333333333,3.3333333333333335,34.333333333333336,4.666666666666667,7.0,22.0,2.6666666666666665,24.0,1.6666666666666667,13.666666666666666,0.0,도봉구,방학1동,1132069000,16.0
155,0.3333333333333333,0.3333333333333333,0.0,0.6666666666666666,0.0,30.0,0.6666666666666666,6.333333333333333,3.3333333333333335,34.333333333333336,4.666666666666667,7.0,22.0,2.6666666666666665,24.0,1.6666666666666667,13.666666666666666,0.0,도봉구,방학2동,1132070000,10.0
156,0.3333333333333333,0.3333333333333333,0.0,0.6666666666666666,0.0,30.0,0.6666666666666666,6.333333333333333,3.3333333333333335,34.333333333333336,4.666666666666667,7.0,22.0,2.6666666666666665,24.0,1.6666666666666667,13.666666666666666,0.0,도봉구,방학3동,1132071000,16.0
157,0.6666666666666666,1.3333333333333333,0.0,0.6666666666666666,0.0,30.0,1.3333333333333333,3.6666666666666665,2.3333333333333335,27.0,3.3333333333333335,7.0,18.666666666666668,3.0,44.666666666666664,2.6666666666666665,9.333333333333334,0.0,노원구,월계1동,1135056000,20.0
158,0.6666666666666666,1.3333333333333333,0.0,0.6666666666666666,0.0,30.0,1.3333333333333333,3.6666666666666665,2.3333333333333335,27.0,3.3333333333333335,7.0,18.666666666666668,3.0,44.666666666666664,2.6666666666666665,9.333333333333334,0.0,노원구,월계2동,1135057000,23.0
159,0.6666666666666666,1.3333333333333333,0.0,0.6666666666666666,0.0,30.0,1.3333333333333333,3.6666666666666665,2.3333333333333335,27.0,3.3333333333333335,7.0,18.666666666666668,3.0,44.666666666666664,2.6666666666666665,9.333333333333334,0.0,노원구,월계3동,1135058000,14.0
160,1.5,1.5,0.0,1.5,0.5,55.0,0.5,10.0,5.5,69.0,8.0,11.5,62.0,4.5,45.0,9.0,24.5,0.0,노원구,공릉1동,1135059500,18.0
161,1.5,1.5,0.0,1.5,0.5,55.0,0.5,10.0,5.5,69.0,8.0,11.5,62.0,4.5,45.0,9.0,24.5,0.0,노원구,공릉2동,1135060000,27.0
162,0.5,0.0,0.0,0.0,0.5,10.0,0.0,1.5,3.0,36.0,0.0,3.5,18.5,2.0,22.5,3.0,4.5,0.0,노원구,하계1동,1135061100,18.0
163,0.5,0.0,0.0,0.0,0.5,10.0,0.0,1.5,3.0,36.0,0.0,3.5,18.5,2.0,22.5,3.0,4.5,0.0,노원구,하계2동,1135061200,9.0
164,0.25,0.25,0.0,0.0,0.25,7.5,1.5,4.5,4.25,130.5,5.0,6.0,27.0,3.0,28.25,1.75,7.0,0.25,노원구,중계본동,1135061900,8.0
165,0.25,0.25,0.0,0.0,0.25,7.5,1.5,4.5,4.25,130.5,5.0,6.0,27.0,3.0,28.25,1.75,7.0,0.25,노원구,중계1동,1135062100,11.0
166,0.25,0.25,0.0,0.0,0.25,7.5,1.5,4.5,4.25,130.5,5.0,6.0,27.0,3.0,28.25,1.75,7.0,0.25,노원구,중계4동,1135062400,5.0
167,0.25,0.25,0.0,0.0,0.25,7.5,1.5,4.5,4.25,130.5,5.0,6.0,27.0,3.0,28.25,1.75,7.0,0.25,노원구,중계2.3동,1135062500,16.0
168,0.75,0.75,0.125,0.5,0.25,23.75,0.375,6.0,2.625,52.0,5.0,5.375,28.375,3.5,41.375,4.375,10.75,0.125,노원구,상계1동,1135063000,17.0
169,0.75,0.75,0.125,0.5,0.25,23.75,0.375,6.0,2.625,52.0,5.0,5.375,28.375,3.5,41.375,4.375,10.75,0.125,노원구,상계2동,1135064000,19.0
170,0.75,0.75,0.125,0.5,0.25,23.75,0.375,6.0,2.625,52.0,5.0,5.375,28.375,3.5,41.375,4.375,10.75,0.125,노원구,상계3.4동,1135066500,10.0
171,0.75,0.75,0.125,0.5,0.25,23.75,0.375,6.0,2.625,52.0,5.0,5.375,28.375,3.5,41.375,4.375,10.75,0.125,노원구,상계5동,1135067000,11.0
172,0.75,0.75,0.125,0.5,0.25,23.75,0.375,6.0,2.625,52.0,5.0,5.375,28.375,3.5,41.375,4.375,10.75,0.125,노원구,상계6.7동,1135069500,14.0
173,0.75,0.75,0.125,0.5,0.25,23.75,0.375,6.0,2.625,52.0,5.0,5.375,28.375,3.5,41.375,4.375,10.75,0.125,노원구,상계8동,1135070000,11.0
174,0.75,0.75,0.125,0.5,0.25,23.75,0.375,6.0,2.625,52.0,5.0,5.375,28.375,3.5,41.375,4.375,10.75,0.125,노원구,상계9동,1135071000,10.0
175,0.75,0.75,0.125,0.5,0.25,23.75,0.375,6.0,2.625,52.0,5.0,5.375,28.375,3.5,41.375,4.375,10.75,0.125,노원구,상계10동,1135072000,5.0
176,2.0,1.0,0.0,1.0,0.0,30.0,0.0,4.0,5.0,64.0,6.0,10.0,31.0,8.0,183.0,26.0,18.0,0.0,은평구,녹번동,1138051000,23.0
177,0.0,0.5,0.0,1.0,0.0,35.0,0.0,6.5,3.5,56.5,5.0,10.5,19.0,7.5,83.0,32.5,10.5,0.0,은평구,불광1동,1138052000,18.0
178,0.0,0.5,0.0,1.0,0.0,35.0,0.0,6.5,3.5,56.5,5.0,10.5,19.0,7.5,83.0,32.5,10.5,0.0,은평구,불광2동,1138053000,15.0
179,1.0,0.5,0.0,1.5,0.0,30.0,0.5,7.5,4.0,77.0,5.0,2.5,25.5,2.0,87.0,28.0,12.5,0.0,은평구,갈현1동,1138055100,18.0
180,1.0,0.5,0.0,1.5,0.0,30.0,0.5,7.5,4.0,77.0,5.0,2.5,25.5,2.0,87.0,28.0,12.5,0.0,은평구,갈현2동,1138055200,18.0
181,0.0,0.0,0.0,1.0,1.0,40.0,0.0,3.0,3.0,72.0,2.0,1.0,24.0,5.0,95.0,32.0,10.0,0.0,은평구,구산동,1138056000,22.0
182,2.0,1.0,0.0,1.0,0.0,10.0,0.0,12.0,2.0,55.0,10.0,3.0,36.0,4.0,68.0,62.0,19.0,0.0,은평구,대조동,1138057000,26.0
183,0.0,0.6666666666666666,0.0,0.3333333333333333,0.3333333333333333,46.666666666666664,1.3333333333333333,9.0,2.0,57.666666666666664,6.0,7.0,24.333333333333332,4.333333333333333,80.0,52.333333333333336,8.666666666666666,0.0,은평구,응암1동,1138058000,14.0
184,0.0,0.6666666666666666,0.0,0.3333333333333333,0.3333333333333333,46.666666666666664,1.3333333333333333,9.0,2.0,57.666666666666664,6.0,7.0,24.333333333333332,4.333333333333333,80.0,52.333333333333336,8.666666666666666,0.0,은평구,응암2동,1138059000,17.0
185,0.0,0.6666666666666666,0.0,0.3333333333333333,0.3333333333333333,46.666666666666664,1.3333333333333333,9.0,2.0,57.666666666666664,6.0,7.0,24.333333333333332,4.333333333333333,80.0,52.333333333333336,8.666666666666666,0.0,은평구,응암3동,1138060000,12.0
186,0.0,0.0,0.0,1.0,0.0,30.0,0.0,14.0,4.0,116.0,6.0,9.0,37.0,6.0,99.0,28.0,14.0,0.0,은평구,역촌동,1138062500,32.0
187,0.5,0.0,0.0,1.0,0.0,25.0,0.0,3.0,0.5,47.5,3.0,2.5,11.0,3.5,62.0,14.5,8.5,0.0,은평구,신사1동,1138063100,15.0
188,0.5,0.0,0.0,1.0,0.0,25.0,0.0,3.0,0.5,47.5,3.0,2.5,11.0,3.5,62.0,14.5,8.5,0.0,은평구,신사2동,1138063200,18.0
189,1.0,0.0,0.0,1.0,0.0,20.0,0.0,3.0,5.0,42.0,6.0,3.0,10.0,5.0,62.0,18.0,5.0,0.0,은평구,증산동,1138064000,9.0
190,1.0,1.0,0.0,0.0,0.0,20.0,0.0,0.0,0.0,8.0,0.0,3.0,8.0,1.0,24.0,13.0,3.0,0.0,은평구,수색동,1138065000,10.0
191,0.0,2.0,0.0,0.0,0.0,170.0,2.0,7.0,4.0,177.0,12.0,33.0,54.0,12.0,34.0,37.0,13.0,0.0,은평구,진관동,1138069000,50.0
192,0.0,0.0,0.0,0.0,0.0,0.0,0.0,3.0,2.0,47.0,4.0,4.0,13.0,5.0,13.0,5.0,4.0,0.0,서대문구,천연동,1141052000,25.0
193,0.0,0.5,0.0,1.0,0.0,35.0,0.0,0.5,0.0,22.5,3.0,1.5,11.5,2.0,14.5,0.0,7.0,0.0,서대문구,북아현동,1141055500,15.0
194,0.0,3.5,0.0,1.0,0.0,35.0,0.0,3.5,4.0,29.5,3.0,10.5,54.5,9.0,30.5,0.0,20.0,0.0,서대문구,충현동,1141056500,26.0
195,2.0,11.0,0.0,1.0,1.0,0.0,2.0,11.0,0.0,71.0,0.0,16.0,157.0,20.0,59.0,4.0,41.0,1.0,서대문구,신촌동,1141058500,18.0
196,0.0,2.0,0.0,1.0,0.0,10.0,0.0,11.0,1.0,64.0,8.0,13.0,91.0,4.0,55.0,4.0,27.0,0.0,서대문구,연희동,1141061500,38.0
197,0.6666666666666666,0.3333333333333333,0.0,0.6666666666666666,0.3333333333333333,20.0,0.0,3.3333333333333335,1.3333333333333333,43.666666666666664,2.0,2.0,13.333333333333334,2.6666666666666665,25.0,10.333333333333334,9.666666666666666,0.0,서대문구,홍제1동,1141062000,15.0
198,0.6666666666666666,0.3333333333333333,0.0,0.6666666666666666,0.3333333333333333,20.0,0.0,3.3333333333333335,1.3333333333333333,43.666666666666664,2.0,2.0,13.333333333333334,2.6666666666666665,25.0,10.333333333333334,9.666666666666666,0.0,서대문구,홍제3동,1141064000,24.0
199,0.6666666666666666,0.3333333333333333,0.0,0.6666666666666666,0.3333333333333333,20.0,0.0,3.3333333333333335,1.3333333333333333,43.666666666666664,2.0,2.0,13.333333333333334,2.6666666666666665,25.0,10.333333333333334,9.666666666666666,0.0,서대문구,홍제2동,1141065500,4.0
200,0.0,0.0,0.0,1.5,0.0,30.0,0.0,3.0,3.0,53.5,2.0,5.5,21.5,4.0,33.0,2.5,17.5,0.0,서대문구,홍은1동,1141066000,17.0
201,0.0,0.0,0.0,1.5,0.0,30.0,0.0,3.0,3.0,53.5,2.0,5.5,21.5,4.0,33.0,2.5,17.5,0.0,서대문구,홍은2동,1141068500,35.0
202,0.0,1.0,0.0,2.0,0.5,45.0,0.5,4.0,0.5,47.0,5.0,7.0,28.0,5.0,17.0,5.5,12.0,0.0,서대문구,남가좌1동,1141069000,8.0
203,0.0,1.0,0.0,2.0,0.5,45.0,0.5,4.0,0.5,47.0,5.0,7.0,28.0,5.0,17.0,5.5,12.0,0.0,서대문구,남가좌2동,1141070000,13.0
204,0.0,0.5,0.0,0.0,0.0,0.0,0.5,5.0,0.0,64.0,5.0,7.0,19.5,3.0,24.5,7.0,12.0,0.0,서대문구,북가좌1동,1141071000,10.0
205,0.0,0.5,0.0,0.0,0.0,0.0,0.5,5.0,0.0,64.0,5.0,7.0,19.5,3.0,24.5,7.0,12.0,0.0,서대문구,북가좌2동,1141072000,10.0
206,1.0,1.8333333333333333,0.0,0.0,0.0,53.333333333333336,1.0,7.333333333333333,3.0,72.16666666666666,7.666666666666666,3.666666666666667,30.666666666666668,5.166666666666666,70.33333333333334,6.833333333333333,10.166666666666666,0.0,마포구,아현동,1144055500,18.0
207,1.0,3.833333333333333,0.0,0.3333333333333333,0.0,46.666666666666664,1.0,12.666666666666666,5.666666666666667,82.5,9.0,5.333333333333334,48.666666666666664,10.5,76.33333333333334,13.833333333333332,13.166666666666666,0.0,마포구,공덕동,1144056500,19.0
208,0.0,1.0,0.0,0.3333333333333333,0.0,6.666666666666667,0.0,3.6666666666666665,3.0,20.833333333333332,1.3333333333333333,1.5,16.833333333333332,4.333333333333334,23.166666666666668,4.5,5.666666666666666,0.0,마포구,도화동,1144058500,22.0
209,0.3333333333333333,2.3333333333333335,0.0,0.6666666666666666,0.0,43.333333333333336,0.0,10.333333333333334,8.0,95.5,6.0,5.5,40.166666666666664,7.0,93.16666666666667,9.5,16.666666666666668,0.0,마포구,용강동,1144059000,8.0
210,0.8333333333333333,1.3333333333333333,0.0,1.3333333333333333,0.0,8.333333333333334,0.0,6.333333333333333,1.6666666666666665,73.66666666666666,4.666666666666666,7.666666666666667,33.5,5.166666666666666,44.83333333333333,3.0,10.333333333333332,0.0,마포구,대흥동,1144060000,19.0
211,0.0,0.3333333333333333,0.0,0.0,0.0,33.333333333333336,0.0,4.333333333333333,2.0,38.666666666666664,4.666666666666666,2.666666666666667,20.666666666666668,3.6666666666666665,41.333333333333336,3.333333333333333,6.666666666666666,0.0,마포구,염리동,1144061000,10.0
212,0.3333333333333333,0.8333333333333333,0.0,0.8333333333333333,0.0,13.333333333333334,0.0,5.333333333333333,2.6666666666666665,74.16666666666666,3.6666666666666665,6.666666666666667,25.0,5.166666666666666,50.83333333333333,2.5,9.833333333333332,0.0,마포구,신수동,1144063000,15.0
213,0.0,2.0,0.0,0.0,0.0,35.0,0.0,9.5,5.0,76.0,4.0,5.0,42.0,6.0,62.0,4.0,14.0,0.0,마포구,서강동,1144065500,27.0
214,0.5,8.5,0.0,3.5,1.0,10.0,1.0,39.5,4.0,213.5,19.0,12.0,254.5,24.0,125.0,7.5,50.5,0.0,마포구,서교동,1144066000,41.0
215,0.0,2.0,0.0,0.0,0.0,20.0,0.0,11.0,1.0,30.0,4.0,7.0,67.0,5.0,58.0,13.0,12.0,0.0,마포구,합정동,1144068000,20.0
216,0.0,0.5,2.5,0.5,0.5,15.0,0.5,4.5,0.5,38.0,5.0,3.5,41.5,6.5,46.0,5.0,11.0,0.0,마포구,망원1동,1144069000,13.0
217,0.0,0.5,2.5,0.5,0.5,15.0,0.5,4.5,0.5,38.0,5.0,3.5,41.5,6.5,46.0,5.0,11.0,0.0,마포구,망원2동,1144070000,18.0
218,0.0,0.0,0.0,2.0,0.0,10.0,0.0,4.0,0.0,18.0,0.0,3.0,90.0,3.0,58.0,3.0,15.0,0.0,마포구,연남동,1144071000,16.0
219,0.0,0.0,0.5,1.0,0.0,10.0,2.0,4.5,3.5,49.0,5.0,7.5,23.0,8.0,57.0,3.0,12.5,0.0,마포구,성산1동,1144072000,9.0
220,0.0,0.0,0.5,1.0,0.0,10.0,2.0,5.5,3.5,79.0,5.0,7.5,27.0,9.0,75.0,5.0,15.5,0.0,마포구,성산2동,1144073000,20.0
221,0.0,5.0,3.0,1.0,1.0,110.0,0.0,17.0,6.0,105.0,8.0,28.0,100.0,21.0,58.0,9.0,20.0,0.0,마포구,상암동,1144074000,55.0
222,0.4,2.0,0.2,0.8,0.2,16.0,1.0,13.2,5.0,210.4,8.4,9.0,36.6,5.2,34.6,35.6,13.0,0.4,양천구,목1동,1147051000,10.0
223,0.4,2.0,0.2,0.8,0.2,16.0,1.0,13.2,5.0,210.4,8.4,9.0,36.6,5.2,34.6,35.6,13.0,0.4,양천구,목2동,1147052000,13.0
224,0.4,2.0,0.2,0.8,0.2,16.0,1.0,13.2,5.0,210.4,8.4,9.0,36.6,5.2,34.6,35.6,13.0,0.4,양천구,목3동,1147053000,9.0
225,0.4,2.0,0.2,0.8,0.2,16.0,1.0,13.2,5.0,210.4,8.4,9.0,36.6,5.2,34.6,35.6,13.0,0.4,양천구,목4동,1147054000,8.0
226,0.4,2.0,0.2,0.8,0.2,16.0,1.0,13.2,5.0,210.4,8.4,9.0,36.6,5.2,34.6,35.6,13.0,0.4,양천구,목5동,1147055000,21.0
227,0.0,0.2857142857142857,0.2857142857142857,0.7142857142857143,0.2857142857142857,14.285714285714286,0.2857142857142857,1.8571428571428572,1.7142857142857142,33.714285714285715,3.4285714285714284,4.142857142857143,12.857142857142858,2.2857142857142856,26.285714285714285,17.857142857142858,9.142857142857142,0.0,양천구,신월1동,1147056000,8.0
228,0.0,0.2857142857142857,0.2857142857142857,0.7142857142857143,0.2857142857142857,14.285714285714286,0.2857142857142857,1.8571428571428572,1.7142857142857142,33.714285714285715,3.4285714285714284,4.142857142857143,12.857142857142858,2.2857142857142856,26.285714285714285,17.857142857142858,9.142857142857142,0.0,양천구,신월2동,1147057000,8.0
229,0.0,0.2857142857142857,0.2857142857142857,0.7142857142857143,0.2857142857142857,14.285714285714286,0.2857142857142857,1.8571428571428572,1.7142857142857142,33.714285714285715,3.4285714285714284,4.142857142857143,12.857142857142858,2.2857142857142856,26.285714285714285,17.857142857142858,9.142857142857142,0.0,양천구,신월3동,1147058000,4.0
230,0.0,0.2857142857142857,0.2857142857142857,0.7142857142857143,0.2857142857142857,14.285714285714286,0.2857142857142857,1.8571428571428572,1.7142857142857142,33.714285714285715,3.4285714285714284,4.142857142857143,12.857142857142858,2.2857142857142856,26.285714285714285,17.857142857142858,9.142857142857142,0.0,양천구,신월4동,1147059000,6.0
231,0.0,0.2857142857142857,0.2857142857142857,0.7142857142857143,0.2857142857142857,14.285714285714286,0.2857142857142857,1.8571428571428572,1.7142857142857142,33.714285714285715,3.4285714285714284,4.142857142857143,12.857142857142858,2.2857142857142856,26.285714285714285,17.857142857142858,9.142857142857142,0.0,양천구,신월5동,1147060000,6.0
232,0.0,0.2857142857142857,0.2857142857142857,0.7142857142857143,0.2857142857142857,14.285714285714286,0.2857142857142857,1.8571428571428572,1.7142857142857142,33.714285714285715,3.4285714285714284,4.142857142857143,12.857142857142858,2.2857142857142856,26.285714285714285,17.857142857142858,9.142857142857142,0.0,양천구,신월6동,1147061000,7.0
233,0.0,0.2857142857142857,0.2857142857142857,0.7142857142857143,0.2857142857142857,14.285714285714286,0.2857142857142857,1.8571428571428572,1.7142857142857142,33.714285714285715,3.4285714285714284,4.142857142857143,12.857142857142858,2.2857142857142856,26.285714285714285,17.857142857142858,9.142857142857142,0.0,양천구,신월7동,1147061100,15.0
234,0.5,0.6666666666666666,0.16666666666666666,0.3333333333333333,0.16666666666666666,36.666666666666664,0.6666666666666666,8.166666666666666,4.5,144.0,5.333333333333333,7.333333333333333,26.5,4.333333333333333,25.833333333333332,14.0,12.0,0.0,양천구,신정1동,1147062000,10.0
235,0.5,0.6666666666666666,0.16666666666666666,0.3333333333333333,0.16666666666666666,36.666666666666664,0.6666666666666666,8.166666666666666,4.5,144.0,5.333333333333333,7.333333333333333,26.5,4.333333333333333,25.833333333333332,14.0,12.0,0.0,양천구,신정2동,1147063000,8.0
236,0.5,0.6666666666666666,0.16666666666666666,0.3333333333333333,0.16666666666666666,36.666666666666664,0.6666666666666666,8.166666666666666,4.5,144.0,5.333333333333333,7.333333333333333,26.5,4.333333333333333,25.833333333333332,14.0,12.0,0.0,양천구,신정3동,1147064000,33.0
237,0.5,0.6666666666666666,0.16666666666666666,0.3333333333333333,0.16666666666666666,36.666666666666664,0.6666666666666666,8.166666666666666,4.5,144.0,5.333333333333333,7.333333333333333,26.5,4.333333333333333,25.833333333333332,14.0,12.0,0.0,양천구,신정4동,1147065000,5.0
238,0.5,0.6666666666666666,0.16666666666666666,0.3333333333333333,0.16666666666666666,36.666666666666664,0.6666666666666666,8.166666666666666,4.5,144.0,5.333333333333333,7.333333333333333,26.5,4.333333333333333,25.833333333333332,14.0,12.0,0.0,양천구,신정6동,1147067000,9.0
239,0.5,0.6666666666666666,0.16666666666666666,0.3333333333333333,0.16666666666666666,36.666666666666664,0.6666666666666666,8.166666666666666,4.5,144.0,5.333333333333333,7.333333333333333,26.5,4.333333333333333,25.833333333333332,14.0,12.0,0.0,양천구,신정7동,1147068000,8.0
240,0.0,2.0,0.0,0.0,1.0,45.0,4.25,20.0,9.25,142.25,7.5,16.0,62.5,5.75,34.0,47.5,18.5,0.0,강서구,염창동,1150051000,26.0
241,0.3333333333333333,1.6666666666666667,0.0,0.0,0.3333333333333333,23.333333333333332,0.6666666666666666,12.333333333333334,6.333333333333333,62.333333333333336,3.3333333333333335,7.0,46.666666666666664,5.0,27.0,26.333333333333332,14.666666666666666,0.0,강서구,등촌1동,1150052000,13.0
242,0.3333333333333333,1.6666666666666667,0.0,0.0,0.3333333333333333,23.333333333333332,0.6666666666666666,12.333333333333334,6.333333333333333,62.333333333333336,3.3333333333333335,7.0,46.666666666666664,5.0,27.0,26.333333333333332,14.666666666666666,0.0,강서구,등촌2동,1150053000,9.0
243,0.3333333333333333,1.6666666666666667,0.0,0.0,0.3333333333333333,23.333333333333332,0.6666666666666666,12.333333333333334,6.333333333333333,62.333333333333336,3.3333333333333335,7.0,46.666666666666664,5.0,27.0,26.333333333333332,14.666666666666666,0.0,강서구,등촌3동,1150053500,30.0
244,0.125,0.75,0.0,1.125,0.125,20.0,0.625,7.0,2.0,42.625,4.5,3.5,32.875,4.75,40.125,21.875,13.0,0.0,강서구,화곡1동,1150054000,13.0
245,0.125,0.75,0.0,1.125,0.125,20.0,0.625,7.0,2.0,42.625,4.5,3.5,32.875,4.75,40.125,21.875,13.0,0.0,강서구,화곡2동,1150055000,15.0
246,0.125,0.75,0.0,1.125,0.125,20.0,0.625,7.0,2.0,42.625,4.5,3.5,32.875,4.75,40.125,21.875,13.0,0.0,강서구,화곡3동,1150056000,4.0
247,0.125,0.75,0.0,1.125,0.125,20.0,0.625,7.0,2.0,42.625,4.5,3.5,32.875,4.75,40.125,21.875,13.0,0.0,강서구,화곡4동,1150057000,13.0
248,0.125,0.75,0.0,1.125,0.125,20.0,0.625,7.0,2.0,42.625,4.5,3.5,32.875,4.75,40.125,21.875,13.0,0.0,강서구,화곡본동,1150059000,18.0
249,0.125,0.75,0.0,1.125,0.125,20.0,0.625,7.0,2.0,42.625,4.5,3.5,32.875,4.75,40.125,21.875,13.0,0.0,강서구,화곡6동,1150059100,19.0
250,0.125,0.75,0.0,1.125,0.125,20.0,0.625,7.0,2.0,42.625,4.5,3.5,32.875,4.75,40.125,21.875,13.0,0.0,강서구,화곡8동,1150059300,14.0
251,0.25,1.75,0.5,0.0,0.0,52.5,0.75,20.0,3.25,66.0,4.5,20.75,85.25,5.25,33.75,34.5,17.0,0.0,강서구,가양1동,1150060300,36.0
252,0.0,0.0,0.0,0.0,0.0,5.0,0.25,5.0,1.25,10.25,1.5,5.0,11.5,2.75,8.0,9.5,4.5,0.0,강서구,가양2동,1150060400,6.0
253,0.0,0.0,0.0,0.0,0.0,5.0,0.25,5.0,1.25,10.25,1.5,5.0,11.5,2.75,8.0,9.5,4.5,0.0,강서구,가양3동,1150060500,11.0
254,0.25,2.75,0.5,1.0,0.0,52.5,1.5,23.0,5.0,202.75,9.0,25.25,111.75,7.0,50.75,55.5,23.0,0.0,강서구,발산1동,1150061100,45.0
255,0.125,1.75,0.0,2.125,0.125,25.0,1.625,15.0,5.0,188.625,10.5,10.0,66.875,7.25,63.125,52.375,21.5,0.0,강서구,우장산동,1150061500,21.0
256,2.5,2.25,0.5,0.75,0.5,60.0,2.25,20.75,5.5,91.75,7.0,24.0,123.0,9.75,62.0,49.75,33.0,0.0,강서구,공항동,1150062000,41.0
257,2.5,2.25,0.5,0.75,0.5,60.0,2.25,20.75,5.5,91.75,7.0,24.0,120.0,8.75,62.0,48.75,33.0,0.0,강서구,방화1동,1150063000,24.0
258,2.75,0.5,0.0,0.25,0.0,12.5,1.75,3.75,2.0,27.0,3.0,8.25,30.75,4.75,40.75,13.25,9.0,0.0,강서구,방화2동,1150064000,25.0
259,1.75,0.5,0.0,0.25,0.0,12.5,1.75,3.75,2.0,27.0,3.0,4.25,27.75,3.75,25.75,13.25,9.0,0.0,강서구,방화3동,1150064100,15.0
260,2.0,3.0,1.0,0.0,1.0,40.0,2.0,8.0,7.0,102.0,10.0,9.0,49.0,5.0,78.0,61.0,17.0,1.0,구로구,신도림동,1153051000,29.0
261,0.8,1.4,0.0,1.2,0.2,20.0,0.4,7.8,4.0,35.4,2.8,7.4,44.6,7.8,146.8,51.2,18.6,0.2,구로구,구로1동,1153052000,10.0
262,0.8,1.4,0.0,1.2,0.2,20.0,0.4,7.8,4.0,35.4,2.8,7.4,44.6,7.8,146.8,51.2,18.6,0.2,구로구,구로2동,1153053000,23.0
263,0.8,1.4,0.0,1.2,0.2,20.0,0.4,7.8,4.0,35.4,2.8,7.4,44.6,7.8,146.8,51.2,18.6,0.2,구로구,구로3동,1153054000,23.0
264,0.8,1.4,0.0,1.2,0.2,20.0,0.4,7.8,4.0,35.4,2.8,7.4,44.6,7.8,146.8,51.2,18.6,0.2,구로구,구로4동,1153055000,13.0
265,0.8,1.4,0.0,1.2,0.2,20.0,0.4,7.8,4.0,35.4,2.8,7.4,44.6,7.8,146.8,51.2,18.6,0.2,구로구,구로5동,1153056000,17.0
266,0.0,0.0,0.0,1.0,0.0,0.0,0.0,1.0,0.0,3.0,0.0,1.0,9.0,2.0,208.0,11.0,7.0,0.0,구로구,가리봉동,1153059500,4.0
267,0.0,0.5,1.0,1.0,0.5,50.0,1.5,6.5,7.0,46.5,5.0,5.0,23.5,3.5,157.0,42.5,16.5,0.0,구로구,고척1동,1153072000,21.0
268,0.0,0.5,1.0,1.0,0.5,50.0,1.5,6.5,7.0,46.5,5.0,5.0,23.5,3.5,157.0,42.5,16.5,0.0,구로구,고척2동,1153073000,22.0
269,0.3333333333333333,0.0,0.0,0.3333333333333333,0.0,36.666666666666664,0.6666666666666666,5.0,1.6666666666666667,42.666666666666664,4.0,3.6666666666666665,23.666666666666668,3.0,96.33333333333333,44.0,11.666666666666666,0.0,구로구,개봉1동,1153074000,23.0
270,0.3333333333333333,0.0,0.0,0.3333333333333333,0.0,36.666666666666664,0.6666666666666666,5.0,1.6666666666666667,42.666666666666664,4.0,3.6666666666666665,23.666666666666668,3.0,96.33333333333333,44.0,11.666666666666666,0.0,구로구,개봉2동,1153075000,17.0
271,0.3333333333333333,0.0,0.0,0.3333333333333333,0.0,36.666666666666664,0.6666666666666666,5.0,1.6666666666666667,42.666666666666664,4.0,3.6666666666666665,23.666666666666668,3.0,96.33333333333333,44.0,11.666666666666666,0.0,구로구,개봉3동,1153076000,10.0
272,0.0,1.0,0.0,0.5,0.0,10.0,0.0,5.0,1.0,29.5,3.0,6.0,19.5,4.0,144.5,38.5,13.5,0.0,구로구,오류1동,1153077000,9.0
273,0.0,1.0,0.0,0.5,0.0,20.0,0.0,7.0,1.0,73.5,5.0,15.0,29.5,7.0,166.5,58.5,16.5,0.0,구로구,오류2동,1153078000,29.0
274,0.0,0.0,0.0,2.0,0.0,0.0,1.0,2.0,1.0,30.0,2.0,4.0,21.0,3.0,134.0,17.0,17.0,0.0,구로구,수궁동,1153079000,28.0
275,0.0,0.0,0.0,0.0,0.0,100.0,0.0,4.0,0.0,34.0,4.0,15.0,16.0,0.0,13.0,4.0,11.0,0.0,구로구,항동,1153080000,29.0
276,3.0,9.0,0.0,1.0,4.0,10.0,4.0,24.0,13.0,36.0,2.0,27.0,212.0,19.0,93.0,19.0,85.0,0.0,금천구,가산동,1154551000,72.0
277,0.0,0.25,0.0,1.25,0.0,40.0,0.75,5.25,3.5,32.25,4.5,8.25,30.5,5.25,134.75,11.0,18.25,0.0,금천구,독산1동,1154561000,43.0
278,0.0,0.25,0.0,1.25,0.0,40.0,0.75,5.25,3.5,32.25,4.5,8.25,30.5,5.25,134.75,11.0,18.25,0.0,금천구,독산2동,1154562000,4.0
279,0.0,0.25,0.0,1.25,0.0,40.0,0.75,5.25,3.5,32.25,4.5,8.25,30.5,5.25,134.75,11.0,18.25,0.0,금천구,독산3동,1154563000,13.0
280,0.0,0.25,0.0,1.25,0.0,40.0,0.75,5.25,3.5,32.25,4.5,8.25,30.5,5.25,134.75,11.0,18.25,0.0,금천구,독산4동,1154564000,9.0
281,0.2,0.4,0.0,0.8,0.2,20.0,0.0,4.6,1.2,31.6,2.8,4.4,17.6,3.2,89.8,12.6,10.2,0.0,금천구,시흥1동,1154567000,23.0
282,0.2,0.4,0.0,0.8,0.2,20.0,0.0,4.6,1.2,31.6,2.8,4.4,17.6,3.2,89.8,12.6,10.2,0.0,금천구,시흥2동,1154568000,14.0
283,0.2,0.4,0.0,0.8,0.2,20.0,0.0,4.6,1.2,31.6,2.8,4.4,17.6,3.2,89.8,12.6,10.2,0.0,금천구,시흥3동,1154569000,14.0
284,0.2,0.4,0.0,0.8,0.2,20.0,0.0,4.6,1.2,31.6,2.8,4.4,17.6,3.2,89.8,12.6,10.2,0.0,금천구,시흥4동,1154570000,13.0
285,0.2,0.4,0.0,0.8,0.2,20.0,0.0,4.6,1.2,31.6,2.8,4.4,17.6,3.2,89.8,12.6,10.2,0.0,금천구,시흥5동,1154571000,19.0
286,0.9285714285714286,0.14285714285714285,0.5,1.7142857142857144,0.14285714285714285,32.85714285714286,0.5,4.857142857142858,2.428571428571429,39.0,4.428571428571429,6.357142857142858,27.357142857142858,3.0,44.57142857142857,25.714285714285715,12.857142857142858,0.5,영등포구,영등포본동,1156051500,13.0
287,1.5,8.0,0.5,1.0,1.0,30.0,3.5,14.0,4.0,75.0,11.0,18.5,147.5,11.0,161.0,101.0,47.0,1.5,영등포구,영등포동,1156053500,18.0
288,4.0,19.0,0.0,0.0,1.0,70.0,0.0,27.0,25.0,100.0,6.0,44.0,255.0,11.0,106.0,80.0,53.0,1.0,영등포구,여의동,1156054000,33.0
289,2.0,1.0,0.0,1.0,0.0,0.0,0.0,8.0,4.0,31.0,2.0,5.0,53.0,6.0,33.0,33.0,24.0,0.0,영등포구,당산1동,1156055000,14.0
290,2.0,3.0,0.0,1.0,0.0,20.0,1.0,19.0,9.0,99.0,6.0,12.0,67.0,7.0,57.0,70.0,28.0,0.0,영등포구,당산2동,1156056000,20.0
291,0.0,0.0,0.0,1.0,0.0,0.0,0.0,4.0,2.0,27.0,2.0,5.0,20.0,0.0,43.0,16.0,10.0,0.0,영등포구,도림동,1156058500,17.0
292,1.0,3.0,2.0,0.0,0.0,30.0,0.0,15.0,10.0,82.0,4.0,8.0,87.0,4.0,36.0,78.0,28.0,0.0,영등포구,문래동,1156060500,25.0
293,0.0,1.0,0.0,0.0,0.5,0.0,0.0,5.5,3.0,28.0,4.0,10.5,35.0,4.0,35.0,24.5,13.5,0.0,영등포구,양평1동,1156061000,8.0
294,1.0,3.0,5.0,0.0,0.5,0.0,0.0,8.5,5.0,34.0,2.0,7.5,48.0,1.0,31.0,22.5,24.5,0.0,영등포구,양평2동,1156062000,17.0
295,0.42857142857142855,0.14285714285714285,0.0,0.7142857142857143,0.14285714285714285,22.857142857142858,0.0,3.857142857142857,1.4285714285714286,27.0,3.4285714285714284,2.857142857142857,13.857142857142858,2.0,23.571428571428573,17.714285714285715,8.857142857142858,0.0,영등포구,신길1동,1156063000,13.0
296,0.42857142857142855,0.14285714285714285,0.0,0.7142857142857143,0.14285714285714285,22.857142857142858,0.0,3.857142857142857,1.4285714285714286,27.0,3.4285714285714284,2.857142857142857,13.857142857142858,2.0,23.571428571428573,17.714285714285715,8.857142857142858,0.0,영등포구,신길3동,1156065000,14.0
297,0.42857142857142855,0.14285714285714285,0.0,0.7142857142857143,0.14285714285714285,22.857142857142858,0.0,3.857142857142857,1.4285714285714286,27.0,3.4285714285714284,2.857142857142857,13.857142857142858,2.0,23.571428571428573,17.714285714285715,8.857142857142858,0.0,영등포구,신길4동,1156066000,7.0
298,0.9285714285714286,0.14285714285714285,0.5,1.2142857142857144,0.14285714285714285,40.35714285714286,0.0,5.107142857142858,3.428571428571429,42.0,4.428571428571429,5.357142857142858,29.107142857142858,2.75,53.32142857142857,38.464285714285715,16.107142857142858,0.0,영등포구,신길5동,1156067000,12.0
299,0.42857142857142855,0.14285714285714285,0.0,0.7142857142857143,0.14285714285714285,22.857142857142858,0.0,3.857142857142857,1.4285714285714286,27.0,3.4285714285714284,2.857142857142857,13.857142857142858,2.0,23.571428571428573,17.714285714285715,8.857142857142858,0.0,영등포구,신길6동,1156068000,16.0
300,0.42857142857142855,0.14285714285714285,0.0,0.7142857142857143,0.14285714285714285,22.857142857142858,0.0,3.857142857142857,1.4285714285714286,27.0,3.4285714285714284,2.857142857142857,13.857142857142858,2.0,23.571428571428573,17.714285714285715,8.857142857142858,0.0,영등포구,신길7동,1156069000,17.0
301,0.5,0.0,0.5,0.5,0.0,17.5,0.0,1.25,2.0,15.0,1.0,2.5,15.25,0.75,29.75,20.75,7.25,0.0,영등포구,대림1동,1156070000,10.0
302,0.5,0.0,0.5,0.5,0.0,17.5,0.0,1.25,2.0,15.0,1.0,2.5,15.25,0.75,29.75,20.75,7.25,0.0,영등포구,대림2동,1156071000,7.0
303,0.5,0.0,0.5,0.5,0.0,17.5,0.0,1.25,2.0,15.0,1.0,2.5,15.25,0.75,29.75,20.75,7.25,0.0,영등포구,대림3동,1156072000,20.0
304,1.0,1.0,4.0,1.5,0.5,20.0,0.0,6.5,0.0,96.0,1.0,5.0,43.0,4.5,68.0,9.5,13.5,0.0,동작구,노량진1동,1159051000,28.0
305,1.0,1.0,1.0,1.5,0.5,10.0,0.0,5.5,0.0,78.0,1.0,3.0,39.0,2.5,50.0,6.5,9.5,0.0,동작구,노량진2동,1159052000,6.0
306,0.5,1.75,0.0,1.25,0.25,20.0,0.25,7.75,2.5,65.25,6.5,3.25,48.5,8.25,92.5,20.0,22.75,0.0,동작구,상도1동,1159053000,20.0
307,0.5,0.75,0.0,1.25,0.25,20.0,0.25,4.75,2.5,43.25,2.5,2.25,22.5,5.25,62.5,14.0,9.75,0.0,동작구,상도2동,1159054000,18.0
308,0.5,0.75,0.0,1.25,0.25,20.0,0.25,4.75,2.5,43.25,2.5,2.25,22.5,5.25,62.5,14.0,9.75,0.0,동작구,상도3동,1159055000,20.0
309,0.5,0.75,0.0,1.25,0.25,20.0,0.25,4.75,2.5,43.25,2.5,2.25,22.5,5.25,62.5,14.0,9.75,0.0,동작구,상도4동,1159056000,21.0
310,0.0,1.0,0.0,0.0,1.0,50.0,0.0,5.0,3.0,58.0,4.0,11.0,41.0,8.0,60.0,7.0,11.0,0.0,동작구,흑석동,1159060500,27.0
311,0.6,0.6,0.0,0.8,0.2,18.0,0.2,3.2,1.8,38.2,3.2,2.4,24.8,2.4,38.8,11.8,8.6,0.0,동작구,사당1동,1159062000,8.0
312,0.6,0.6,0.0,0.8,0.2,28.0,1.2,4.2,1.8,42.2,3.2,3.4,27.8,3.4,54.8,11.8,10.6,0.0,동작구,사당2동,1159063000,11.0
313,0.6,0.6,0.0,0.8,0.2,18.0,0.2,3.2,1.8,38.2,3.2,2.4,24.8,2.4,38.8,11.8,8.6,0.0,동작구,사당3동,1159064000,13.0
314,0.6,0.6,0.0,0.8,0.2,18.0,0.2,3.2,1.8,38.2,3.2,2.4,24.8,2.4,38.8,11.8,8.6,0.0,동작구,사당4동,1159065000,2.0
315,0.6,0.6,0.0,0.8,0.2,18.0,0.2,3.2,1.8,38.2,3.2,2.4,24.8,2.4,38.8,11.8,8.6,0.0,동작구,사당5동,1159065100,15.0
316,2.0,0.0,0.0,1.0,0.0,30.0,2.0,13.0,5.0,138.0,4.0,10.0,31.0,6.0,70.0,24.0,15.0,0.0,동작구,대방동,1159066000,40.0
317,0.0,0.5,1.0,0.5,0.0,20.0,0.5,6.5,5.0,44.5,0.0,7.0,32.0,4.0,41.0,12.0,10.5,0.0,동작구,신대방1동,1159067000,6.0
318,0.0,0.5,1.0,0.5,0.0,20.0,0.5,6.5,5.0,44.5,0.0,7.0,32.0,4.0,41.0,12.0,10.5,0.0,동작구,신대방2동,1159068000,10.0
319,0.3333333333333333,0.7777777777777778,0.0,0.5555555555555556,0.0,17.77777777777778,0.3333333333333333,7.888888888888889,2.888888888888889,41.0,3.3333333333333335,5.222222222222222,31.22222222222222,3.888888888888889,36.44444444444444,16.555555555555557,14.11111111111111,0.0,관악구,보라매동,1162052500,14.0
320,0.3333333333333333,0.7777777777777778,0.0,0.5555555555555556,0.0,17.77777777777778,0.3333333333333333,7.888888888888889,2.888888888888889,41.0,3.3333333333333335,5.222222222222222,31.22222222222222,3.888888888888889,36.44444444444444,16.555555555555557,14.11111111111111,0.0,관악구,청림동,1162054500,6.0
321,0.3333333333333333,0.7777777777777778,0.0,0.5555555555555556,0.0,17.77777777777778,0.3333333333333333,7.888888888888889,2.888888888888889,41.0,3.3333333333333335,5.222222222222222,31.22222222222222,3.888888888888889,36.44444444444444,16.555555555555557,14.11111111111111,0.0,관악구,성현동,1162056500,15.0
322,0.3333333333333333,0.7777777777777778,0.0,0.5555555555555556,0.0,17.77777777777778,0.3333333333333333,7.888888888888889,2.888888888888889,41.0,3.3333333333333335,5.222222222222222,31.22222222222222,3.888888888888889,36.44444444444444,16.555555555555557,14.11111111111111,0.0,관악구,행운동,1162057500,6.0
323,0.3333333333333333,0.7777777777777778,0.0,0.5555555555555556,0.0,17.77777777777778,0.3333333333333333,7.888888888888889,2.888888888888889,41.0,3.3333333333333335,5.222222222222222,31.22222222222222,3.888888888888889,36.44444444444444,16.555555555555557,14.11111111111111,0.0,관악구,낙성대동,1162058500,14.0
324,0.3333333333333333,0.7777777777777778,0.0,0.5555555555555556,0.0,17.77777777777778,0.3333333333333333,7.888888888888889,2.888888888888889,41.0,3.3333333333333335,5.222222222222222,31.22222222222222,3.888888888888889,36.44444444444444,16.555555555555557,14.11111111111111,0.0,관악구,청룡동,1162059500,8.0
325,0.3333333333333333,0.7777777777777778,0.0,0.5555555555555556,0.0,17.77777777777778,0.3333333333333333,7.888888888888889,2.888888888888889,41.0,3.3333333333333335,5.222222222222222,31.22222222222222,3.888888888888889,36.44444444444444,16.555555555555557,14.11111111111111,0.0,관악구,은천동,1162060500,22.0
326,0.3333333333333333,0.7777777777777778,0.0,0.5555555555555556,0.0,17.77777777777778,0.3333333333333333,7.888888888888889,2.888888888888889,41.0,3.3333333333333335,5.222222222222222,31.22222222222222,3.888888888888889,36.44444444444444,16.555555555555557,14.11111111111111,0.0,관악구,중앙동,1162061500,8.0
327,0.3333333333333333,0.7777777777777778,0.0,0.5555555555555556,0.0,17.77777777777778,0.3333333333333333,7.888888888888889,2.888888888888889,41.0,3.3333333333333335,5.222222222222222,31.22222222222222,3.888888888888889,36.44444444444444,16.555555555555557,14.11111111111111,0.0,관악구,인헌동,1162062500,12.0
328,0.0,1.0,0.0,1.0,0.0,0.0,1.0,5.0,2.0,24.0,2.0,2.0,25.0,5.0,11.0,14.0,13.0,0.0,관악구,남현동,1162063000,9.0
329,0.09090909090909091,0.36363636363636365,0.0,0.9090909090909091,0.09090909090909091,9.090909090909092,0.18181818181818182,6.0,1.2727272727272727,27.09090909090909,2.3636363636363638,4.181818181818182,27.363636363636363,3.6363636363636362,42.45454545454545,11.818181818181818,14.545454545454545,0.0,관악구,서원동,1162064500,11.0
330,0.09090909090909091,0.36363636363636365,0.0,0.9090909090909091,0.09090909090909091,9.090909090909092,0.18181818181818182,6.0,1.2727272727272727,27.09090909090909,2.3636363636363638,4.181818181818182,27.363636363636363,3.6363636363636362,42.45454545454545,11.818181818181818,14.545454545454545,0.0,관악구,신원동,1162065500,6.0
331,0.09090909090909091,0.36363636363636365,0.0,0.9090909090909091,0.09090909090909091,9.090909090909092,0.18181818181818182,6.0,1.2727272727272727,27.09090909090909,2.3636363636363638,4.181818181818182,27.363636363636363,3.6363636363636362,42.45454545454545,11.818181818181818,14.545454545454545,0.0,관악구,서림동,1162066500,12.0
332,0.09090909090909091,0.36363636363636365,0.0,0.9090909090909091,0.09090909090909091,9.090909090909092,0.18181818181818182,6.0,1.2727272727272727,27.09090909090909,2.3636363636363638,4.181818181818182,27.363636363636363,3.6363636363636362,42.45454545454545,11.818181818181818,14.545454545454545,0.0,관악구,신사동,1162068500,13.0
333,0.09090909090909091,0.36363636363636365,0.0,0.9090909090909091,0.09090909090909091,9.090909090909092,0.18181818181818182,6.0,1.2727272727272727,27.09090909090909,2.3636363636363638,4.181818181818182,27.363636363636363,3.6363636363636362,42.45454545454545,11.818181818181818,14.545454545454545,0.0,관악구,신림동,1162069500,79.0
334,0.09090909090909091,0.36363636363636365,0.0,0.9090909090909091,0.09090909090909091,9.090909090909092,0.18181818181818182,6.0,1.2727272727272727,27.09090909090909,2.3636363636363638,4.181818181818182,27.363636363636363,3.6363636363636362,42.45454545454545,11.818181818181818,14.545454545454545,0.0,관악구,난향동,1162071500,9.0
335,0.09090909090909091,0.36363636363636365,0.0,0.9090909090909091,0.09090909090909091,9.090909090909092,0.18181818181818182,6.0,1.2727272727272727,27.09090909090909,2.3636363636363638,4.181818181818182,27.363636363636363,3.6363636363636362,42.45454545454545,11.818181818181818,14.545454545454545,0.0,관악구,조원동,1162072500,14.0
336,0.09090909090909091,0.36363636363636365,0.0,0.9090909090909091,0.09090909090909091,9.090909090909092,0.18181818181818182,6.0,1.2727272727272727,27.09090909090909,2.3636363636363638,4.181818181818182,27.363636363636363,3.6363636363636362,42.45454545454545,11.818181818181818,14.545454545454545,0.0,관악구,대학동,1162073500,29.0
337,0.09090909090909091,0.36363636363636365,0.0,0.9090909090909091,0.09090909090909091,9.090909090909092,0.18181818181818182,6.0,1.2727272727272727,27.09090909090909,2.3636363636363638,4.181818181818182,27.363636363636363,3.6363636363636362,42.45454545454545,11.818181818181818,14.545454545454545,0.0,관악구,삼성동,1162074500,16.0
338,0.09090909090909091,0.36363636363636365,0.0,0.9090909090909091,0.09090909090909091,9.090909090909092,0.18181818181818182,6.0,1.2727272727272727,27.09090909090909,2.3636363636363638,4.181818181818182,27.363636363636363,3.6363636363636362,42.45454545454545,11.818181818181818,14.545454545454545,0.0,관악구,미성동,1162076500,18.0
339,0.09090909090909091,0.36363636363636365,0.0,0.9090909090909091,0.09090909090909091,9.090909090909092,0.18181818181818182,6.0,1.2727272727272727,27.09090909090909,2.3636363636363638,4.181818181818182,27.363636363636363,3.6363636363636362,42.45454545454545,11.818181818181818,14.545454545454545,0.0,관악구,난곡동,1162077500,9.0
340,1.25,5.25,0.0,0.0,0.75,45.0,1.0,30.0,16.75,129.75,6.0,7.25,91.5,9.25,41.25,27.75,30.0,0.0,서초구,서초1동,1165051000,24.0
341,1.25,5.25,0.0,0.0,0.75,45.0,1.0,30.0,16.75,129.75,6.0,7.25,91.5,9.25,41.25,27.75,30.0,0.0,서초구,서초2동,1165052000,30.0
342,1.5833333333333333,6.75,0.3333333333333333,0.3333333333333333,0.9166666666666666,68.33333333333333,1.1666666666666667,39.333333333333336,22.416666666666668,199.58333333333331,11.666666666666668,12.25,126.5,12.083333333333334,62.91666666666667,43.91666666666667,41.333333333333336,0.0,서초구,서초3동,1165053000,42.0
343,1.25,5.25,0.0,0.0,0.75,45.0,1.0,30.0,16.75,129.75,6.0,7.25,91.5,9.25,41.25,27.75,30.0,0.0,서초구,서초4동,1165053100,31.0
344,0.5,2.5,0.0,0.0,0.0,25.0,0.0,8.0,6.5,141.5,5.0,6.5,31.5,2.5,32.0,29.0,11.0,0.5,서초구,잠원동,1165054000,21.0
345,1.5,2.25,1.25,0.5,0.0,22.5,0.5,9.75,6.0,107.0,5.5,6.25,35.25,3.0,28.75,25.75,11.5,0.25,서초구,반포본동,1165055000,4.0
346,1.5,2.25,1.25,0.5,0.0,22.5,0.5,9.75,6.0,107.0,5.5,6.25,35.25,3.0,28.75,25.75,11.5,0.25,서초구,반포1동,1165056000,16.0
347,1.5,2.25,1.25,0.5,0.0,22.5,0.5,9.75,6.0,107.0,5.5,6.25,35.25,3.0,28.75,25.75,11.5,0.25,서초구,반포2동,1165057000,13.0
348,0.5,2.5,0.0,0.0,0.0,25.0,0.0,8.0,6.5,141.5,5.0,6.5,31.5,2.5,32.0,29.0,11.0,0.5,서초구,반포3동,1165058000,11.0
349,1.5,2.25,1.25,0.5,0.0,22.5,0.5,9.75,6.0,107.0,5.5,6.25,35.25,3.0,28.75,25.75,11.5,0.25,서초구,반포4동,1165058100,18.0
350,0.3333333333333333,1.5,0.3333333333333333,0.3333333333333333,0.16666666666666666,23.333333333333332,0.16666666666666666,9.333333333333334,5.666666666666667,69.83333333333333,5.666666666666667,5.0,35.0,2.8333333333333335,21.666666666666668,16.166666666666668,11.333333333333334,0.0,서초구,방배본동,1165059000,14.0
351,0.3333333333333333,1.5,0.3333333333333333,0.3333333333333333,0.16666666666666666,23.333333333333332,0.16666666666666666,9.333333333333334,5.666666666666667,69.83333333333333,5.666666666666667,5.0,35.0,2.8333333333333335,21.666666666666668,16.166666666666668,11.333333333333334,0.0,서초구,방배1동,1165060000,14.0
352,0.3333333333333333,1.5,0.3333333333333333,0.3333333333333333,0.16666666666666666,23.333333333333332,0.16666666666666666,9.333333333333334,5.666666666666667,69.83333333333333,5.666666666666667,5.0,35.0,2.8333333333333335,21.666666666666668,16.166666666666668,11.333333333333334,0.0,서초구,방배2동,1165061000,20.0
353,0.3333333333333333,1.5,0.3333333333333333,0.3333333333333333,0.16666666666666666,23.333333333333332,0.16666666666666666,9.333333333333334,5.666666666666667,69.83333333333333,5.666666666666667,5.0,35.0,2.8333333333333335,21.666666666666668,16.166666666666668,11.333333333333334,0.0,서초구,방배3동,1165062000,26.0
354,0.3333333333333333,1.5,0.3333333333333333,0.3333333333333333,0.16666666666666666,23.333333333333332,0.16666666666666666,9.333333333333334,5.666666666666667,69.83333333333333,5.666666666666667,5.0,35.0,2.8333333333333335,21.666666666666668,16.166666666666668,11.333333333333334,0.0,서초구,방배4동,1165062100,18.0
355,1.5,1.5,0.5,1.5,1.0,35.0,0.5,18.0,10.5,123.5,9.0,20.0,108.0,12.0,55.5,56.0,36.5,0.0,서초구,양재1동,1165065100,46.0
356,1.5,1.5,0.5,1.5,1.0,15.0,0.5,10.0,9.5,52.5,5.0,13.0,80.0,9.0,33.5,27.0,26.5,0.0,서초구,양재2동,1165065200,32.0
357,0.0,1.0,0.0,0.0,0.0,30.0,0.0,0.0,0.0,26.0,2.0,18.0,28.0,0.0,13.0,22.0,7.0,0.0,서초구,내곡동,1165066000,35.0
358,0.5,4.5,0.0,0.5,1.0,5.0,0.0,29.5,14.5,253.0,10.0,6.5,130.0,4.0,144.0,8.5,33.0,1.5,강남구,신사동,1168051000,26.0
359,1.5,6.0,0.0,0.5,1.0,5.0,0.0,38.5,24.0,89.0,11.0,5.5,135.5,12.0,251.0,4.0,51.5,0.0,강남구,논현1동,1168052100,7.0
360,1.5,6.0,0.0,0.5,1.0,5.0,0.0,38.5,24.0,89.0,11.0,5.5,135.5,12.0,251.0,4.0,51.5,0.0,강남구,논현2동,1168053100,4.0
361,0.5,4.5,0.0,0.5,1.0,5.0,0.0,29.5,14.5,253.0,10.0,6.5,130.0,4.0,144.0,8.5,33.0,1.5,강남구,압구정동,1168054500,13.0
362,0.0,6.0,0.0,0.0,1.0,10.0,3.0,60.0,28.0,119.0,24.0,5.0,101.0,3.0,214.0,5.0,41.0,1.0,강남구,청담동,1168056500,23.0
363,1.0,7.5,0.0,0.0,1.0,20.0,0.0,19.0,19.5,70.5,8.0,9.0,114.0,9.5,148.0,1.0,35.5,0.5,강남구,삼성1동,1168058000,20.0
364,1.0,7.5,0.0,0.0,1.0,20.0,0.0,19.0,19.5,70.5,8.0,9.0,114.0,9.5,148.0,1.0,35.5,0.5,강남구,삼성2동,1168059000,6.0
365,0.5,4.0,0.0,0.5,0.25,20.0,0.25,14.5,13.0,405.0,4.0,5.0,62.5,5.0,91.75,2.75,21.0,0.25,강남구,대치1동,1168060000,11.0
366,0.5,4.0,0.0,0.5,0.25,20.0,0.25,14.5,13.0,405.0,4.0,5.0,62.5,5.0,91.75,2.75,21.0,0.25,강남구,대치2동,1168061000,18.0
367,0.5,4.0,0.0,0.5,0.25,20.0,0.25,14.5,13.0,405.0,4.0,5.0,62.5,5.0,91.75,2.75,21.0,0.25,강남구,대치4동,1168063000,8.0
368,2.0,12.5,0.0,1.0,1.0,30.0,1.0,45.0,33.0,194.0,15.0,11.5,251.5,19.0,215.0,7.0,81.0,0.0,강남구,역삼1동,1168064000,28.0
369,2.0,12.5,0.0,1.0,1.0,30.0,1.0,45.0,33.0,194.0,15.0,11.5,251.5,19.0,215.0,7.0,81.0,0.0,강남구,역삼2동,1168065000,15.0
370,1.5,1.0,0.0,1.0,0.0,0.0,0.5,13.5,12.0,81.0,5.0,4.5,41.5,3.5,83.0,4.5,13.5,0.0,강남구,도곡1동,1168065500,23.0
371,1.5,1.0,0.0,1.0,0.0,0.0,0.5,13.5,12.0,81.0,5.0,4.5,41.5,3.5,83.0,4.5,13.5,0.0,강남구,도곡2동,1168065600,14.0
372,0.5,0.25,0.0,0.0,0.0,7.5,0.0,3.0,3.5,48.75,4.0,5.5,17.25,2.75,82.5,3.25,7.25,0.0,강남구,개포1동,1168066000,13.0
373,1.25,0.25,0.0,0.25,0.0,15.0,0.25,4.75,6.75,75.25,6.0,8.25,26.5,3.5,107.25,4.25,10.5,0.0,강남구,개포2동,1168067000,20.0
374,0.5,0.25,0.0,0.0,0.0,7.5,0.0,3.0,3.5,48.75,4.0,5.5,17.25,2.75,82.5,3.25,7.25,0.0,강남구,개포4동,1168069000,19.0
375,0.0,1.0,0.0,0.0,0.0,30.0,3.0,4.0,4.0,87.0,8.0,19.0,40.0,4.0,97.0,7.0,23.0,0.0,강남구,세곡동,1168070000,34.0
376,1.4166666666666665,0.6666666666666666,0.0,0.25,0.0,14.166666666666668,0.25,3.083333333333333,5.25,35.833333333333336,2.6666666666666665,4.75,21.25,2.083333333333333,48.08333333333333,1.3333333333333333,7.583333333333333,0.0,강남구,일원본동,1168072000,19.0
377,1.4166666666666665,0.6666666666666666,0.0,0.25,0.0,14.166666666666668,0.25,3.083333333333333,5.25,35.833333333333336,2.6666666666666665,4.75,21.25,2.083333333333333,48.08333333333333,1.3333333333333333,7.583333333333333,0.0,강남구,일원1동,1168073000,9.0
378,1.75,4.25,0.0,0.75,0.25,35.0,0.5,19.25,19.75,480.25,10.0,13.25,89.0,8.5,199.0,7.0,31.5,0.25,강남구,일원2동,1168074000,7.0
379,0.6666666666666666,0.6666666666666666,0.0,0.0,0.0,6.666666666666667,0.0,1.3333333333333333,2.0,9.333333333333334,0.6666666666666666,2.0,12.0,1.3333333333333333,23.333333333333332,0.3333333333333333,4.333333333333333,0.0,강남구,수서동,1168075000,14.0
380,0.0,0.0,0.0,0.0,0.0,20.0,0.0,3.0,1.5,45.5,2.0,7.5,11.0,1.5,13.5,3.0,5.5,0.0,송파구,풍납1동,1171051000,5.0
381,0.0,0.0,0.0,0.0,0.0,20.0,0.0,3.0,1.5,45.5,2.0,7.5,11.0,1.5,13.5,3.0,5.5,0.0,송파구,풍납2동,1171052000,21.0
382,0.3333333333333333,0.3333333333333333,0.0,0.6666666666666666,0.0,66.66666666666667,0.0,3.6666666666666665,1.6666666666666667,33.0,4.0,4.333333333333333,8.666666666666666,0.6666666666666666,4.333333333333333,6.333333333333333,5.333333333333333,0.0,송파구,거여1동,1171053100,3.0
383,0.3333333333333333,0.3333333333333333,0.0,0.6666666666666666,0.0,66.66666666666667,0.0,3.6666666666666665,1.6666666666666667,33.0,4.0,4.333333333333333,8.666666666666666,0.6666666666666666,4.333333333333333,6.333333333333333,5.333333333333333,0.0,송파구,거여2동,1171053200,9.0
384,0.0,0.5,0.0,0.5,0.0,0.0,0.0,1.0,1.5,25.5,2.0,5.0,10.5,3.5,12.5,7.0,5.0,0.0,송파구,마천1동,1171054000,8.0
385,0.0,0.5,0.0,0.5,0.0,0.0,0.0,1.0,1.5,25.5,2.0,5.0,10.5,3.5,12.5,7.0,5.0,0.0,송파구,마천2동,1171055000,4.0
386,1.3333333333333333,1.3333333333333333,0.3333333333333333,0.3333333333333333,0.0,13.333333333333334,2.0,10.333333333333334,5.666666666666667,90.66666666666667,4.0,9.0,27.0,3.6666666666666665,9.666666666666666,6.666666666666667,10.333333333333334,0.0,송파구,방이1동,1171056100,4.0
387,1.3333333333333333,1.3333333333333333,0.3333333333333333,0.3333333333333333,0.0,13.333333333333334,2.0,10.333333333333334,5.666666666666667,90.66666666666667,4.0,9.0,27.0,3.6666666666666665,9.666666666666666,6.666666666666667,10.333333333333334,0.0,송파구,방이2동,1171056200,8.0
388,1.3333333333333333,1.3333333333333333,0.3333333333333333,0.3333333333333333,0.0,13.333333333333334,2.0,10.333333333333334,5.666666666666667,90.66666666666667,4.0,9.0,27.0,3.6666666666666665,9.666666666666666,6.666666666666667,10.333333333333334,0.0,송파구,오륜동,1171056600,15.0
389,2.0,1.0,0.0,0.0,0.0,70.0,0.0,12.0,13.0,148.0,16.0,13.0,28.0,4.0,25.0,5.0,16.0,0.0,송파구,오금동,1171057000,24.0
390,0.0,1.0,0.0,0.5,0.5,15.0,0.0,15.5,4.5,82.0,9.0,4.5,34.5,3.0,11.5,8.0,9.5,0.0,송파구,송파1동,1171058000,7.0
391,0.0,1.0,0.0,0.5,0.5,15.0,0.0,15.5,4.5,82.0,9.0,4.5,34.5,3.0,11.5,8.0,9.5,0.0,송파구,송파2동,1171059000,6.0
392,2.0,1.0,0.0,1.0,0.0,30.0,1.0,18.0,6.0,112.0,10.0,3.0,39.0,5.0,21.0,15.0,19.0,0.0,송파구,석촌동,1171060000,14.0
393,0.0,1.0,0.0,2.0,0.0,20.0,0.0,19.0,8.0,127.0,10.0,5.0,30.0,5.0,14.0,11.0,14.0,0.0,송파구,삼전동,1171061000,10.0
394,1.6666666666666667,1.3333333333333333,0.0,0.3333333333333333,0.3333333333333333,53.333333333333336,0.3333333333333333,6.666666666666667,6.333333333333333,73.66666666666667,3.3333333333333335,6.0,33.666666666666664,3.0,12.666666666666666,10.333333333333334,9.0,0.0,송파구,가락본동,1171062000,10.0
395,1.6666666666666667,1.3333333333333333,0.0,0.3333333333333333,0.3333333333333333,53.333333333333336,0.3333333333333333,6.666666666666667,6.333333333333333,73.66666666666667,3.3333333333333335,6.0,33.666666666666664,3.0,12.666666666666666,10.333333333333334,9.0,0.0,송파구,가락1동,1171063100,8.0
396,1.6666666666666667,1.3333333333333333,0.0,0.3333333333333333,0.3333333333333333,53.333333333333336,0.3333333333333333,6.666666666666667,6.333333333333333,73.66666666666667,3.3333333333333335,6.0,33.666666666666664,3.0,12.666666666666666,10.333333333333334,9.0,0.0,송파구,가락2동,1171063200,8.0
397,0.0,1.6666666666666667,0.0,0.6666666666666666,0.0,16.666666666666668,0.6666666666666666,11.666666666666666,5.333333333333333,53.0,5.333333333333333,9.0,52.333333333333336,5.666666666666667,5.0,6.0,10.666666666666666,0.0,송파구,문정1동,1171064100,7.0
398,0.6666666666666666,2.0,0.0,0.6666666666666666,0.0,60.0,1.0,14.333333333333332,5.333333333333333,94.66666666666666,6.666666666666666,16.666666666666668,61.333333333333336,7.666666666666667,8.333333333333334,10.333333333333332,13.666666666666666,0.0,송파구,문정2동,1171064200,14.0
399,0.6666666666666666,2.0,0.0,0.6666666666666666,0.0,60.0,1.0,14.333333333333332,5.333333333333333,94.66666666666666,6.666666666666666,16.666666666666668,61.333333333333336,7.666666666666667,8.333333333333334,10.333333333333332,13.666666666666666,0.0,송파구,장지동,1171064600,43.0
400,1.0,0.6666666666666666,0.0,0.6666666666666666,0.0,110.0,0.3333333333333333,6.333333333333333,1.6666666666666667,74.66666666666666,5.333333333333333,12.0,17.666666666666664,2.6666666666666665,7.666666666666666,10.666666666666666,8.333333333333332,0.0,송파구,위례동,1171064700,2.0
401,1.0,0.75,3.0,0.0,0.5,0.0,0.75,10.5,3.75,70.0,5.0,7.5,27.5,2.75,12.0,9.0,6.0,0.25,송파구,잠실본동,1171065000,10.0
402,1.0,0.75,3.0,0.0,0.5,0.0,0.75,10.5,3.75,70.0,5.0,7.5,27.5,2.75,12.0,9.0,6.0,0.25,송파구,잠실2동,1171067000,7.0
403,1.0,0.75,3.0,0.0,0.5,0.0,0.75,10.5,3.75,70.0,5.0,7.5,27.5,2.75,12.0,9.0,6.0,0.25,송파구,잠실3동,1171068000,20.0
404,1.0,1.5,0.0,0.0,0.0,10.0,0.5,7.5,2.5,54.5,3.0,7.0,31.5,3.5,11.0,6.0,3.5,0.5,송파구,잠실4동,1171069000,5.0
405,1.0,1.5,0.0,0.0,0.0,10.0,0.5,7.5,2.5,54.5,3.0,7.0,31.5,3.5,11.0,6.0,3.5,0.5,송파구,잠실6동,1171071000,11.0
406,1.0,0.75,3.0,0.0,0.5,0.0,0.75,10.5,3.75,70.0,5.0,7.5,27.5,2.75,12.0,9.0,6.0,0.25,송파구,잠실7동,1171072000,2.0
407,0.0,1.0,0.0,0.0,0.0,70.0,0.0,3.0,1.0,80.0,4.0,15.0,16.0,10.0,16.0,9.0,16.0,0.0,강동구,강일동,1174051500,40.0
408,0.0,0.5,0.0,0.0,0.5,65.0,0.0,2.5,3.0,18.5,2.0,6.0,19.5,1.0,20.5,10.0,8.0,0.0,강동구,상일1동,1174052500,13.5
409,0.0,0.5,0.0,0.0,0.5,65.0,0.0,2.5,3.0,18.5,2.0,6.0,19.5,1.0,20.5,10.0,8.0,0.0,강동구,상일2동,1174052600,13.5
410,0.5,1.5,0.0,1.0,0.0,10.0,1.5,8.5,6.0,171.5,3.0,6.5,35.0,5.5,29.0,4.5,10.0,0.0,강동구,명일1동,1174053000,10.0
411,0.5,1.5,0.0,1.0,0.0,10.0,1.5,8.5,6.0,171.5,3.0,6.5,35.0,5.5,29.0,4.5,10.0,0.0,강동구,명일2동,1174054000,12.0
412,0.0,0.5,0.0,0.0,0.0,40.0,0.5,3.0,0.5,55.0,4.0,7.5,23.0,1.0,45.0,3.5,7.0,0.0,강동구,고덕1동,1174055000,14.0
413,0.0,0.5,0.0,0.0,0.0,40.0,0.5,3.0,0.5,55.0,4.0,7.5,23.0,1.0,45.0,3.5,7.0,0.0,강동구,고덕2동,1174056000,11.0
414,0.3333333333333333,0.3333333333333333,0.0,0.6666666666666666,0.0,10.0,1.3333333333333333,5.333333333333333,2.6666666666666665,65.66666666666667,3.3333333333333335,3.6666666666666665,23.333333333333332,1.3333333333333333,44.333333333333336,3.6666666666666665,11.0,0.0,강동구,암사1동,1174057000,8.0
415,0.3333333333333333,0.3333333333333333,0.0,0.6666666666666666,0.0,10.0,1.3333333333333333,5.333333333333333,2.6666666666666665,65.66666666666667,3.3333333333333335,3.6666666666666665,23.333333333333332,1.3333333333333333,44.333333333333336,3.6666666666666665,11.0,0.0,강동구,암사2동,1174058000,11.0
416,0.3333333333333333,0.3333333333333333,0.0,0.6666666666666666,0.0,10.0,1.3333333333333333,5.333333333333333,2.6666666666666665,65.66666666666667,3.3333333333333335,3.6666666666666665,23.333333333333332,1.3333333333333333,44.333333333333336,3.6666666666666665,11.0,0.0,강동구,암사3동,1174059000,14.0
417,0.3333333333333333,1.3333333333333333,0.0,1.0,0.3333333333333333,23.333333333333332,2.0,4.666666666666667,2.3333333333333335,41.333333333333336,2.6666666666666665,5.0,43.666666666666664,5.666666666666667,88.66666666666667,4.0,22.666666666666668,0.3333333333333333,강동구,천호1동,1174060000,9.0
418,0.3333333333333333,1.3333333333333333,0.0,1.0,0.3333333333333333,23.333333333333332,2.0,4.666666666666667,2.3333333333333335,41.333333333333336,2.6666666666666665,5.0,43.666666666666664,5.666666666666667,88.66666666666667,4.0,22.666666666666668,0.3333333333333333,강동구,천호2동,1174061000,14.0
419,0.3333333333333333,1.3333333333333333,0.0,1.0,0.3333333333333333,23.333333333333332,2.0,4.666666666666667,2.3333333333333335,41.333333333333336,2.6666666666666665,5.0,43.666666666666664,5.666666666666667,88.66666666666667,4.0,22.666666666666668,0.3333333333333333,강동구,천호3동,1174062000,4.0
420,1.3333333333333333,1.3333333333333333,0.0,0.6666666666666666,0.0,16.666666666666668,0.6666666666666666,10.0,4.666666666666667,63.333333333333336,5.333333333333333,6.0,47.666666666666664,6.666666666666667,52.0,4.0,19.333333333333332,0.0,강동구,성내1동,1174064000,5.0
421,1.3333333333333333,1.3333333333333333,0.0,0.6666666666666666,0.0,16.666666666666668,0.6666666666666666,10.0,4.666666666666667,63.333333333333336,5.333333333333333,6.0,47.666666666666664,6.666666666666667,52.0,4.0,19.333333333333332,0.0,강동구,성내2동,1174065000,11.0
422,1.3333333333333333,1.3333333333333333,0.0,0.6666666666666666,0.0,16.666666666666668,0.6666666666666666,10.0,4.666666666666667,63.333333333333336,5.333333333333333,6.0,47.666666666666664,6.666666666666667,52.0,4.0,19.333333333333332,0.0,강동구,성내3동,1174066000,9.0
423,0.0,2.0,0.0,1.0,0.0,20.0,1.0,18.0,9.0,100.0,16.0,9.0,63.0,10.0,119.0,10.0,38.0,0.0,강동구,길동,1174068500,28.0
424,0.5,0.0,0.0,0.0,0.5,0.0,0.0,4.0,3.0,38.0,3.0,5.5,17.5,2.0,32.5,0.0,8.5,0.0,강동구,둔촌1동,1174069000,4.0
425,0.5,0.0,0.0,0.0,0.5,0.0,0.0,4.0,3.0,38.0,3.0,5.5,17.5,2.0,32.5,0.0,8.5,0.0,강동구,둔촌2동,1174070000,20.0
